Date,Price,Units Sold,Mean_Knife_Value,ROI,estimated_drops,Avg. Players,cs_go_weapon_Price,cs_go_weapon_2_Price,cs_go_weapon_3_Price,esports_2013_Price,esports_2013_winter_Price,esports_2014_summer_Price,operation_vanguard_Price,revolver_Price,winter_offensive_weapon_Price
2013-09-21,18.04,1007.0,94.07194535221498,1.1033793686229383,22529,27827.7,0.33,,,,,,,,
2013-09-22,8.13,4036.0,93.43697978697652,1.1810222355825422,22535,27835.14,0.26,,,,,,,,
2013-09-23,6.65,3384.0,94.50736313846527,1.0532288040155653,22541,27842.579999999998,0.22,,,,,,,,
2013-09-24,6.17,3571.0,97.17881327160494,1.0267716815822585,22547,27850.02,0.2,,,,,,,,
2013-09-25,5.93,3264.0,96.92645630597919,0.9817194996405337,22553,27857.46,0.2,,,,,,,,
2013-09-26,5.91,3095.0,96.11213326071172,1.00612327723129,22559,27864.899999999998,0.2,,,,,,,,
2013-09-27,6.15,3584.0,99.39581088114261,0.9437529863198457,22565,27872.34,0.2,,,,,,,,
2013-09-28,5.74,4070.0,100.75493818082789,0.9733692380019857,22571,27879.78,0.19,,,,,,,,
2013-09-29,4.23,5392.0,102.88944371822807,1.0476683254874146,22577,27887.219999999998,0.16,,,,,,,,
2013-09-30,4.64,4804.0,104.81900438755747,0.9015582910618792,22584,27894.66,0.16,,,,,,,,
2013-10-01,4.54,4202.0,106.9498409888647,0.9134071660640496,21861,27902.1,0.16,,,,,,,,
2013-10-02,4.49,3648.0,107.38449207213749,0.9648730285906271,21911,27966.24193548387,0.15,,,,,,,,
2013-10-03,4.5,3875.0,107.66833989954003,0.9633606889285714,21961,28030.38387096774,0.14,,,,,,,,
2013-10-04,4.47,3597.0,109.18606076010653,0.965215159895222,22012,28094.525806451613,0.15,,,,,,,,
2013-10-05,4.18,4401.0,110.51985427257323,0.993294593120577,22062,28158.667741935482,0.14,,,,,,,,
2013-10-06,3.63,5387.0,110.97109667755988,1.0278089600079094,22112,28222.809677419355,0.12,,,,,,,,
2013-10-07,3.41,5050.0,111.03267807431614,1.0139913739424702,22162,28286.951612903224,0.12,,,,,,,,
2013-10-08,3.53,4501.0,114.44146208545145,1.000878168061209,22213,28351.093548387096,0.12,,,,,,,,
2013-10-09,3.49,4444.0,117.27268563907046,0.960759306988921,22263,28415.235483870965,0.12,,,,,,,,
2013-10-10,3.52,3995.0,116.44812666424595,0.9338048507122725,22313,28479.377419354838,0.12,,,,,,,,
2013-10-11,3.34,5038.0,117.34407056402809,0.9855393403902032,22363,28543.519354838707,0.12,,,,,,,,
2013-10-12,2.85,6445.0,117.76894247760832,0.9941340374114981,22414,28607.66129032258,0.1,,,,,,,,
2013-10-13,2.44,7957.0,118.31125850278386,1.0505071977058031,22464,28671.803225806452,0.09,,,,,,,,
2013-10-14,2.28,7349.0,119.71549013556039,1.0545201314346395,22514,28735.94516129032,0.08,,,,,,,,
2013-10-15,2.31,6963.0,123.87353951827644,1.034764861100611,22564,28800.087096774194,0.08,,,,,,,,
2013-10-16,2.3,6554.0,120.77785336480268,1.05763906958649,22615,28864.229032258063,0.08,,,,,,,,
2013-10-17,2.38,5773.0,124.42955047204066,1.0096299063586687,22665,28928.370967741936,0.08,,,,,,,,
2013-10-18,2.44,6302.0,125.20019017792302,0.9915268023555392,22715,28992.512903225805,0.08,,,,,,,,
2013-10-19,2.24,7744.0,126.01910342532074,0.9949569100978134,22765,29056.654838709677,0.07,,,,,,,,
2013-10-20,2.03,8689.0,126.92128004720405,0.9988516676533551,22816,29120.796774193546,0.07,,,,,,,,
2013-10-21,2.06,7920.0,128.48976422173806,0.9592065134070974,22866,29184.93870967742,0.06,,,,,,,,
2013-10-22,2.01,6765.0,127.31494601791331,0.9676349099811867,22916,29249.080645161288,0.06,,,,,,,,
2013-10-23,2.0,7152.0,130.580484174534,0.9694148100505049,22966,29313.22258064516,0.07,,,,,,,,
2013-10-24,2.0,6801.0,133.57074782135075,0.9818184835353535,23017,29377.364516129033,0.06,,,,,,,,
2013-10-25,2.11,8028.0,134.26953165093198,0.9414171901827383,23067,29441.506451612902,0.07,,,,,,,,
2013-10-26,2.01,8222.0,136.3580337388042,0.942749805247598,23117,29505.648387096775,0.06,,,,,,,,
2013-10-27,1.89,9416.0,136.21855679617525,0.9404969793608062,23167,29569.790322580644,0.06,,,,,,,,
2013-10-28,1.81,8200.0,140.11413041636408,0.9675598374112352,23218,29633.932258064517,0.06,,,,,,,,
2013-10-29,1.8,8390.0,137.53263174776086,0.9533011629316417,23268,29698.074193548386,0.06,,,,,,,,
2013-10-30,1.79,7848.0,135.26812636165573,0.9112925676697038,23318,29762.21612903226,0.06,,,,,,,,
2013-10-31,1.74,7319.0,137.22595122246432,0.8979926171383648,23368,29826.358064516127,0.06,,,,,,,,
2013-11-01,1.77,7381.0,138.48116279351245,0.9540412377581436,24199,29890.5,0.06,,,,,,,,
2013-11-02,1.73,7661.0,140.7459724037763,0.9108043877068556,24655,30453.76,0.05,,,,,,,,
2013-11-03,1.6,7379.0,139.26891591019125,0.9265991191796009,25111,31017.02,0.05,,,,,,,,
2013-11-04,1.45,7786.0,140.3434993645606,0.9503750669159953,25567,31580.28,0.05,,,,,,,,
2013-11-05,1.4,8078.0,137.01431896030016,0.9445461844599844,26023,32143.54,0.05,,,,,,,,
2013-11-06,1.42,7740.0,137.39492625877512,0.9308958994666049,26479,32706.8,0.05,,,,,,,,
2013-11-07,1.55,6733.0,138.8048606874849,0.9092422760381595,26935,33270.06,0.05,11.23,,,,,,,
2013-11-08,1.14,9048.0,139.70223744250785,0.90426017511655,20544,33833.32,0.05,3.85,,,,,,,
2013-11-09,0.77,10210.0,140.8829809670782,0.9084907339912891,20886,34396.58,0.04,1.47,,,,,,,
2013-11-10,0.57,10498.0,136.61385993100944,0.9257274990622841,21228,34959.840000000004,0.04,0.83,,,,,,,
2013-11-11,0.57,8599.0,137.69668349068021,0.905735927721844,21570,35523.1,0.04,0.89,,,,,,,
2013-11-12,0.59,8836.0,137.51319199346403,0.8956284248308326,21912,36086.36,0.04,0.91,,,,,,,
2013-11-13,0.63,7232.0,135.15356048777534,0.891051972722432,22254,36649.62,0.05,0.88,,,,,,,
2013-11-14,0.59,7301.0,135.9681122912128,0.9485503677552221,22596,37212.880000000005,0.05,0.7,,,,,,,
2013-11-15,0.53,7835.0,137.49962506051807,0.9747030753075305,22938,37776.14,0.04,0.46,,,,,,,
2013-11-16,0.54,8720.0,138.607422567175,0.9843035446820175,23280,38339.4,0.05,0.42,,,,,,,
2013-11-17,0.47,10207.0,135.4996190389736,0.9757886652892562,23622,38902.66,0.05,0.29,,,,,,,
2013-11-18,0.48,8844.0,135.03346384047444,0.9563310240237949,23964,39465.92,0.05,0.25,,,,,,,
2013-11-19,0.53,9297.0,135.2868007141128,0.9830223749124912,24306,40029.18,0.05,0.29,,,,,,,
2013-11-20,0.62,7619.0,137.74929339143065,0.9650176896853148,24648,40592.44,0.06,0.35,,,,,,,
2013-11-21,0.58,8430.0,137.88478688574196,0.9796382659632034,24990,41155.700000000004,0.05,0.29,,,,,,,
2013-11-22,0.6,9098.0,138.6618561486323,0.9463645541544476,25332,41718.96000000001,0.05,0.23,,,,,,,
2013-11-23,0.56,10196.0,139.03718113047688,0.9257716281194295,25674,42282.22,0.05,0.16,,,,,,,
2013-11-24,0.52,10801.0,139.1121718409586,0.9161938704093922,26016,42845.48,0.05,0.12,,,,,,,
2013-11-25,0.61,10725.0,138.16829012345679,0.895163932037416,26358,43408.740000000005,0.05,0.13,,,,,,,
2013-11-26,0.63,9425.0,138.6143360869039,0.8743632525171846,26700,43972.0,0.05,0.14,,,,,,,
2013-11-27,0.66,9616.0,137.42046417332364,0.8571140392453009,27042,44535.26,0.05,0.14,,,,,,,
2013-11-28,0.62,9763.0,139.31010045993702,0.8992819921328672,36512,45098.520000000004,0.05,0.12,,,,,,,
2013-11-29,0.67,12362.0,142.62731366497215,0.8671116449431221,36968,45661.78,0.06,0.12,,,,,,,
2013-11-30,0.64,14120.0,144.5657989288308,0.9074124674049411,37424,46225.04,0.06,0.1,,,,,,,
2013-12-01,0.64,16308.0,150.42423959089808,0.9518250264910247,36658,46788.3,0.06,0.09,,,,,,,
2013-12-02,0.62,13117.0,149.69456523844104,0.9320011253399378,36881,47073.42903225807,0.06,0.08,,,,,,,
2013-12-03,0.64,12694.0,151.64836580125873,0.9187813963279291,37105,47358.55806451613,0.06,0.08,,,,,,,
2013-12-04,0.68,11918.0,148.77652541757445,0.9220924079235752,37328,47643.6870967742,0.07,0.09,,,,,,,
2013-12-05,0.71,12387.0,151.95921750181552,0.9050333068299821,37551,47928.81612903226,0.07,0.09,,,,,,,
2013-12-06,0.73,13459.0,151.61318352093926,0.9293659368139601,37775,48213.94516129033,0.07,0.09,,,,,,,
2013-12-07,0.68,14291.0,149.3191251815541,0.9351978788355251,37998,48499.07419354839,0.07,0.08,,,,,,,
2013-12-08,0.64,16176.0,148.2787057915759,0.8975028023788844,38222,48784.20322580646,0.08,0.07,,,,,,,
2013-12-09,0.65,14564.0,150.78325647542968,0.9015289347041847,38445,49069.33225806452,0.08,0.07,,,,,,,
2013-12-10,0.64,12477.0,152.72499098281284,0.8950753508251301,38668,49354.461290322586,0.08,0.06,,,,,,,
2013-12-11,0.64,13196.0,154.21858045872673,0.8836549224570546,38892,49639.59032258065,0.09,0.06,,,,,,,
2013-12-12,0.63,13129.0,158.17495518639555,0.8614560882224804,39115,49924.719354838715,0.07,0.06,,,,,,,
2013-12-13,0.64,14251.0,157.91189863229246,0.8376714556794056,39339,50209.848387096776,0.09,0.06,,,,,,,
2013-12-14,0.61,14479.0,160.37294399055918,0.8543753928432232,39562,50494.977419354844,0.09,0.05,,,,,,,
2013-12-15,0.57,14386.0,160.644906802227,0.8301551729345574,39785,50780.106451612904,0.1,0.05,,,,,,,
2013-12-16,0.55,14401.0,158.19553812636164,0.8393907231992052,40009,51065.23548387097,0.1,0.05,,,,,,,
2013-12-17,0.54,12343.0,158.33353334543696,0.8556573817284688,40232,51350.36451612903,0.11,0.05,,,,,,,
2013-12-18,0.54,13489.0,155.97570315904142,0.8537755673096094,30342,51635.4935483871,0.12,0.05,,,,,,,
2013-12-19,0.34,14113.0,151.81255416364078,0.8244679281103287,30509,51920.62258064516,0.1,0.04,,,,,,,6.93
2013-12-20,0.2,13818.0,150.88810502904866,0.8431173118125701,30677,52205.75161290323,0.1,0.04,,,,,,,4.27
2013-12-21,0.17,14074.0,151.23107017066084,0.8248903833844058,30844,52490.88064516129,0.08,0.04,,,,,,,3.35
2013-12-22,0.15,13708.0,149.67779932219804,0.8055578879931391,31012,52776.00967741936,0.07,0.04,,,,,,,2.69
2013-12-23,0.14,14488.0,148.21895675986443,0.8079358184400827,31179,53061.13870967742,0.07,0.04,,,,,,,2.35
2013-12-24,0.15,16209.0,148.9694387557492,0.8306865634934246,31347,53346.26774193549,0.08,0.04,,,,,,,2.52
2013-12-25,0.2,13288.0,152.68706563180825,0.8481575608305275,31515,53631.39677419355,0.1,0.04,,,,,,,2.59
2013-12-26,0.23,17637.0,156.88935820624545,0.8521652117604619,31682,53916.52580645162,0.11,0.04,,,,,,,2.42
2013-12-27,0.24,18300.0,162.8516780137981,0.8893661684914841,31850,54201.65483870968,0.12,0.04,,,,,,,2.43
2013-12-28,0.22,17160.0,162.97670040547084,0.875532824810606,32017,54486.783870967745,0.11,0.04,,,,,,,2.14
2013-12-29,0.19,14699.0,163.64453065238442,0.901175915624648,32185,54771.912903225806,0.12,0.04,,,,,,,1.71
2013-12-30,0.16,15768.0,162.46841388283707,0.8697682824960126,32352,55057.041935483874,0.12,0.04,,,,,,,1.55
2013-12-31,0.15,13375.0,162.2321450617284,0.8859959482275584,32520,55342.17096774194,0.12,0.04,,,,,,,1.59
2014-01-01,0.16,14295.0,163.37509080731056,0.8810875595522898,32687,55627.3,0.12,0.04,,,,,,,1.65
2014-01-02,0.15,16284.0,160.40999673202612,0.8517186237278445,32766,55761.625806451615,0.12,0.04,,,,,,,1.6
2014-01-03,0.14,11377.0,161.83327644638103,0.8653420597451792,32845,55895.95161290323,0.12,0.04,,,,,,,1.48
2014-01-04,0.14,19185.0,159.57701803437428,0.8630462949380163,32924,56030.27741935484,0.12,0.04,,,,,,,1.53
2014-01-05,0.14,18438.0,163.3513183248608,0.8672983417125802,33003,56164.60322580645,0.12,0.04,,,,,,,1.46
2014-01-06,0.14,18562.0,163.56132383200196,0.8526146292470156,33082,56298.929032258064,0.13,0.04,,,,,,,1.38
2014-01-07,0.14,17789.0,162.37180806705402,0.8545508486570248,33161,56433.25483870968,0.14,0.04,,,,,,,1.36
2014-01-08,0.14,16267.0,161.12385551319292,0.8602348335629016,33240,56567.580645161295,0.14,0.03,,,,,,,1.34
2014-01-09,0.14,18821.0,162.1114827826192,0.852582323117539,33319,56701.90645161291,0.14,0.03,,,,,,,1.3
2014-01-10,0.14,20912.0,163.8945929859598,0.8545031771981175,33398,56836.23225806452,0.14,0.04,,,,,,,1.3
2014-01-11,0.15,19019.0,163.53827438876783,0.8528602689251,33477,56970.55806451613,0.16,0.04,,,,,,,1.37
2014-01-12,0.13,18401.0,160.68254224158798,0.8414665034566194,33556,57104.883870967744,0.15,0.04,,,,,,,1.12
2014-01-13,0.12,17802.0,162.96480029048658,0.8484149405216284,33634,57239.209677419356,0.15,0.03,,,,,,,1.08
2014-01-14,0.12,17242.0,161.59691125030258,0.8495183725133011,33713,57373.53548387097,0.16,0.03,,,,,,,1.12
2014-01-15,0.13,18434.0,160.53707298474944,0.8395775909955063,33792,57507.86129032258,0.16,0.03,,,,,,,1.14
2014-01-16,0.13,18820.0,156.85512530259018,0.8428897458808617,33871,57642.18709677419,0.17,0.04,,,,,,,1.13
2014-01-17,0.14,18904.0,159.79159885620916,0.8494476360479796,33950,57776.51290322581,0.18,0.04,,,,,,,1.15
2014-01-18,0.13,21929.0,157.071677832244,0.8578324185678075,34029,57910.838709677424,0.19,0.04,,,,,,,1.08
2014-01-19,0.13,22155.0,152.9374829036553,0.8463646316972,34108,58045.164516129036,0.21,0.03,,,,,,,1.0
2014-01-20,0.13,21307.0,152.44726870007267,0.8301684183661711,34187,58179.49032258065,0.23,0.03,,,,,,,0.97
2014-01-21,0.13,20043.0,153.23400568869522,0.8322817000518492,34266,58313.81612903226,0.26,0.03,,,,,,,0.98
2014-01-22,0.13,18659.0,154.57795948317602,0.8273622374121441,34345,58448.14193548387,0.28,0.03,,,,,,,0.95
2014-01-23,0.13,19159.0,155.2012827402566,0.8177452670526557,34424,58582.467741935485,0.3,0.03,,,,,,,0.94
2014-01-24,0.14,22945.0,158.5151165274752,0.8011779969008266,34503,58716.7935483871,0.3,0.04,,,,,,,1.0
2014-01-25,0.14,23428.0,157.21988825344948,0.795657160123967,34582,58851.11935483871,0.32,0.04,,,,,,,1.04
2014-01-26,0.15,23793.0,160.7656299927378,0.777935555231561,34661,58985.44516129032,0.31,0.04,,,,,,,1.12
2014-01-27,0.14,21164.0,160.22633687363836,0.7979673380681818,34740,59119.77096774194,0.33,0.03,,,,,,,1.01
2014-01-28,0.14,20732.0,157.65538716412496,0.7834876501664367,34818,59254.09677419355,0.37,0.03,,,,,,,0.98
2014-01-29,0.14,21894.0,154.1963618978456,0.7756869008838384,34897,59388.422580645165,0.39,0.03,,,,,,,0.91
2014-01-30,0.13,20487.0,156.98682007988378,0.8125944468832815,34976,59522.74838709678,0.41,0.03,,,,,,,0.85
2014-01-31,0.14,26077.0,155.92668612321472,0.8066865243055554,35055,59657.07419354839,0.43,0.04,,,,,,,0.85
2014-02-01,0.14,30365.0,156.5872162914549,0.8151034265955003,38899,59791.4,0.45,0.04,,,,,,,0.85
2014-02-02,0.14,27724.0,155.5877065783103,0.8026239303546832,39139,60161.110714285714,0.46,0.04,,,,,,,0.81
2014-02-03,0.15,25005.0,160.31642529048656,0.8018765842767294,39380,60530.82142857143,0.43,0.03,,,,,,,0.79
2014-02-04,0.15,24642.0,160.05358602638586,0.7936151198970841,39620,60900.53214285715,0.44,0.04,,,,,,,0.78
2014-02-05,0.15,23968.0,164.40821722948436,0.8127772411949684,805,61270.24285714286,0.45,0.03,,,,,,,0.76
2014-02-06,0.17,34586.0,165.1633547869765,0.8048555261888549,810,61639.953571428574,0.45,0.04,,,,,,,0.74
2014-02-07,0.3,29841.0,166.9671420660857,0.7971836613365801,815,62009.66428571429,0.43,0.03,,,,,,,0.74
2014-02-08,0.35,18484.0,162.01640786129266,0.7734913616427431,820,62379.375,0.44,0.04,,,,,,,0.74
2014-02-09,0.29,15446.0,161.81560602759623,0.7884075315520799,825,62749.08571428571,0.42,0.03,,,,,,,0.66
2014-02-10,0.28,12699.0,161.7808017731784,0.8041490063494658,830,63118.79642857143,0.42,0.04,,,,,,,0.62
2014-02-11,0.29,12740.0,165.40512739046238,0.8204418851688933,834,63488.50714285715,0.47,0.04,,,,,,,0.6
2014-02-12,0.3,11635.0,163.78073922778987,0.8474080043019481,560,63858.21785714286,0.49,0.03,,,,,,,0.57
2014-02-13,0.33,13059.0,163.63474576373758,0.80241022614841,563,64227.92857142857,0.51,0.04,3.59,,,,,,0.52
2014-02-14,0.36,13185.0,166.37038087024928,0.7575274062036449,566,64597.639285714286,0.51,0.03,1.4,,,,,,0.48
2014-02-15,0.39,13444.0,165.94317777172594,0.7810098011167034,569,64967.350000000006,0.52,0.04,0.62,,,,,,0.44
2014-02-16,0.41,11454.0,162.59448977245214,0.7633717311517234,572,65337.06071428572,0.53,0.04,0.34,,,,,,0.41
2014-02-17,0.44,10445.0,163.71117519970954,0.7548434121057515,576,65706.77142857143,0.54,0.04,0.29,,,,,,0.42
2014-02-18,0.47,9090.0,164.7234531893004,0.7483918684828078,579,66076.48214285714,0.55,0.04,0.26,,,,,,0.43
2014-02-19,0.52,9637.0,164.78682041273296,0.7193620454796308,582,66446.19285714286,0.57,0.04,0.23,,,,,,0.45
2014-02-20,0.57,10038.0,165.38312805616073,0.7331535474286843,585,66815.90357142857,0.59,0.04,0.18,,,,,,0.44
2014-02-21,0.44,11904.0,163.87644583635924,0.6852842164244485,589,67185.61428571428,0.5,0.03,0.1,,,,,,0.34
2014-02-22,0.4,10425.0,159.97905210602764,0.6607281778735633,592,67555.325,0.47,0.03,0.05,,,,,,0.26
2014-02-23,0.43,8864.0,158.17827193778743,0.7077933153893888,595,67925.03571428571,0.5,0.03,0.05,,,,,,0.24
2014-02-24,0.5,8834.0,161.8735670842411,0.7051448826515152,598,68294.74642857144,0.53,0.03,0.05,,,,,,0.24
2014-02-25,0.56,8432.0,165.94795987654322,0.7003438619528619,602,68664.45714285715,0.61,0.03,0.05,,,,,,0.29
2014-02-26,0.61,7316.0,164.1476970164609,0.6873225160528111,605,69034.16785714286,0.66,0.04,0.05,,,,,,0.37
2014-02-27,0.67,7705.0,165.28269937666428,0.6632129101663321,608,69403.87857142858,0.67,0.04,0.05,,,,,,0.39
2014-02-28,0.73,9529.0,167.2208651960784,0.6808060212261937,611,69773.58928571429,0.68,0.04,0.05,,,,,,0.4
2014-03-01,0.77,8703.0,164.36425919874122,0.6658493032619777,555,70143.3,0.74,0.04,0.05,,,,,,0.39
2014-03-02,0.81,7780.0,163.4126946259985,0.6713357776709695,557,70425.14516129032,0.72,0.04,0.04,,,,,,0.36
2014-03-03,0.91,7389.0,166.37435560397003,0.6460967640407002,560,70706.99032258065,0.75,0.04,0.04,,,,,,0.35
2014-03-04,1.02,6968.0,166.52992728758167,0.6310572948304062,562,70988.83548387096,0.76,0.04,0.05,,,,,,0.36
2014-03-05,1.08,5397.0,167.38909519486805,0.6191405008041307,564,71270.6806451613,0.76,0.04,0.03,,,,,,0.35
2014-03-06,1.06,5388.0,169.2453536068749,0.6731688528047327,566,71552.52580645161,0.77,0.05,0.03,,,,,,0.36
2014-03-07,1.0,5221.0,169.67841884531592,0.6639849909307359,568,71834.37096774194,0.73,0.05,0.03,,,,,,0.36
2014-03-08,0.92,5809.0,168.92246356814329,0.6848438830187843,571,72116.21612903225,0.76,0.05,0.04,,,,,,0.33
2014-03-09,0.85,5410.0,168.14114636286615,0.6926903193351426,573,72398.06129032258,0.74,0.05,0.04,,,,,,0.29
2014-03-10,0.84,4861.0,168.1161233962721,0.6994628972509527,575,72679.9064516129,0.75,0.05,0.04,,,,,,0.28
2014-03-11,0.9,4812.0,166.81927417695474,0.6786336492201426,577,72961.75161290323,0.79,0.05,0.04,,,,,,0.28
2014-03-12,0.97,3958.0,170.87892516945047,0.6688979490219197,580,73243.59677419355,0.81,0.05,0.04,,,,,,0.28
2014-03-13,1.01,3259.0,169.17756611595254,0.6668627537986704,582,73525.44193548388,0.83,0.05,0.04,,,,,,0.29
2014-03-14,1.02,4725.0,173.99780377027352,0.6940753147813361,584,73807.28709677419,0.87,0.05,0.04,,,,,,0.32
2014-03-15,0.93,5978.0,174.5624651416122,0.6766439414700944,586,74089.13225806452,0.84,0.05,0.03,,,,,,0.28
2014-03-16,0.89,5846.0,172.18418569958848,0.674898958523286,589,74370.97741935484,0.76,0.05,0.03,,,,,,0.24
2014-03-17,1.0,4770.0,173.34008763011374,0.6778696790476191,591,74652.82258064517,0.78,0.05,0.03,,,,,,0.24
2014-03-18,1.06,4429.0,172.77020237230695,0.6821509632065033,593,74934.66774193548,0.92,0.05,0.03,,,,,,0.26
2014-03-19,1.09,4157.0,174.33885324376664,0.6692400283827131,595,75216.51290322581,0.96,0.05,0.04,,,,,,0.28
2014-03-20,1.12,4095.0,174.76806039699827,0.6614823671731123,597,75498.35806451613,0.99,0.05,0.03,,,,,,0.28
2014-03-21,1.13,4455.0,176.087630295328,0.6727123320602721,600,75780.20322580646,0.99,0.05,0.04,,,,,,0.28
2014-03-22,1.15,5303.0,177.57207374122487,0.6754131965753426,602,76062.04838709677,1.03,0.05,0.04,,,,,,0.28
2014-03-23,1.18,4235.0,174.9650445715323,0.6807106940670291,604,76343.8935483871,1.01,0.05,0.04,,,,,,0.26
2014-03-24,1.27,4274.0,175.72556106269673,0.6271012318342576,606,76625.73870967742,1.02,0.06,0.03,,,,,,0.26
2014-03-25,1.39,3944.0,177.10254898934883,0.6393363981849343,609,76907.58387096775,1.08,0.06,0.03,,,,,,0.27
2014-03-26,1.52,3843.0,177.29587950859354,0.625777378580582,611,77189.42903225806,1.11,0.06,0.03,,,,,,0.28
2014-03-27,1.56,3682.0,178.39286141370133,0.6294282851545007,613,77471.2741935484,1.12,0.06,0.04,,,,,,0.29
2014-03-28,1.55,4149.0,178.4463841382232,0.6282449568649457,615,77753.11935483871,1.12,0.07,0.04,,,,,,0.31
2014-03-29,1.59,4263.0,176.46693010167033,0.6422491650366748,618,78034.96451612904,1.16,0.07,0.04,,,,,,0.3
2014-03-30,1.7,4178.0,179.20035793391435,0.6362146792748918,620,78316.80967741935,1.17,0.08,0.03,,,,,,0.29
2014-03-31,1.95,4070.0,182.16254844468645,0.6160847654409262,622,78598.65483870968,1.3,0.09,0.03,,,,,,0.3
2014-04-01,2.1,2483.0,185.47846801621887,0.6406430931488801,645,78880.5,1.37,0.14,0.04,,,,,,0.38
2014-04-02,1.97,2958.0,182.83487506051804,0.647211332096129,647,79081.98333333334,1.44,0.22,0.04,,,,,,0.39
2014-04-03,2.04,3007.0,180.1711062696683,0.6359894469863836,648,79283.46666666666,1.38,0.2,0.03,,,,,,0.37
2014-04-04,2.04,3590.0,180.93282104817237,0.6268110873881991,650,79484.95,1.33,0.16,0.03,,,,,,0.35
2014-04-05,2.03,3390.0,185.13092383805375,0.6446997233928691,652,79686.43333333333,1.39,0.14,0.03,,,,,,0.34
2014-04-06,1.97,3371.0,182.60884543694021,0.6424797058165548,653,79887.91666666667,1.31,0.12,0.03,,,,,,0.3
2014-04-07,1.97,3073.0,183.4543862563544,0.6322475011694124,655,80089.4,1.33,0.12,0.03,,,,,,0.3
2014-04-08,1.98,2852.0,182.66313580246913,0.6249086833570074,657,80290.88333333333,1.32,0.12,0.03,,,,,,0.3
2014-04-09,2.0,2656.0,183.95867988985717,0.6311573849158248,658,80492.36666666667,1.35,0.13,0.03,,,,,,0.3
2014-04-10,2.02,2647.0,182.40121066327768,0.644134612178198,660,80693.85,1.39,0.13,0.03,,,,,,0.3
2014-04-11,2.1,3267.0,184.7238229242314,0.6209064814723321,662,80895.33333333333,1.41,0.14,0.03,,,,,,0.31
2014-04-12,2.08,2930.0,185.68381953522146,0.6271760238189759,663,81096.81666666667,1.4,0.13,0.03,,,,,,0.3
2014-04-13,2.05,2703.0,186.2563026809489,0.6287618698468198,665,81298.3,1.45,0.12,0.03,,,,,,0.29
2014-04-14,2.08,2737.0,185.58022778988143,0.6274687227901284,666,81499.78333333334,1.52,0.12,0.03,,,,,,0.29
2014-04-15,2.06,2449.0,187.06841049382717,0.6216859277811005,668,81701.26666666666,1.46,0.11,0.04,,,,,,0.3
2014-04-16,2.13,3381.0,187.92459806947474,0.6112709952712875,670,81902.75,1.36,0.12,0.03,,,,,,0.31
2014-04-17,2.1,2593.0,190.68510681433068,0.628443520174572,671,82104.23333333334,1.3,0.13,0.04,,,,,,0.32
2014-04-18,2.07,3003.0,190.2516351065117,0.646914897486904,673,82305.71666666666,1.32,0.12,0.03,,,,,,0.32
2014-04-19,2.05,2410.0,188.77734337932705,0.6571053221944724,675,82507.2,1.28,0.13,0.03,,,,,,0.32
2014-04-20,2.04,2695.0,188.9586873033164,0.6600118864971299,676,82708.68333333333,1.29,0.12,0.03,,,,,,0.32
2014-04-21,2.03,2689.0,191.24149313120307,0.6545584267844003,678,82910.16666666667,1.19,0.12,0.03,,,,,,0.31
2014-04-22,2.05,2951.0,188.4897126906318,0.655444091974692,680,83111.65,1.14,0.13,0.04,,,,,,0.31
2014-04-23,2.08,2279.0,189.55096895424836,0.669294427682943,681,83313.13333333333,1.16,0.13,0.04,,,,,,0.32
2014-04-24,2.05,2258.0,191.65648063422898,0.6698652454045955,683,83514.61666666667,1.25,0.13,0.04,,,,,,0.32
2014-04-25,2.16,2556.0,191.22841763495524,0.6712740575660034,685,83716.1,1.32,0.14,0.03,,,,,,0.35
2014-04-26,2.23,2843.0,192.10829953401117,0.6699962549330514,686,83917.58333333333,1.33,0.15,0.03,,,,,,0.36
2014-04-27,2.25,2912.0,192.86102484265314,0.6700097568580543,688,84119.06666666667,1.31,0.15,0.03,,,,,,0.36
2014-04-28,2.25,2345.0,191.2576376180102,0.660566973429027,690,84320.55,1.39,0.16,0.03,,,,,,0.36
2014-04-29,2.29,2476.0,191.75151600702006,0.6509265908932753,691,84522.03333333333,1.38,0.18,0.03,,,,,,0.38
2014-04-30,2.35,2414.0,190.63194402081822,0.6495561438144329,693,84723.51666666666,1.42,0.24,0.03,,,,,,0.46
2014-05-01,2.5,2436.0,192.9086457879448,0.6417559334999999,672,84925.0,1.43,0.27,0.03,,,,,,0.51
2014-05-02,2.18,1589.0,190.67866034253208,0.6252295226625227,672,84900.43870967742,1.27,0.24,0.03,,,,,,0.42
2014-05-03,1.89,2273.0,188.20358484628414,0.6500211981086492,672,84875.87741935485,1.18,0.2,0.03,,,,,,0.34
2014-05-04,1.76,2105.0,185.90306066932948,0.6701386906921327,672,84851.31612903226,1.09,0.16,0.03,,,,,,0.29
2014-05-05,1.67,1983.0,185.35301488743644,0.6682959225165322,671,84826.75483870968,1.05,0.15,0.03,,,,,,0.28
2014-05-06,1.7,1854.0,183.89741433672236,0.6553281499458875,671,84802.19354838709,1.06,0.14,0.03,,,,,,0.27
2014-05-07,1.79,1810.0,182.63710179133375,0.6494645892491347,671,84777.63225806452,1.07,0.14,0.03,,,,,,0.25
2014-05-08,1.87,1887.0,180.03570427862505,0.6377223536335899,671,84753.07096774194,1.13,0.14,0.03,,,,,,0.24
2014-05-09,1.84,1957.0,180.84922754780925,0.6318655221686916,671,84728.50967741935,1.09,0.13,0.03,,,,,,0.23
2014-05-10,1.68,2055.0,178.55445627572018,0.6348382428229666,670,84703.94838709678,1.0,0.11,0.03,,,,,,0.22
2014-05-11,1.45,2063.0,176.11493022270636,0.6477400417146144,670,84679.3870967742,0.93,0.1,0.03,,,,,,0.19
2014-05-12,1.42,1656.0,176.60891469983054,0.658545997139765,670,84654.82580645161,0.88,0.1,0.03,,,,,,0.17
2014-05-13,1.39,1446.0,176.29887194383932,0.6882123214925607,670,84630.26451612903,0.9,0.09,0.03,,,,,,0.16
2014-05-14,1.41,1571.0,175.24418866497214,0.6632840294505153,670,84605.70322580646,0.93,0.09,0.03,,,,,,0.16
2014-05-15,1.47,1825.0,172.8282432522392,0.656782206014808,669,84581.14193548387,1.01,0.1,0.03,,,,,,0.16
2014-05-16,1.5,2025.0,172.3103356027596,0.6535918171590909,669,84556.58064516129,1.0,0.09,0.03,,,,,,0.16
2014-05-17,1.49,1843.0,172.4233495521665,0.6503310165755297,669,84532.01935483872,1.01,0.09,0.03,,,,,,0.15
2014-05-18,1.42,1821.0,171.992591563786,0.6802125264571738,669,84507.45806451613,0.98,0.08,0.03,,,,,,0.14
2014-05-19,1.39,1552.0,172.35767305131932,0.6731826134026643,669,84482.89677419355,0.99,0.08,0.03,,,,,,0.13
2014-05-20,1.51,1611.0,171.68758838658925,0.6701988044472154,668,84458.33548387098,1.0,0.09,0.03,,,,,,0.14
2014-05-21,1.6,1558.0,172.79061434882593,0.6825774259977828,668,84433.7741935484,0.99,0.1,0.03,,,,,,0.13
2014-05-22,1.6,1527.0,171.81338310941658,0.6652193957132299,668,84409.21290322581,0.98,0.1,0.03,,,,,,0.13
2014-05-23,1.72,1778.0,171.4839909828129,0.6619372758868306,668,84384.65161290322,1.0,0.09,0.03,,,,,,0.14
2014-05-24,1.8,1678.0,172.50639494069236,0.6379119801620861,668,84360.09032258065,1.03,0.09,0.03,,,,,,0.14
2014-05-25,1.63,1571.0,170.43454330065362,0.6690758838872991,667,84335.52903225807,1.01,0.08,0.03,,,,,,0.14
2014-05-26,1.59,1535.0,172.067137345679,0.6744801000222272,667,84310.96774193548,1.02,0.08,0.03,,,,,,0.13
2014-05-27,1.6,1803.0,170.44410052045512,0.686122353787879,667,84286.40645161291,0.98,0.08,0.03,,,,,,0.13
2014-05-28,1.67,1709.0,169.15980767368677,0.681020119976746,667,84261.84516129033,1.03,0.07,0.04,,,,,,0.13
2014-05-29,1.62,1568.0,172.0952033708545,0.7196801753824654,667,84237.28387096775,0.97,0.08,0.03,,,,,,0.14
2014-05-30,1.64,1590.0,172.42993618373274,0.7160302622419851,666,84212.72258064516,1.0,0.08,0.04,,,,,,0.14
2014-05-31,1.76,2034.0,171.05833533042846,0.6501474180715607,666,84188.16129032259,1.06,0.08,0.04,,,,,,0.13
2014-06-01,1.75,1614.0,168.3871956245461,0.645374543939394,688,84163.6,1.03,0.09,0.04,,,,,,0.12
2014-06-02,1.72,1343.0,173.29663758775118,0.6512271767736608,694,84896.08,1.07,0.08,0.04,,,,,,0.12
2014-06-03,1.69,1355.0,174.25517271847008,0.6498611525457438,700,85628.56000000001,1.06,0.09,0.03,,,,,,0.12
2014-06-04,1.62,1485.0,172.3683989046236,0.6822288981501912,706,86361.04000000001,1.1,0.08,0.03,,,,,,0.12
2014-06-05,1.75,1562.0,171.83877018276442,0.6623138367201425,712,87093.52,1.13,0.09,0.03,,,,,,0.12
2014-06-06,1.77,1419.0,173.35963053740016,0.6700080354836421,718,87826.0,1.16,0.08,0.04,,,,,,0.12
2014-06-07,1.8,1625.0,174.69206923263133,0.6571777440627202,724,88558.48000000001,1.18,0.09,0.04,,,,,,0.11
2014-06-08,1.81,1348.0,172.24459419632046,0.6618775455072768,730,89290.96,1.17,0.09,0.04,,,,,,0.1
2014-06-09,1.92,1277.0,171.41634086782858,0.6575683326306048,736,90023.44,1.19,0.09,0.04,,,,,,0.09
2014-06-10,1.88,1317.0,170.32000384289518,0.6582127862010517,742,90755.92,1.14,0.09,0.04,,,,,,0.09
2014-06-11,1.84,1311.0,173.0245906257565,0.6728893905006285,748,91488.40000000001,1.11,0.07,0.04,,,,,,0.09
2014-06-12,1.81,1632.0,172.14898269184212,0.6621925777437951,754,92220.88,1.12,0.08,0.04,,,,,,0.09
2014-06-13,1.84,1727.0,172.5984617828613,0.6660672668970815,760,92953.36,1.15,0.09,0.04,,,,,,0.1
2014-06-14,1.97,1827.0,171.90830389130963,0.6628651507524913,766,93685.84,1.27,0.1,0.04,,,,,,0.11
2014-06-15,1.93,1671.0,172.04694160009683,0.640255229119639,772,94418.32,1.28,0.1,0.04,,,,,,0.11
2014-06-16,1.95,1446.0,171.7724946138949,0.6484127961355124,778,95150.8,1.35,0.11,0.03,,,,,,0.11
2014-06-17,1.94,1232.0,172.6040398511257,0.6282435060571937,784,95883.28,1.37,0.09,0.03,,,,,,0.11
2014-06-18,1.97,1542.0,170.83377953280075,0.6195954288861772,790,96615.76000000001,1.34,0.09,0.03,,,,,,0.11
2014-06-19,1.98,2149.0,170.01950009077706,0.622253274908685,796,97348.24,1.28,0.08,0.04,,,,,,0.1
2014-06-20,1.92,1853.0,168.32394671387075,0.5808125412553135,802,98080.72,1.08,0.07,0.03,,,,,,0.08
2014-06-21,1.85,2250.0,165.79564370007265,0.5872502184430511,808,98813.2,1.03,0.06,0.03,,,,,,0.08
2014-06-22,1.71,1883.0,168.46865392762044,0.6060517587634061,814,99545.68000000001,0.88,0.06,0.03,,,,,,0.07
2014-06-23,1.59,1873.0,167.49306986807065,0.6031794501185448,820,100278.16,0.88,0.06,0.03,,,,,,0.07
2014-06-24,1.74,1759.0,162.90003591745338,0.5681907807854487,826,101010.64,0.93,0.06,0.04,,,,,,0.07
2014-06-25,1.93,2193.0,162.24013304889854,0.5719538951364662,832,101743.12,1.11,0.07,0.04,,,,,,0.07
2014-06-26,1.95,1614.0,162.58301739893486,0.578947853030303,838,102475.6,1.19,0.07,0.04,,,,,,0.08
2014-06-27,2.02,1814.0,164.2515121036069,0.5834531054237061,844,103208.08,1.25,0.07,0.04,,,,,,0.08
2014-06-28,2.13,1774.0,161.80651077221015,0.5862808461450358,850,103940.56,1.27,0.07,0.04,,,,,,0.08
2014-06-29,2.09,1812.0,162.6391855482934,0.5810383125866508,856,104673.04000000001,1.15,0.07,0.04,,,,,,0.08
2014-06-30,2.05,1853.0,164.24967075163397,0.6184128150183151,862,105405.52,1.18,0.07,0.04,,,,,,0.08
2014-07-01,2.24,1598.0,167.63405906560152,0.6328434560957679,840,106138.0,1.45,0.08,0.04,,,,,,0.09
2014-07-02,1.61,1656.0,163.8979716170419,0.6368159803325223,847,107010.50967741935,1.04,0.06,0.03,,,,,,0.06
2014-07-03,1.78,1400.0,160.64194677438874,0.6233625892629566,854,107883.0193548387,1.18,0.07,0.03,,,,,,0.05
2014-07-04,1.92,1265.0,162.4380537702735,0.6287284005724667,861,108755.52903225807,1.25,0.08,0.04,,,,,,0.07
2014-07-05,1.99,1257.0,163.58186549866858,0.6342407895997839,868,109628.03870967742,1.36,0.08,0.04,,,,,,0.07
2014-07-06,2.14,1497.0,163.06985905349794,0.616941108640282,874,110500.54838709677,1.4,0.09,0.04,,,,,,0.07
2014-07-07,2.1,1286.0,164.5051732933914,0.6298971001482214,881,111373.05806451612,1.37,0.09,0.04,,,,,,0.07
2014-07-08,2.08,1152.0,169.27523953038002,0.62868589058158,888,112245.56774193548,1.44,0.09,0.03,,,,,,0.07
2014-07-09,2.19,1186.0,169.32474246550467,0.6220368479194933,895,113118.07741935484,1.46,0.1,0.04,,,,,,0.07
2014-07-10,2.21,1056.0,169.14206560154926,0.6294634403911729,902,113990.5870967742,1.47,0.1,0.04,,,,,,0.07
2014-07-11,2.11,1146.0,168.93647848583876,0.6320359353842111,909,114863.09677419355,1.41,0.1,0.04,,,4.92,,,0.07
2014-07-12,2.06,1097.0,170.1540063846526,0.6384651993952684,916,115735.6064516129,1.34,0.1,0.04,,,2.51,,,0.07
2014-07-13,2.0,1135.0,169.43794220527718,0.6446673661447812,923,116608.11612903225,1.38,0.09,0.04,,,1.92,,,0.08
2014-07-14,2.17,1071.0,168.9403546961995,0.6298230620336124,930,117480.6258064516,1.43,0.09,0.04,,,1.58,,,0.07
2014-07-15,2.11,1167.0,172.38276355603972,0.6435803984092552,937,118353.13548387097,1.42,0.09,0.04,0.68,0.04,1.34,,,0.07
2014-07-16,2.2,1060.0,173.00174800290486,0.6336605683268859,944,119225.64516129032,1.48,0.09,0.04,0.71,0.03,1.15,,,0.08
2014-07-17,2.19,1089.0,171.62129396635197,0.6322237952284034,950,120098.15483870967,1.48,0.09,0.04,0.7,0.04,1.06,,,0.08
2014-07-18,2.21,1048.0,174.10503579641735,0.6384755520813227,957,120970.66451612902,1.52,0.09,0.04,0.73,0.05,0.94,,,0.08
2014-07-19,2.27,1257.0,172.38535064149116,0.6297796674925353,964,121843.17419354839,1.52,0.09,0.03,0.72,0.05,0.89,,,0.08
2014-07-20,2.26,1104.0,169.5812890946502,0.6370243404316273,971,122715.68387096774,1.47,0.09,0.04,0.68,0.04,0.75,,,0.09
2014-07-21,2.25,1010.0,168.72160167029776,0.6489987059170652,978,123588.19354838709,1.48,0.09,0.04,0.66,0.04,0.7,,,0.09
2014-07-22,2.35,1062.0,169.49709912854027,0.6277979546547954,985,124460.70322580644,1.5,0.09,0.04,0.64,0.04,0.7,,,0.08
2014-07-23,2.42,1325.0,170.0149230210603,0.6331521072924365,992,125333.2129032258,1.51,0.1,0.04,0.64,0.04,0.68,,,0.08
2014-07-24,2.48,984.0,171.33366058460422,0.6424239356364854,999,126205.72258064515,1.59,0.09,0.04,0.65,0.05,0.64,,,0.08
2014-07-25,2.68,1329.0,169.37638713386588,0.6163617655902656,1006,127078.23225806451,1.66,0.1,0.04,0.69,0.05,0.72,,,0.08
2014-07-26,2.79,1168.0,171.58047875817,0.5904434924099214,1013,127950.74193548386,1.74,0.1,0.04,0.71,0.05,0.7,,,0.09
2014-07-27,2.84,1132.0,173.97438507625267,0.5980360780983996,1020,128823.25161290322,1.87,0.11,0.04,0.7,0.04,0.7,,,0.09
2014-07-28,2.98,1130.0,173.29407316630352,0.5779241830209024,1026,129695.76129032257,1.93,0.12,0.04,0.7,0.05,0.69,,,0.09
2014-07-29,2.92,1018.0,175.37283451343504,0.5893317035251034,1033,130568.27096774193,2.2,0.12,0.04,0.73,0.04,0.64,,,0.1
2014-07-30,2.85,966.0,174.61908236504473,0.6050028218493344,1040,131440.78064516129,2.19,0.13,0.04,0.75,0.05,0.59,,,0.1
2014-07-31,2.95,1301.0,174.90296980150083,0.6040072808034472,1047,132313.29032258064,2.23,0.14,0.04,0.79,0.05,0.52,,,0.09
2014-08-01,3.07,1004.0,177.35822676107477,0.5866799430118055,1054,133185.8,2.27,0.17,0.04,0.92,0.05,0.57,,,0.11
2014-08-02,3.14,1012.0,178.01067807431616,0.569055657089512,1053,133116.40967741935,2.49,0.21,0.04,0.95,0.05,0.62,,,0.12
2014-08-03,3.3,1220.0,178.40008732752358,0.5615941013453501,1053,133047.0193548387,2.72,0.2,0.04,0.96,0.06,0.59,,,0.14
2014-08-04,3.54,1095.0,180.38333221374972,0.5516605727849688,1052,132977.62903225806,2.81,0.18,0.04,0.99,0.06,0.54,,,0.15
2014-08-05,3.35,983.0,180.63427792907282,0.5671975634291635,1052,132908.23870967742,2.71,0.16,0.04,0.93,0.06,0.47,,,0.14
2014-08-06,3.8,1090.0,179.4459868978456,0.5168654940115439,1051,132838.84838709678,2.66,0.14,0.04,0.97,0.07,0.43,,,0.12
2014-08-07,3.87,1055.0,179.06862263979667,0.533600579908187,1051,132769.45806451613,2.63,0.15,0.04,0.98,0.07,0.41,,,0.12
2014-08-08,3.96,940.0,180.3146552590172,0.5236933321137068,1050,132700.06774193546,2.86,0.15,0.05,1.01,0.07,0.41,,,0.12
2014-08-09,4.3,913.0,179.25347092108453,0.5036264190730837,1050,132630.67741935482,2.84,0.15,0.05,1.0,0.07,0.42,,,0.13
2014-08-10,4.19,743.0,178.8101913277657,0.5192603060311636,1049,132561.28709677418,2.92,0.15,0.05,0.97,0.07,0.39,,,0.12
2014-08-11,3.97,791.0,179.5154913459211,0.5389597566507425,1049,132491.89677419353,2.89,0.15,0.05,1.0,0.07,0.37,,,0.12
2014-08-12,3.94,853.0,179.10614778503992,0.5513057394009975,1048,132422.5064516129,2.89,0.14,0.05,1.04,0.07,0.36,,,0.12
2014-08-13,3.89,939.0,175.45654880779475,0.5406619570588513,1047,132353.11612903225,2.77,0.14,0.05,1.08,0.07,0.34,,,0.12
2014-08-14,3.79,927.0,178.34013077947225,0.5620964181601388,1047,132283.7258064516,2.77,0.13,0.05,1.09,0.07,0.31,,,0.11
2014-08-15,3.9,1203.0,178.06263725490194,0.5581154653764204,1046,132214.33548387096,2.89,0.13,0.05,1.11,0.07,0.31,,,0.11
2014-08-16,3.99,1019.0,177.47138994795444,0.5478349511836391,1046,132144.94516129032,2.99,0.14,0.05,1.11,0.07,0.32,,,0.11
2014-08-17,3.67,1214.0,178.57053343621396,0.5430636241834881,1045,132075.55483870968,2.8,0.1,0.04,0.94,0.05,0.27,,,0.09
2014-08-18,3.74,1007.0,178.84495070806096,0.5412693932473776,1045,132006.16451612904,2.91,0.11,0.05,0.97,0.05,0.25,,,0.09
2014-08-19,3.81,869.0,180.49369992132654,0.5348916678072325,1044,131936.7741935484,2.94,0.13,0.05,1.09,0.06,0.28,,,0.1
2014-08-20,3.9,898.0,180.01584758533042,0.5341407605232008,1044,131867.38387096772,2.93,0.13,0.05,1.11,0.07,0.27,,,0.11
2014-08-21,3.87,948.0,180.95694265916245,0.5464355714285714,1043,131797.99354838708,3.03,0.13,0.05,1.13,0.07,0.27,,,0.12
2014-08-22,3.98,891.0,179.84022086056643,0.5546730793350169,1042,131728.60322580644,3.06,0.14,0.05,1.18,0.08,0.27,,,0.12
2014-08-23,4.21,914.0,180.90925093802957,0.5457369569389875,1042,131659.2129032258,3.31,0.14,0.05,1.26,0.08,0.28,,,0.13
2014-08-24,4.29,964.0,179.63289230815784,0.5482319271879325,1041,131589.82258064515,3.23,0.14,0.05,1.27,0.08,0.28,,,0.13
2014-08-25,4.41,1073.0,179.97507449770032,0.5389740547844581,1041,131520.4322580645,3.44,0.16,0.06,1.31,0.08,0.28,,,0.14
2014-08-26,4.39,811.0,182.2294338537884,0.540629414731495,1040,131451.04193548387,3.69,0.2,0.06,1.39,0.08,0.29,,,0.16
2014-08-27,4.52,1200.0,183.89092081215202,0.5354793398838816,1040,131381.65161290322,3.69,0.21,0.06,1.45,0.08,0.29,,,0.19
2014-08-28,4.6,808.0,181.0125213628661,0.5259542065514299,1039,131312.26129032258,3.98,0.2,0.06,1.46,0.09,0.29,,,0.21
2014-08-29,4.53,917.0,184.065183127572,0.5612875368765895,1039,131242.87096774194,4.27,0.21,0.08,1.48,0.1,0.31,,,0.26
2014-08-30,4.73,1001.0,183.0647154744614,0.54823962866214,1038,131173.4806451613,4.2,0.24,0.11,1.49,0.12,0.32,,,0.28
2014-08-31,4.85,816.0,183.12404923142097,0.5383253107400535,1038,131104.09032258065,4.23,0.22,0.11,1.5,0.12,0.31,,,0.25
2014-09-01,5.06,1021.0,185.3940788247398,0.5199976094276094,1072,131034.7,4.1,0.21,0.11,1.57,0.15,0.32,,,0.25
2014-09-02,5.12,709.0,186.7786357419511,0.5326429272945995,1072,131118.13333333333,4.26,0.23,0.12,1.64,0.21,0.32,,,0.26
2014-09-03,5.16,799.0,187.5356867889131,0.5326841639765805,1073,131201.56666666665,4.15,0.23,0.12,1.63,0.18,0.32,,,0.26
2014-09-04,4.87,523.0,185.8499299806342,0.5608602102504009,1074,131285.0,3.92,0.22,0.11,1.6,0.16,0.28,,,0.25
2014-09-05,4.84,753.0,183.95678827765673,0.545623371573363,1074,131368.43333333332,3.86,0.21,0.11,1.57,0.14,0.26,,,0.23
2014-09-06,4.58,673.0,183.9456123819898,0.5785768131634138,1075,131451.86666666667,4.12,0.2,0.11,1.53,0.14,0.23,,,0.21
2014-09-07,4.51,811.0,183.58203053134835,0.5887422912073661,1076,131535.3,4.12,0.2,0.1,1.46,0.13,0.21,,,0.19
2014-09-08,4.51,640.0,183.80709350036307,0.5813251512773959,1076,131618.73333333334,3.95,0.2,0.1,1.41,0.12,0.2,,,0.19
2014-09-09,4.59,806.0,183.0490946502058,0.5850835783326922,1077,131702.16666666666,3.95,0.21,0.1,1.53,0.12,0.2,,,0.19
2014-09-10,4.71,656.0,183.77751171023968,0.5829795000840584,1078,131785.6,3.97,0.21,0.1,1.59,0.12,0.2,,,0.19
2014-09-11,4.74,758.0,184.31169029895915,0.5621756217457725,1078,131869.03333333333,4.12,0.2,0.09,1.59,0.12,0.18,,,0.18
2014-09-12,4.85,800.0,184.99979865649965,0.5374394954133169,1079,131952.46666666667,4.18,0.21,0.1,1.53,0.11,0.18,,,0.18
2014-09-13,4.97,884.0,183.88408702493345,0.5244496433004747,1080,132035.9,4.0,0.21,0.1,1.55,0.12,0.17,,,0.17
2014-09-14,4.57,708.0,182.0122301198257,0.536289805216236,1080,132119.33333333334,3.86,0.21,0.1,1.57,0.11,0.15,,,0.16
2014-09-15,4.77,718.0,179.6413799322198,0.5049778605622942,1081,132202.76666666666,3.95,0.21,0.1,1.6,0.12,0.14,,,0.15
2014-09-16,4.79,581.0,179.352519365771,0.5154697648189716,1082,132286.2,4.0,0.19,0.1,1.63,0.11,0.13,,,0.15
2014-09-17,4.85,609.0,177.5911415819414,0.5125499188105546,1082,132369.63333333333,4.04,0.19,0.1,1.68,0.11,0.13,,,0.15
2014-09-18,4.93,709.0,180.97824440208188,0.5101753902177903,1083,132453.06666666668,4.05,0.18,0.1,1.69,0.11,0.13,,,0.14
2014-09-19,4.99,674.0,181.75293312757202,0.49167964271553993,1084,132536.5,4.17,0.19,0.1,1.8,0.11,0.13,,,0.14
2014-09-20,4.92,604.0,180.57382434640527,0.4995451549252634,1085,132619.93333333335,4.14,0.2,0.1,1.84,0.11,0.13,,,0.14
2014-09-21,4.63,625.0,180.53400072621645,0.535832013143355,1085,132703.36666666667,4.0,0.19,0.1,1.76,0.11,0.12,,,0.13
2014-09-22,4.57,615.0,180.5451099310095,0.5232690047897647,1086,132786.80000000002,4.02,0.19,0.1,1.72,0.11,0.11,,,0.13
2014-09-23,4.59,623.0,179.5298181130477,0.5401135251848527,1087,132870.23333333334,4.02,0.2,0.1,1.72,0.11,0.11,,,0.12
2014-09-24,4.75,574.0,178.99455852093928,0.5157016494670846,1087,132953.6666666667,4.04,0.21,0.1,1.76,0.11,0.1,,,0.12
2014-09-25,4.86,655.0,178.36974385741954,0.503701011065135,1088,133037.1,4.03,0.22,0.1,1.76,0.11,0.11,,,0.13
2014-09-26,4.94,770.0,178.35579457153233,0.49550333527818513,1089,133120.53333333335,4.1,0.23,0.11,1.78,0.11,0.11,,,0.13
2014-09-27,4.83,768.0,175.3693088235294,0.49395459416470305,1089,133203.96666666667,4.07,0.23,0.11,1.8,0.11,0.11,,,0.13
2014-09-28,4.76,806.0,174.21560224521906,0.5001583616641623,1090,133287.40000000002,3.96,0.23,0.1,1.71,0.1,0.1,,,0.12
2014-09-29,4.78,671.0,173.98570104091016,0.5060244849525474,1091,133370.83333333334,4.02,0.23,0.1,1.74,0.1,0.1,,,0.12
2014-09-30,4.93,658.0,173.19703715807313,0.49922903442228483,1091,133454.2666666667,4.02,0.24,0.11,1.74,0.11,0.1,,,0.12
2014-10-01,4.94,558.0,172.3628394456548,0.48849561494990223,793,133537.7,4.17,0.24,0.11,1.79,0.11,0.11,,,0.13
2014-10-02,4.87,614.0,172.98843875574926,0.5012536436207393,795,133982.58387096776,4.11,0.23,0.11,1.81,0.11,0.11,,,0.12
2014-10-03,4.88,779.0,173.8922092411038,0.4884951234807424,798,134427.46774193548,4.05,0.24,0.11,1.75,0.1,0.11,,,0.13
2014-10-04,4.67,783.0,175.07523580852092,0.5132479288808588,801,134872.35161290324,3.82,0.24,0.11,1.77,0.11,0.11,,,0.14
2014-10-05,4.73,932.0,172.14607673686757,0.5034619586948321,803,135317.235483871,3.77,0.24,0.11,1.74,0.11,0.1,,,0.14
2014-10-06,4.64,557.0,173.86488144517062,0.5149030739113828,806,135762.1193548387,3.9,0.25,0.1,1.81,0.1,0.1,,,0.17
2014-10-07,4.59,571.0,172.12618512466713,0.5220703520323119,808,136207.00322580646,3.95,0.24,0.11,1.77,0.1,0.11,,,0.21
2014-10-08,4.57,600.0,174.1841779835391,0.529303666077322,811,136651.8870967742,4.01,0.25,0.1,1.79,0.1,0.11,,,0.23
2014-10-09,4.64,634.0,172.5270165516824,0.4894243630315763,814,137096.77096774193,4.06,0.24,0.1,1.8,0.1,0.11,,,0.2
2014-10-10,4.62,631.0,171.24432228879206,0.4990628780537113,816,137541.65483870968,4.15,0.26,0.11,1.83,0.11,0.11,,,0.2
2014-10-11,4.58,807.0,171.18664766400386,0.49510331589197065,819,137986.53870967744,3.93,0.26,0.1,1.82,0.11,0.11,,,0.23
2014-10-12,4.39,683.0,170.45798898571778,0.514690109381185,822,138431.42258064516,3.89,0.26,0.1,1.81,0.11,0.1,,,0.22
2014-10-13,4.45,611.0,171.77398523359963,0.5061917189884457,824,138876.3064516129,3.85,0.26,0.11,1.85,0.11,0.1,,,0.23
2014-10-14,4.41,589.0,172.42778349673202,0.5207186664693242,827,139321.19032258066,3.82,0.26,0.11,1.88,0.1,0.1,,,0.24
2014-10-15,4.62,590.0,171.55444647179854,0.49958958873850867,830,139766.0741935484,3.9,0.26,0.1,1.92,0.1,0.1,,,0.24
2014-10-16,4.67,617.0,170.48844217501812,0.5253223236549596,832,140210.95806451613,4.03,0.27,0.11,1.86,0.1,0.1,,,0.23
2014-10-17,4.75,759.0,169.89261344105543,0.506299822570533,835,140655.84193548388,4.09,0.27,0.11,1.89,0.1,0.1,,,0.23
2014-10-18,4.58,748.0,169.19541091745342,0.5109184446905496,838,141100.72580645164,3.92,0.26,0.11,1.89,0.1,0.09,,,0.23
2014-10-19,4.33,658.0,169.49615825465992,0.541102201018235,840,141545.60967741936,3.88,0.26,0.11,1.69,0.09,0.08,,,0.21
2014-10-20,4.43,644.0,167.36022043694024,0.5226773541038086,843,141990.4935483871,3.85,0.24,0.11,1.72,0.09,0.08,,,0.21
2014-10-21,4.47,591.0,166.73975602154442,0.5278541320486067,845,142435.37741935486,3.95,0.24,0.11,1.78,0.1,0.08,,,0.21
2014-10-22,4.37,600.0,168.36673229847494,0.5437380781284462,848,142880.26129032258,3.75,0.24,0.11,1.8,0.09,0.08,,,0.21
2014-10-23,4.52,677.0,167.02460209392396,0.534855646950272,851,143325.14516129033,3.92,0.23,0.11,1.83,0.09,0.08,,,0.21
2014-10-24,4.56,861.0,166.91005513192928,0.546016844621856,853,143770.02903225808,4.07,0.23,0.12,1.86,0.1,0.08,,,0.21
2014-10-25,4.6,744.0,167.56638277656742,0.5398296426696544,856,144214.9129032258,4.01,0.23,0.12,1.84,0.09,0.08,,,0.22
2014-10-26,4.6,802.0,165.18436604333093,0.5252665792253521,859,144659.79677419356,3.88,0.22,0.12,1.8,0.09,0.07,,,0.22
2014-10-27,4.54,700.0,165.77631166787702,0.5199714077457815,861,145104.6806451613,3.85,0.21,0.12,1.79,0.09,0.07,,,0.22
2014-10-28,4.7,727.0,165.20848456790122,0.5119315630050505,864,145549.56451612903,3.94,0.22,0.12,1.86,0.09,0.07,,,0.22
2014-10-29,4.69,644.0,165.14166627329942,0.5326093536055969,867,145994.44838709678,4.02,0.22,0.13,1.9,0.1,0.07,,,0.23
2014-10-30,4.76,694.0,167.015448922779,0.5313294109691962,869,146439.33225806453,4.11,0.23,0.13,1.89,0.08,0.07,,,0.24
2014-10-31,4.88,911.0,162.7910445412733,0.5123832158680299,872,146884.21612903225,4.12,0.23,0.12,1.88,0.09,0.07,,,0.25
2014-11-01,4.76,802.0,163.94828231663035,0.5111337573044494,904,147329.1,4.12,0.22,0.13,1.85,0.08,0.07,,,0.25
2014-11-02,4.64,771.0,161.83057897603484,0.48927986632077075,911,148537.78,3.95,0.21,0.12,1.8,0.08,0.06,,,0.25
2014-11-03,4.83,698.0,161.70164696804648,0.48709993216958114,918,149746.46,4.05,0.2,0.12,1.79,0.08,0.06,,,0.25
2014-11-04,4.82,738.0,160.46821556523847,0.49277139445686363,926,150955.14,4.08,0.21,0.13,1.89,0.08,0.06,,,0.26
2014-11-05,4.74,565.0,160.01153467683375,0.5021013362945755,933,152163.82,4.12,0.21,0.13,1.79,0.09,0.06,,,0.26
2014-11-06,4.81,595.0,160.12209652626484,0.5038122286303528,941,153372.5,4.04,0.2,0.12,1.83,0.08,0.06,,,0.26
2014-11-07,4.75,699.0,159.6806596465747,0.5021498859979101,948,154581.18,4.05,0.21,0.12,1.84,0.08,0.06,,,0.27
2014-11-08,4.67,795.0,159.91886008230455,0.5155538689510164,956,155789.86000000002,4.0,0.21,0.12,1.84,0.09,0.06,,,0.27
2014-11-09,4.56,721.0,157.87349252602274,0.5101262822237961,963,156998.54,3.83,0.21,0.11,1.85,0.09,0.06,,,0.26
2014-11-10,4.61,505.0,156.89160248729124,0.5084665780697268,970,158207.22,3.89,0.21,0.12,1.86,0.09,0.05,,,0.28
2014-11-11,4.62,650.0,155.92641687847978,0.511693883884491,978,159415.9,3.87,0.2,0.12,1.87,0.08,0.06,,,0.29
2014-11-12,3.85,823.0,153.13792610748,0.5160080982701027,985,160624.58000000002,3.09,0.16,0.1,1.45,0.07,0.04,1.09,,0.23
2014-11-13,3.66,617.0,150.22037115710478,0.5233700160492917,993,161833.26,3.05,0.16,0.09,1.3,0.07,0.04,0.77,,0.21
2014-11-14,3.77,613.0,150.44782313604458,0.5202802671813832,1000,163041.94,3.12,0.17,0.09,1.38,0.07,0.04,0.73,,0.23
2014-11-15,3.66,639.0,149.24359156378603,0.5351269488390398,1007,164250.62,3.19,0.18,0.1,1.4,0.07,0.04,0.62,,0.24
2014-11-16,3.48,666.0,148.8533952735415,0.5389202448945981,1015,165459.3,2.99,0.16,0.09,1.32,0.06,0.04,0.46,,0.23
2014-11-17,3.67,505.0,146.63260944686513,0.5249097605839597,1022,166667.98,3.08,0.15,0.09,1.33,0.06,0.04,0.51,,0.22
2014-11-18,3.83,617.0,147.12191848220775,0.5250166670496433,1030,167876.66,3.3,0.16,0.09,1.38,0.06,0.04,0.57,,0.24
2014-11-19,3.89,413.0,146.00212436456061,0.5214915998126807,1037,169085.34,3.15,0.15,0.09,1.41,0.06,0.04,0.42,,0.24
2014-11-20,3.81,485.0,143.74295203945778,0.5043625579647505,1044,170294.02000000002,3.08,0.15,0.1,1.43,0.06,0.03,0.27,,0.23
2014-11-21,3.75,495.0,142.06349146695715,0.5012822680727274,1052,171502.7,3.07,0.14,0.08,1.4,0.06,0.04,0.19,,0.22
2014-11-22,3.49,536.0,142.4837631929315,0.5351179636515406,1059,172711.38,2.93,0.13,0.07,1.37,0.06,0.03,0.15,,0.21
2014-11-23,3.38,601.0,142.29643887678532,0.5524667285482374,1067,173920.06,2.92,0.13,0.08,1.33,0.06,0.03,0.14,,0.2
2014-11-24,3.38,551.0,142.62313198983298,0.5467927213461142,1074,175128.74,3.11,0.13,0.08,1.37,0.06,0.03,0.16,,0.2
2014-11-25,3.56,585.0,143.7763386891794,0.5566730023377338,1082,176337.42,3.14,0.13,0.08,1.36,0.06,0.03,0.2,,0.2
2014-11-26,3.71,621.0,143.0623448620189,0.561557502927829,1089,177546.1,3.17,0.13,0.09,1.38,0.06,0.03,0.2,,0.2
2014-11-27,3.75,685.0,143.00959725248126,0.5691252415030302,1096,178754.78,3.23,0.12,0.08,1.38,0.06,0.03,0.16,,0.19
2014-11-28,3.87,767.0,144.43066282377146,0.5622703971385756,1104,179963.46,3.38,0.13,0.09,1.41,0.06,0.03,0.15,,0.2
2014-11-29,3.84,813.0,150.56890456305976,0.6192254424529204,1111,181172.14,3.4,0.13,0.08,1.38,0.06,0.03,0.15,,0.2
2014-11-30,3.55,773.0,143.27076664245945,0.569977033959429,1119,182380.82,3.3,0.12,0.07,1.32,0.05,0.03,0.11,,0.19
2014-12-01,3.67,721.0,145.41953673444687,0.5604295462649183,1090,183589.5,3.26,0.12,0.07,1.36,0.06,0.03,0.11,,0.21
2014-12-02,3.97,706.0,145.16537687605907,0.5540859027680202,1099,185217.92580645162,3.51,0.12,0.08,1.42,0.06,0.03,0.12,,0.23
2014-12-03,4.14,662.0,147.82734779714355,0.5587318862609528,1109,186846.35161290324,3.7,0.13,0.09,1.49,0.06,0.03,0.11,,0.26
2014-12-04,4.32,639.0,150.15457685790366,0.5530061900604283,1119,188474.77741935482,3.66,0.14,0.1,1.51,0.06,0.03,0.1,,0.28
2014-12-05,4.24,561.0,152.21604327039458,0.5620563202499774,1128,190103.20322580644,3.65,0.15,0.1,1.56,0.07,0.03,0.09,,0.31
2014-12-06,4.21,670.0,151.02295403655287,0.5721447297678725,1138,191731.62903225806,3.75,0.17,0.1,1.64,0.07,0.03,0.09,,0.34
2014-12-07,4.07,624.0,153.02136356209152,0.5748167813984595,1148,193360.05483870968,3.76,0.17,0.1,1.56,0.08,0.03,0.08,,0.37
2014-12-08,4.13,572.0,152.68377929072867,0.5674748694181634,1157,194988.4806451613,3.75,0.17,0.11,1.57,0.07,0.03,0.07,,0.36
2014-12-09,4.09,505.0,153.66405277172595,0.5772927705085759,1167,196616.90645161291,3.78,0.17,0.11,1.64,0.07,0.03,0.08,,0.37
2014-12-10,4.1,591.0,152.5225676591624,0.5725140969582188,1177,198245.33225806453,3.81,0.16,0.11,1.67,0.07,0.03,0.14,,0.33
2014-12-11,4.16,620.0,151.6677820745582,0.5673446566680317,1186,199873.75806451612,3.89,0.16,0.1,1.68,0.07,0.03,0.11,,0.34
2014-12-12,4.18,680.0,155.2092867041878,0.5710994969833061,1196,201502.18387096774,3.8,0.15,0.1,1.63,0.07,0.03,0.09,,0.35
2014-12-13,3.84,801.0,155.07506805252964,0.5888269012881178,1206,203130.60967741936,3.44,0.15,0.09,1.52,0.07,0.03,0.08,,0.35
2014-12-14,3.88,748.0,154.26710345557973,0.5837783075187614,1215,204759.03548387098,3.02,0.14,0.09,1.47,0.06,0.03,0.07,,0.35
2014-12-15,3.97,672.0,153.9589636891794,0.5845869876937848,1225,206387.4612903226,3.26,0.13,0.09,1.45,0.06,0.03,0.07,,0.35
2014-12-16,3.99,691.0,155.0043155712902,0.5678836526707755,1235,208015.88709677418,3.31,0.14,0.09,1.45,0.06,0.03,0.07,,0.36
2014-12-17,3.87,842.0,156.68041600096828,0.6017056697825984,1244,209644.3129032258,3.36,0.14,0.09,1.46,0.06,0.03,0.07,,0.35
2014-12-18,4.03,777.0,155.2124038973614,0.5806091498677433,1254,211272.73870967742,3.39,0.15,0.09,1.51,0.06,0.03,0.07,,0.36
2014-12-19,4.1,859.0,156.8646662127814,0.5605260197543619,1264,212901.16451612904,3.5,0.14,0.09,1.49,0.07,0.03,0.07,,0.36
2014-12-20,4.14,774.0,157.31167368675867,0.5456573716913108,1273,214529.59032258065,3.61,0.15,0.09,1.49,0.07,0.03,0.06,,0.36
2014-12-21,4.03,746.0,156.93955461752606,0.5510955924636876,1283,216158.01612903227,3.41,0.15,0.08,1.44,0.06,0.03,0.06,,0.37
2014-12-22,3.96,704.0,157.8158114560639,0.5668199242776057,1293,217786.4419354839,3.55,0.15,0.08,1.37,0.06,0.03,0.06,,0.37
2014-12-23,4.02,926.0,159.23268539699828,0.5773824906232571,1302,219414.86774193548,3.7,0.15,0.09,1.47,0.07,0.03,0.06,,0.4
2014-12-24,4.45,1095.0,162.37856986807063,0.5408253444081098,1312,221043.2935483871,3.95,0.17,0.1,1.62,0.07,0.03,0.07,,0.44
2014-12-25,4.68,1127.0,169.2445872972646,0.5547553594897443,1322,222671.71935483871,4.06,0.18,0.1,1.7,0.09,0.04,0.09,,0.52
2014-12-26,4.75,1148.0,172.92795515613653,0.5623255487669802,1331,224300.14516129033,4.1,0.18,0.11,1.74,0.09,0.03,0.1,,0.53
2014-12-27,4.8,966.0,173.71420037521182,0.5582943687007056,1341,225928.57096774195,4.06,0.2,0.1,1.75,0.09,0.03,0.09,,0.52
2014-12-28,4.56,852.0,172.1645223311547,0.5888665525152375,1351,227556.99677419354,3.88,0.21,0.1,1.73,0.09,0.04,0.08,,0.52
2014-12-29,4.74,933.0,173.41627493343015,0.5852851583061275,1360,229185.4225806452,3.99,0.22,0.1,1.79,0.09,0.03,0.08,,0.55
2014-12-30,4.97,1080.0,175.32006647906076,0.555086013792544,1370,230813.84838709678,4.06,0.23,0.1,1.88,0.09,0.03,0.08,,0.59
2014-12-31,5.19,978.0,175.50734522512715,0.5387784299365567,1380,232442.2741935484,4.17,0.24,0.1,1.89,0.1,0.03,0.08,,0.68
2015-01-01,5.24,842.0,172.79392383805376,0.5239704673674731,1389,234070.7,4.13,0.23,0.1,1.9,0.11,0.04,0.09,,0.69
2015-01-02,5.25,993.0,171.577116164367,0.5337190846823068,1390,234259.85806451613,4.11,0.23,0.1,1.86,0.1,0.04,0.08,,0.65
2015-01-03,5.27,920.0,171.89944163035582,0.5166023165048165,1392,234449.01612903227,4.23,0.24,0.11,1.92,0.11,0.04,0.09,,0.7
2015-01-04,5.26,1005.0,171.4894305252965,0.5214292530361606,1393,234638.1741935484,4.31,0.26,0.1,1.87,0.11,0.04,0.08,,0.72
2015-01-05,5.29,801.0,170.68240598523366,0.5090755138094682,1394,234827.33225806453,4.29,0.26,0.1,1.88,0.11,0.04,0.08,,0.71
2015-01-06,5.32,810.0,170.2388198680707,0.518770146632566,1395,235016.49032258065,4.29,0.29,0.1,1.93,0.12,0.04,0.08,,0.71
2015-01-07,5.29,779.0,168.76716920842412,0.5330286919516085,1396,235205.6483870968,4.32,0.3,0.11,1.96,0.14,0.04,0.08,,0.71
2015-01-08,5.51,949.0,169.75246123819895,0.5174616115650892,1397,235394.8064516129,4.51,0.35,0.11,2.0,0.16,0.04,0.08,,0.72
2015-01-09,5.05,963.0,162.64827514524328,0.5366408432269717,1398,235583.96451612905,4.09,0.38,0.12,1.98,0.16,0.04,0.07,,0.73
2015-01-10,4.33,1028.0,161.0585594892278,0.5835648892697102,1399,235773.12258064517,3.56,0.35,0.12,2.02,0.15,0.05,0.07,,0.71
2015-01-11,3.82,1023.0,159.8802997155652,0.6270589984416954,1401,235962.2806451613,3.26,0.28,0.12,1.92,0.13,0.05,0.06,,0.62
2015-01-12,3.91,831.0,159.9207949951586,0.6241639591547298,1402,236151.43870967743,3.22,0.27,0.11,1.94,0.11,0.04,0.06,,0.62
2015-01-13,3.89,858.0,160.39191609174534,0.6303280883719827,1403,236340.59677419355,3.16,0.28,0.12,1.99,0.13,0.05,0.06,,0.64
2015-01-14,3.77,799.0,158.85112118736384,0.6568996345995844,1404,236529.7548387097,3.33,0.27,0.12,1.99,0.13,0.05,0.06,,0.62
2015-01-15,3.86,858.0,160.0597857358993,0.6558357285949113,1405,236718.9129032258,3.24,0.27,0.12,1.96,0.13,0.05,0.06,,0.61
2015-01-16,3.71,901.0,160.92833421084484,0.6554226067925633,1406,236908.07096774195,3.23,0.27,0.12,1.94,0.12,0.05,0.06,,0.59
2015-01-17,3.51,1083.0,160.0000744069233,0.6653424568900318,1407,237097.22903225807,3.0,0.29,0.12,1.93,0.11,0.05,0.06,,0.57
2015-01-18,3.3,1088.0,157.6299608448318,0.6935172373432601,1408,237286.3870967742,2.83,0.27,0.11,1.94,0.11,0.04,0.05,,0.52
2015-01-19,3.4,1009.0,154.3776476640039,0.6546660911273753,1410,237475.54516129033,2.83,0.25,0.11,1.92,0.11,0.04,0.05,,0.49
2015-01-20,3.78,859.0,151.4071748366013,0.640546600463231,1411,237664.70322580647,2.95,0.25,0.12,2.04,0.11,0.04,0.05,,0.52
2015-01-21,3.64,805.0,155.93928370854513,0.6609949216883821,1412,237853.8612903226,3.0,0.25,0.12,1.97,0.11,0.04,0.05,,0.56
2015-01-22,3.71,902.0,156.23953128782378,0.6552162262601864,1413,238043.0193548387,2.92,0.24,0.12,1.92,0.1,0.05,0.05,,0.56
2015-01-23,3.6,859.0,155.22099881989834,0.6706898945851961,1414,238232.17741935485,2.88,0.25,0.11,2.01,0.1,0.05,0.05,,0.57
2015-01-24,3.71,1153.0,152.40013961510533,0.6664175574952421,1415,238421.33548387096,3.0,0.27,0.11,2.02,0.1,0.05,0.05,,0.59
2015-01-25,3.46,1012.0,153.0463844105543,0.6854635901718528,1416,238610.4935483871,2.74,0.27,0.11,2.02,0.1,0.05,0.04,,0.57
2015-01-26,3.39,905.0,155.48633430162184,0.6815215589082676,1417,238799.65161290322,2.98,0.25,0.1,2.0,0.1,0.04,0.04,,0.55
2015-01-27,3.61,1016.0,153.7040834241104,0.6626541696920101,1419,238988.80967741937,2.9,0.25,0.09,2.02,0.1,0.05,0.04,,0.55
2015-01-28,3.49,863.0,152.93668113047693,0.6788730007082511,1420,239177.96774193548,2.76,0.24,0.1,1.98,0.11,0.04,0.04,,0.55
2015-01-29,3.38,913.0,156.4251984083757,0.7012865387806637,1421,239367.12580645163,2.8,0.23,0.1,1.99,0.11,0.04,0.04,,0.53
2015-01-30,3.57,1190.0,155.54236086903896,0.6776510745095102,1422,239556.28387096775,2.86,0.24,0.1,2.04,0.11,0.04,0.04,,0.55
2015-01-31,3.52,1248.0,156.4332663701283,0.6957167132789691,1423,239745.4419354839,2.66,0.25,0.1,2.03,0.11,0.04,0.04,,0.55
2015-02-01,3.37,1113.0,156.36214478939726,0.7134852742501677,1577,239934.6,2.71,0.26,0.1,2.04,0.1,0.04,0.04,,0.56
2015-02-02,3.45,1174.0,158.1245353727911,0.6962897374204229,1583,240936.80357142858,2.74,0.24,0.1,2.09,0.11,0.04,0.04,,0.56
2015-02-03,3.55,1132.0,158.91757368070688,0.7108298218507387,1590,241939.00714285715,2.73,0.25,0.1,2.09,0.1,0.05,0.04,,0.56
2015-02-04,3.68,983.0,157.41691575889615,0.69997542887614,1596,242941.21071428573,2.84,0.26,0.1,2.11,0.1,0.05,0.04,,0.57
2015-02-05,3.77,1008.0,158.08556790123458,0.6994003372118311,1603,243943.4142857143,2.91,0.27,0.1,2.18,0.1,0.05,0.04,,0.57
2015-02-06,3.76,1244.0,158.93362061244247,0.6998289783013845,1610,244945.61785714285,2.98,0.27,0.1,2.24,0.1,0.05,0.04,,0.59
2015-02-07,3.77,1171.0,158.72076673323647,0.7065541373181576,1616,245947.82142857142,2.97,0.27,0.1,2.24,0.1,0.05,0.04,,0.61
2015-02-08,3.61,1289.0,158.30663208061003,0.7084062845930664,1623,246950.025,3.07,0.26,0.1,2.2,0.1,0.05,0.04,,0.59
2015-02-09,3.74,939.0,156.83520243282499,0.7108201860674047,1629,247952.22857142857,3.05,0.24,0.09,2.25,0.1,0.05,0.03,,0.58
2015-02-10,3.67,930.0,156.87806272694266,0.726592130040273,1636,248954.43214285714,3.11,0.24,0.09,2.23,0.1,0.05,0.04,,0.58
2015-02-11,3.63,1009.0,157.2329611171629,0.7344722152108359,1643,249956.63571428572,3.02,0.24,0.09,2.24,0.1,0.05,0.03,,0.58
2015-02-12,3.65,1260.0,157.01119580610018,0.7364304285415126,1649,250958.8392857143,3.06,0.25,0.09,2.24,0.1,0.05,0.03,,0.58
2015-02-13,3.75,1347.0,159.04230150084726,0.7243574860727271,1656,251961.04285714286,3.05,0.25,0.09,2.2,0.1,0.05,0.03,,0.57
2015-02-14,3.86,1191.0,157.07885030864196,0.7218629361420813,1662,252963.24642857144,3.11,0.25,0.1,2.33,0.1,0.05,0.03,,0.57
2015-02-15,3.69,1167.0,155.22781433067055,0.7316644463210457,1669,253965.45,2.96,0.24,0.09,2.33,0.11,0.05,0.03,,0.56
2015-02-16,3.68,1107.0,152.7013846828855,0.7310799349073257,1676,254967.65357142856,3.03,0.25,0.1,2.35,0.1,0.06,0.03,,0.55
2015-02-17,3.76,980.0,152.0278112745098,0.7192775092942204,1682,255969.85714285713,3.11,0.26,0.1,2.4,0.1,0.06,0.03,,0.56
2015-02-18,3.92,1152.0,152.5705253570564,0.7177322057018788,1689,256972.0607142857,3.1,0.25,0.1,2.58,0.1,0.06,0.03,,0.56
2015-02-19,4.16,1408.0,152.66939351851852,0.6872102877650377,1695,257974.26428571428,3.11,0.26,0.1,2.57,0.1,0.06,0.03,,0.57
2015-02-20,4.31,1100.0,151.61364073468891,0.6778276175966715,1702,258976.46785714285,3.22,0.26,0.1,2.56,0.1,0.05,0.03,,0.58
2015-02-21,4.22,1129.0,151.9502443415638,0.7088460132237556,1708,259978.67142857143,3.2,0.27,0.1,2.54,0.11,0.05,0.03,,0.6
2015-02-22,4.09,1141.0,152.42261099007504,0.7225686582172253,1715,260980.875,3.12,0.27,0.1,2.64,0.11,0.05,0.03,,0.6
2015-02-23,4.09,983.0,152.52162899419022,0.7453009597530694,1722,261983.07857142857,3.18,0.26,0.1,2.71,0.11,0.05,0.03,,0.61
2015-02-24,4.14,961.0,153.15018939118855,0.7047157643642753,1728,262985.28214285715,3.24,0.26,0.1,2.71,0.11,0.05,0.03,,0.63
2015-02-25,4.38,1310.0,154.66508418058584,0.6848991698158914,1735,263987.4857142857,3.37,0.27,0.11,2.87,0.12,0.06,0.03,,0.64
2015-02-26,4.57,1123.0,154.36958048898575,0.6655918173353049,1741,264989.6892857143,3.44,0.27,0.11,3.11,0.12,0.06,0.03,,0.64
2015-02-27,4.72,1152.0,153.63624186032436,0.6471706218207001,1748,265991.89285714284,3.46,0.26,0.1,3.3,0.12,0.06,0.03,,0.65
2015-02-28,4.63,1315.0,153.45088637739045,0.656994134780484,1755,266994.09642857144,3.32,0.27,0.11,3.46,0.12,0.05,0.03,,0.66
2015-03-01,4.73,1110.0,152.95901282982328,0.6498112171507607,1591,267996.3,3.3,0.26,0.11,3.77,0.12,0.06,0.03,,0.66
2015-03-02,4.72,952.0,151.71837729968533,0.6509583203957862,1595,268762.5064516129,3.41,0.27,0.11,3.54,0.12,0.06,0.03,,0.67
2015-03-03,4.85,1107.0,153.18918642580488,0.650329179684601,1600,269528.7129032258,3.45,0.27,0.11,3.27,0.11,0.06,0.03,,0.68
2015-03-04,4.8,961.0,151.64773244977005,0.6477047055002075,1604,270294.9193548387,3.42,0.27,0.11,3.37,0.12,0.05,0.03,,0.68
2015-03-05,4.77,941.0,152.1636380718954,0.6391282389020884,1609,271061.1258064516,3.4,0.28,0.11,3.37,0.12,0.06,0.03,,0.68
2015-03-06,4.7,1146.0,152.46748420479304,0.6572885294823232,1613,271827.33225806453,3.44,0.29,0.11,3.42,0.12,0.05,0.03,,0.7
2015-03-07,4.59,1046.0,151.98716479060755,0.6484593572252854,1618,272593.5387096774,3.54,0.3,0.11,3.38,0.12,0.06,0.03,,0.7
2015-03-08,4.25,1108.0,151.79301304163639,0.6844494326374858,1623,273359.74516129034,3.26,0.3,0.11,3.31,0.11,0.05,0.03,,0.69
2015-03-09,4.42,983.0,150.51323759380298,0.6628438066211245,1627,274125.9516129032,3.38,0.31,0.11,3.33,0.11,0.06,0.03,,0.68
2015-03-10,4.47,955.0,149.84590168845315,0.6587137837485326,1632,274892.15806451614,3.5,0.32,0.11,3.35,0.11,0.06,0.03,,0.67
2015-03-11,4.48,954.0,149.54267468530622,0.6532902718698446,1636,275658.364516129,3.43,0.32,0.11,3.23,0.11,0.06,0.03,,0.65
2015-03-12,4.26,881.0,146.65331690268698,0.6671532221736597,1641,276424.57096774195,3.28,0.3,0.1,2.84,0.1,0.05,0.03,,0.61
2015-03-13,4.43,1134.0,145.94078558460419,0.6567792258625212,1645,277190.7774193548,3.47,0.3,0.1,2.97,0.11,0.06,0.03,,0.65
2015-03-14,4.31,1389.0,148.5136823710966,0.6562330937235793,1650,277956.98387096776,3.27,0.29,0.1,3.07,0.11,0.06,0.03,,0.64
2015-03-15,3.94,1218.0,148.4418578128782,0.6667169812841144,1654,278723.19032258063,3.06,0.25,0.09,2.79,0.09,0.05,0.03,,0.58
2015-03-16,3.94,1045.0,149.0687757504236,0.6925298983742707,1659,279489.39677419356,3.02,0.25,0.08,2.77,0.09,0.05,0.03,,0.59
2015-03-17,4.2,1060.0,150.10082144153958,0.6801449387381274,1663,280255.60322580644,3.1,0.27,0.09,3.08,0.1,0.06,0.03,,0.68
2015-03-18,4.23,861.0,149.9594908012588,0.672461288835607,1668,281021.80967741937,3.16,0.26,0.1,3.04,0.11,0.06,0.03,,0.68
2015-03-19,4.42,1051.0,150.67808702493343,0.6427362690488703,1673,281788.01612903224,3.39,0.28,0.1,3.04,0.1,0.06,0.03,,0.67
2015-03-20,4.35,1111.0,152.5915260530138,0.6581362480424684,1677,282554.2225806452,3.36,0.28,0.1,3.1,0.1,0.06,0.03,,0.68
2015-03-21,4.3,1331.0,151.5632473977245,0.6792599307375224,1682,283320.42903225805,3.35,0.27,0.1,3.05,0.11,0.06,0.03,,0.69
2015-03-22,4.08,1225.0,152.023913701283,0.6952909196716403,1686,284086.635483871,3.23,0.27,0.1,3.04,0.1,0.06,0.03,,0.68
2015-03-23,4.29,1141.0,152.84651416122009,0.6734466454567769,1691,284852.84193548386,3.2,0.27,0.1,3.14,0.1,0.06,0.03,,0.71
2015-03-24,4.25,1063.0,153.05844356693294,0.689286772929293,1695,285619.0483870968,3.29,0.27,0.11,3.04,0.1,0.06,0.03,,0.71
2015-03-25,4.41,1187.0,155.14461298717018,0.6864917727163093,1700,286385.25483870966,3.42,0.29,0.11,3.16,0.1,0.06,0.03,,0.73
2015-03-26,4.48,1139.0,154.70433106390703,0.6708724344664408,1704,287151.4612903226,3.39,0.29,0.12,3.11,0.1,0.06,0.03,,0.74
2015-03-27,4.56,1262.0,154.59077596223676,0.6698140840308181,1709,287917.66774193547,3.38,0.29,0.12,3.08,0.11,0.07,0.03,,0.75
2015-03-28,4.44,1452.0,154.80485769184216,0.674798617107676,1713,288683.8741935484,3.39,0.29,0.11,3.05,0.11,0.07,0.03,,0.76
2015-03-29,4.28,1195.0,153.34575009077705,0.6894338953361044,1718,289450.0806451613,3.33,0.29,0.11,3.11,0.11,0.07,0.03,,0.77
2015-03-30,4.19,1169.0,151.44564826918423,0.708558553200163,1723,290216.2870967742,3.36,0.28,0.11,3.09,0.11,0.07,0.03,,0.77
2015-03-31,4.31,1144.0,151.07907582909706,0.7122022061362525,1727,290982.4935483871,3.42,0.28,0.11,3.1,0.11,0.07,0.03,,0.78
2015-04-01,4.7,1772.0,152.69911310820623,0.730449227662037,1789,291748.7,3.57,0.3,0.12,3.1,0.11,0.07,0.03,,0.76
2015-04-02,4.78,1328.0,153.72457113894941,0.7267504250853313,1795,292599.95333333337,3.59,0.31,0.12,3.13,0.11,0.06,0.05,,0.77
2015-04-03,4.75,1351.0,154.73424307068504,0.7295989139393939,1800,293451.20666666667,3.66,0.32,0.12,3.18,0.12,0.07,0.05,,0.78
2015-04-04,4.73,1332.0,154.42968618373274,0.716334397470556,1805,294302.46,3.69,0.32,0.12,3.21,0.12,0.08,0.04,,0.78
2015-04-05,4.72,1418.0,152.88488825344953,0.6911469717115756,1810,295153.7133333333,3.7,0.32,0.12,3.18,0.12,0.07,0.04,,0.78
2015-04-06,4.78,1230.0,154.92836135318322,0.689297730061605,1815,296004.9666666667,3.76,0.33,0.12,3.29,0.12,0.08,0.04,,0.78
2015-04-07,4.89,1374.0,157.37218609295567,0.683539181684914,1821,296856.22000000003,3.79,0.33,0.13,3.31,0.13,0.08,0.04,,0.77
2015-04-08,4.9,1349.0,154.84755594892275,0.6889896779381655,1826,297707.4733333333,3.83,0.32,0.12,3.34,0.13,0.08,0.04,,0.79
2015-04-09,4.91,1154.0,155.94572455216655,0.7076607600703388,1831,298558.7266666667,3.86,0.32,0.12,3.29,0.13,0.08,0.04,,0.81
2015-04-10,4.97,1282.0,153.95750078673444,0.7014915177274756,1836,299409.98,3.89,0.32,0.12,3.3,0.12,0.08,0.04,,0.84
2015-04-11,4.86,1465.0,152.13427508472526,0.7385301958168642,1842,300261.23333333334,3.8,0.32,0.12,3.31,0.13,0.09,0.04,,0.85
2015-04-12,4.69,1158.0,150.0387187424352,0.7110499534918024,1847,301112.4866666667,3.72,0.32,0.12,3.29,0.13,0.09,0.04,,0.87
2015-04-13,4.75,1130.0,148.06982110869038,0.6948946861233021,1852,301963.74,3.61,0.32,0.12,3.25,0.14,0.1,0.04,,0.86
2015-04-14,4.48,948.0,143.27199461389495,0.7000692540266561,1857,302814.99333333335,3.58,0.32,0.12,3.14,0.13,0.1,0.04,,0.82
2015-04-15,4.42,1059.0,140.44345778867103,0.7103048891662288,1242,303666.24666666664,3.49,0.3,0.12,3.1,0.15,0.1,0.04,,0.8
2015-04-16,4.09,1062.0,138.45520993706123,0.7112419567526556,1245,304517.5,2.93,0.28,0.11,2.77,0.15,0.08,0.03,,0.72
2015-04-17,3.67,1096.0,136.1184251089325,0.7475496944035165,1249,305368.75333333336,2.79,0.27,0.1,2.6,0.14,0.08,0.03,,0.68
2015-04-18,3.56,1258.0,134.02529623577826,0.7852920447919791,1252,306220.00666666665,2.52,0.26,0.1,2.6,0.13,0.08,0.03,,0.69
2015-04-19,3.28,1320.0,133.22565516824014,0.8039264847829508,1256,307071.26,2.59,0.27,0.09,2.51,0.13,0.07,0.03,,0.66
2015-04-20,3.58,1054.0,131.94235890220287,0.7559508821396531,1259,307922.5133333333,2.64,0.28,0.09,2.66,0.13,0.07,0.03,,0.64
2015-04-21,3.49,1021.0,133.37375816993463,0.7800361350356656,1263,308773.76666666666,2.63,0.26,0.1,2.6,0.13,0.07,0.03,,0.63
2015-04-22,3.63,1071.0,133.3062582001937,0.7562274237480845,1266,309625.02,2.68,0.28,0.1,2.58,0.13,0.06,0.03,,0.6
2015-04-23,3.73,960.0,131.15032053376908,0.7449494237560191,1270,310476.2733333333,2.64,0.27,0.1,2.51,0.13,0.06,0.03,,0.61
2015-04-24,3.71,1123.0,133.4316332607117,0.7604483823866687,1273,311327.5266666667,2.73,0.26,0.1,2.66,0.13,0.06,0.04,,0.65
2015-04-25,3.69,1355.0,135.74891469983055,0.7660565150413668,1276,312178.77999999997,2.78,0.27,0.1,2.64,0.14,0.07,0.04,,0.65
2015-04-26,3.6,1387.0,135.07221259985477,0.7742222492548435,1280,313030.0333333333,2.65,0.26,0.09,2.61,0.13,0.06,0.03,,0.63
2015-04-27,3.81,1147.0,134.12028337569598,0.7484972804711135,1283,313881.2866666667,2.6,0.26,0.1,2.59,0.13,0.06,0.04,,0.61
2015-04-28,4.14,1241.0,136.5226749878964,0.7173376275670866,1287,314732.54,2.67,0.23,0.1,2.55,0.13,0.07,0.04,,0.6
2015-04-29,4.21,1117.0,137.05053691600094,0.6989251203540623,1290,315583.79333333333,2.76,0.22,0.1,2.6,0.13,0.07,0.04,,0.65
2015-04-30,4.36,1230.0,139.166234114016,0.6797897967024472,1294,316435.04666666663,2.88,0.22,0.1,2.66,0.12,0.08,0.04,,0.68
2015-05-01,3.88,1476.0,120.36724603606874,0.5876188301747887,1255,317286.3,2.78,0.22,0.09,2.66,0.12,0.08,0.03,,0.63
2015-05-02,4.36,1433.0,134.49762563543933,0.7112208598484847,1259,318153.06451612903,2.89,0.22,0.09,2.81,0.13,0.08,0.04,,0.65
2015-05-03,4.18,1272.0,134.08951709634474,0.7492154727590274,1262,319019.8290322581,2.95,0.21,0.09,2.71,0.12,0.08,0.04,,0.6
2015-05-04,4.16,1148.0,139.0632503328492,0.7386159711188461,1266,319886.5935483871,2.86,0.24,0.08,2.77,0.12,0.08,0.03,,0.61
2015-05-05,4.38,1105.0,141.20161658799321,0.7112474823269027,1269,320753.3580645161,2.97,0.23,0.09,2.92,0.12,0.08,0.03,,0.62
2015-05-06,4.37,1038.0,141.088889009925,0.7096358040668695,1273,321620.12258064514,2.95,0.24,0.09,2.85,0.12,0.09,0.04,,0.62
2015-05-07,4.43,1065.0,143.16239394214477,0.7161820934124798,1276,322486.8870967742,3.05,0.24,0.08,2.97,0.12,0.09,0.04,,0.63
2015-05-08,4.46,1230.0,142.58797025538607,0.7230078126741554,1280,323353.6516129032,3.08,0.26,0.08,3.05,0.12,0.08,0.04,,0.65
2015-05-09,4.55,1218.0,142.44544883200194,0.7129713908661078,1283,324220.41612903227,3.06,0.27,0.09,3.07,0.12,0.09,0.04,,0.65
2015-05-10,4.48,1161.0,143.0899352154442,0.721265093123209,1286,325087.1806451613,3.15,0.27,0.08,3.01,0.11,0.08,0.03,,0.64
2015-05-11,4.42,1146.0,143.35225901718712,0.7256505015107726,1290,325953.9451612903,3.08,0.27,0.08,3.08,0.1,0.08,0.03,,0.63
2015-05-12,4.51,1134.0,143.99504962478818,0.7824898682401764,1293,326820.70967741933,3.15,0.28,0.09,3.06,0.11,0.08,0.04,,0.62
2015-05-13,4.69,1145.0,143.57878065238438,0.6980851376701648,1297,327687.4741935484,3.3,0.29,0.09,3.08,0.12,0.08,0.04,,0.62
2015-05-14,4.68,1171.0,143.12557014040183,0.7001667183675193,1300,328554.2387096774,3.33,0.29,0.1,3.16,0.12,0.08,0.04,,0.62
2015-05-15,4.78,1243.0,144.8934651416122,0.7056874895729272,1304,329421.00322580646,3.36,0.3,0.09,3.25,0.12,0.08,0.04,,0.65
2015-05-16,4.73,1340.0,144.96154142459454,0.7056129893436439,1307,330287.7677419355,3.33,0.3,0.09,3.16,0.12,0.08,0.04,,0.65
2015-05-17,4.68,1270.0,145.07199319172113,0.6934415642251203,1310,331154.5322580645,3.22,0.29,0.09,3.19,0.11,0.08,0.04,,0.62
2015-05-18,4.65,985.0,143.3661668482208,0.7011176381648654,1314,332021.2967741935,3.19,0.29,0.09,3.24,0.11,0.08,0.04,,0.62
2015-05-19,4.71,1086.0,143.08677487291212,0.6958386353023999,1317,332888.06129032257,3.24,0.29,0.09,3.22,0.11,0.08,0.04,,0.62
2015-05-20,4.68,987.0,141.75064251997097,0.6973046052798175,1321,333754.8258064516,3.36,0.29,0.08,3.15,0.12,0.08,0.05,,0.61
2015-05-21,4.93,1221.0,142.5165841200678,0.6988781058770749,1324,334621.59032258065,3.61,0.28,0.08,3.29,0.12,0.08,0.05,,0.6
2015-05-22,5.01,1414.0,142.06639500121034,0.6950982721321067,1328,335488.3548387097,3.75,0.28,0.08,3.33,0.12,0.08,0.05,,0.59
2015-05-23,5.05,1387.0,142.28786398571773,0.7008738602347983,1331,336355.1193548387,3.61,0.29,0.08,3.33,0.12,0.08,0.05,,0.6
2015-05-24,4.78,1228.0,140.22970040547082,0.7177047020999834,1334,337221.8838709677,3.62,0.3,0.09,3.35,0.11,0.08,0.04,,0.58
2015-05-25,4.79,1295.0,140.83285920479307,0.7034920946605976,1338,338088.64838709676,3.68,0.3,0.09,3.36,0.12,0.09,0.05,,0.6
2015-05-26,4.8,1026.0,141.0044950677802,0.7158328247716894,1341,338955.4129032258,3.66,0.29,0.09,3.4,0.12,0.09,0.05,,0.6
2015-05-27,3.76,1458.0,134.77956003389008,0.7403494233589892,1345,339822.17741935485,2.56,0.21,0.06,2.51,0.09,0.06,0.03,,0.44
2015-05-28,3.78,1170.0,133.11796172234327,0.7229045538023549,1348,340688.9419354839,2.54,0.24,0.07,2.55,0.11,0.07,0.03,,0.5
2015-05-29,4.0,1263.0,134.54334555797627,0.7190625766433567,1352,341555.7064516129,2.73,0.24,0.07,2.88,0.11,0.07,0.04,,0.54
2015-05-30,4.27,1398.0,136.34274624788188,0.7453387461953359,1355,342422.4709677419,2.92,0.24,0.07,2.98,0.11,0.08,0.04,,0.54
2015-05-31,4.29,1242.0,136.06040531953522,0.7645103370152186,1358,343289.23548387096,2.9,0.23,0.07,2.92,0.12,0.08,0.04,,0.53
2015-06-01,4.52,1282.0,138.19009931009438,0.7445570627320212,1407,344156.0,3.11,0.25,0.08,2.97,0.11,0.09,0.04,,0.55
2015-06-02,4.71,1111.0,140.08927711207937,0.7332950328563023,1405,343668.5466666667,3.37,0.29,0.08,3.13,0.11,0.09,0.04,,0.59
2015-06-03,4.51,997.0,140.42260021786493,0.7430370586391734,1403,343181.0933333333,3.27,0.28,0.08,3.14,0.11,0.08,0.04,,0.55
2015-06-04,4.45,1121.0,138.2975015734689,0.7247010606823633,1401,342693.64,3.15,0.27,0.08,3.18,0.11,0.09,0.04,,0.53
2015-06-05,4.4,1073.0,135.33856417937545,0.7111817407883179,1399,342206.18666666665,3.16,0.27,0.08,3.0,0.11,0.08,0.04,,0.5
2015-06-06,4.48,1151.0,136.23893412611955,0.7085889591473472,1397,341718.73333333334,3.02,0.27,0.08,2.98,0.1,0.08,0.04,,0.51
2015-06-07,4.5,1090.0,135.01669529169692,0.7080617938311689,1395,341231.28,3.08,0.26,0.08,2.98,0.11,0.08,0.04,,0.5
2015-06-08,4.51,1094.0,136.51634080731057,0.7520368899731985,1393,340743.82666666666,3.34,0.27,0.08,2.93,0.1,0.08,0.04,,0.52
2015-06-09,4.51,1027.0,137.45974748850156,0.7175696662019627,1391,340256.37333333335,3.47,0.27,0.08,2.98,0.1,0.08,0.04,,0.5
2015-06-10,4.55,1155.0,137.73513226216414,0.707294119589512,1389,339768.92,3.51,0.25,0.07,3.01,0.1,0.09,0.04,,0.49
2015-06-11,4.6,1075.0,135.90112124788186,0.6986041870892019,1387,339281.4666666667,3.45,0.23,0.07,2.83,0.1,0.08,0.04,,0.47
2015-06-12,4.68,1239.0,135.31422703340598,0.6648147161412172,1385,338794.01333333337,3.49,0.22,0.07,2.6,0.1,0.08,0.04,,0.47
2015-06-13,4.73,1208.0,136.7254579399661,0.6566043327989437,1383,338306.56,3.5,0.23,0.08,2.71,0.1,0.08,0.03,,0.46
2015-06-14,4.69,1258.0,136.25353912490922,0.6817477210351077,1381,337819.1066666667,3.47,0.23,0.07,2.63,0.1,0.07,0.04,,0.46
2015-06-15,4.57,1088.0,135.3880723493101,0.6717983820560627,1379,337331.6533333333,3.39,0.23,0.06,2.67,0.1,0.07,0.04,,0.44
2015-06-16,4.6,1214.0,134.42430455700799,0.6648905781476739,1377,336844.2,3.32,0.23,0.07,2.68,0.1,0.07,0.04,,0.47
2015-06-17,4.68,1136.0,134.6805852396514,0.6726851105765173,1375,336356.7466666667,3.34,0.22,0.06,2.64,0.1,0.08,0.03,,0.48
2015-06-18,4.74,1166.0,134.47849316146213,0.6553143175539928,1373,335869.29333333333,3.41,0.22,0.07,2.67,0.1,0.08,0.04,,0.48
2015-06-19,4.89,1409.0,134.39350587024936,0.6430954330790996,1371,335381.84,3.44,0.23,0.07,2.82,0.1,0.08,0.03,,0.49
2015-06-20,4.88,1117.0,135.7478161764706,0.6544035173380144,1369,334894.38666666666,3.4,0.23,0.06,2.8,0.1,0.08,0.04,,0.46
2015-06-21,4.79,1123.0,134.16192586540788,0.6574265550151722,1367,334406.93333333335,3.27,0.21,0.06,2.74,0.1,0.07,0.03,,0.46
2015-06-22,4.77,1189.0,134.9632674897119,0.6454034471781084,1365,333919.48000000004,3.22,0.22,0.06,2.73,0.1,0.07,0.03,,0.42
2015-06-23,5.05,1305.0,134.51194005688697,0.6475248421733896,1363,333432.0266666667,3.49,0.24,0.07,2.86,0.1,0.08,0.03,,0.45
2015-06-24,5.22,1447.0,135.41530280198498,0.6497785883772965,1361,332944.57333333336,3.54,0.24,0.07,2.87,0.1,0.08,0.03,,0.48
2015-06-25,5.46,1428.0,137.92798108811422,0.6544590705325871,1359,332457.12,3.68,0.26,0.07,2.92,0.1,0.08,0.04,,0.5
2015-06-26,5.6,1471.0,138.60028936698134,0.660132892882529,1357,331969.6666666667,3.82,0.27,0.07,3.13,0.11,0.08,0.04,,0.49
2015-06-27,5.89,1687.0,140.28848835027839,0.6100701716599847,1355,331482.2133333334,3.9,0.28,0.08,3.29,0.11,0.09,0.04,,0.52
2015-06-28,6.69,1365.0,139.60320996732023,0.5604873252052626,1353,330994.76,3.86,0.28,0.08,3.33,0.11,0.09,0.04,,0.53
2015-06-29,6.56,1097.0,140.97390728637131,0.5908820207288114,1351,330507.3066666667,3.93,0.28,0.08,3.42,0.11,0.09,0.04,,0.53
2015-06-30,6.81,1066.0,142.0534149116437,0.575569392246851,1349,330019.85333333333,4.02,0.28,0.08,3.52,0.11,0.09,0.04,,0.55
2015-07-01,6.93,1006.0,142.65045763737595,0.5633426427022078,1304,329532.4,4.12,0.29,0.08,3.61,0.11,0.09,0.05,,0.56
2015-07-02,7.18,1012.0,143.77134673807797,0.5421694486758077,1308,330435.71612903225,4.26,0.29,0.09,3.7,0.11,0.09,0.05,,0.57
2015-07-03,7.17,945.0,144.83097140522875,0.5638948909231928,1311,331339.03225806454,4.31,0.29,0.08,3.74,0.12,0.09,0.05,,0.6
2015-07-04,7.38,1017.0,145.59619707697894,0.5806331497132254,1315,332242.3483870968,4.27,0.29,0.09,3.78,0.12,0.09,0.05,,0.62
2015-07-05,7.66,1052.0,144.1342320261438,0.5416503011438201,1318,333145.66451612907,4.28,0.3,0.08,3.77,0.12,0.08,0.05,,0.64
2015-07-06,7.39,1064.0,142.50719126724766,0.5568800628274657,1322,334048.9806451613,4.21,0.3,0.09,3.73,0.12,0.08,0.05,,0.66
2015-07-07,7.54,1057.0,143.29783693415635,0.5418337281781964,1325,334952.2967741936,4.29,0.29,0.08,3.75,0.12,0.08,0.05,,0.68
2015-07-08,7.46,1000.0,143.35929078915518,0.5349064366785323,1329,335855.6129032258,4.46,0.29,0.09,3.79,0.11,0.08,0.05,,0.71
2015-07-09,7.33,1017.0,142.37848599007503,0.5497576711905422,1333,336758.9290322581,4.39,0.3,0.09,3.94,0.11,0.09,0.05,,0.73
2015-07-10,7.73,1243.0,143.6698502178649,0.5288451825439143,1336,337662.24516129034,4.51,0.31,0.09,4.06,0.11,0.09,0.05,,0.74
2015-07-11,7.79,1025.0,143.57719683490674,0.5035768584607004,1340,338565.56129032257,4.57,0.31,0.09,4.25,0.1,0.09,0.05,,0.78
2015-07-12,7.28,996.0,142.35520845436943,0.5309265939455909,1343,339468.87741935486,4.53,0.33,0.09,4.38,0.1,0.09,0.05,,0.83
2015-07-13,7.15,1067.0,142.24853997216172,0.5727552708195949,1347,340372.1935483871,4.31,0.33,0.09,4.39,0.1,0.08,0.05,,0.86
2015-07-14,6.57,1108.0,143.53345609416604,0.6379987705054958,1350,341275.5096774194,4.32,0.33,0.09,4.31,0.11,0.08,0.05,,0.87
2015-07-15,7.0,1081.0,142.92328437424354,0.6054980847767146,1354,342178.8258064516,4.26,0.35,0.09,4.35,0.11,0.08,0.05,,0.85
2015-07-16,7.2,1201.0,143.0890067477608,0.5931385723133396,1358,343082.1419354839,4.21,0.36,0.09,4.4,0.11,0.08,0.05,,0.79
2015-07-17,7.25,1030.0,144.02243509440814,0.6008489294483293,1361,343985.45806451613,4.37,0.38,0.09,4.54,0.11,0.08,0.05,,0.8
2015-07-18,7.53,1087.0,144.6142348704914,0.5985117014637903,1365,344888.7741935484,4.42,0.5,0.09,4.86,0.11,0.09,0.06,,0.83
2015-07-19,7.14,969.0,144.84317057007988,0.5964187257560039,1368,345792.09032258065,4.45,0.49,0.1,4.84,0.11,0.09,0.05,,0.82
2015-07-20,7.02,1213.0,144.4216036976519,0.6280575167112298,1372,346695.40645161294,4.21,0.5,0.1,4.92,0.11,0.09,0.06,,0.79
2015-07-21,6.93,1018.0,144.4602614681675,0.595193388886211,1375,347598.7225806452,4.2,0.48,0.1,4.9,0.11,0.09,0.05,,0.77
2015-07-22,7.07,1047.0,145.199607389252,0.5874914449352459,1379,348502.0387096774,4.34,0.46,0.1,4.84,0.11,0.09,0.05,,0.79
2015-07-23,6.96,1020.0,144.84424739772453,0.593719062904414,1383,349405.3548387097,4.68,0.45,0.11,4.9,0.11,0.09,0.05,,0.8
2015-07-24,7.16,1153.0,146.1744132473977,0.5875746701879038,1386,350308.6709677419,4.93,0.49,0.11,5.0,0.1,0.09,0.06,,0.82
2015-07-25,7.48,1033.0,146.0580919874123,0.5734521780454849,1390,351211.9870967742,4.79,0.49,0.11,5.0,0.11,0.09,0.06,,0.83
2015-07-26,7.14,918.0,145.9833066448802,0.5927954819172011,1393,352115.30322580645,4.8,0.48,0.11,5.2,0.11,0.08,0.05,,0.83
2015-07-27,6.98,974.0,146.65120309852335,0.6136033876582279,1397,353018.61935483874,4.48,0.48,0.11,4.94,0.11,0.09,0.05,,0.82
2015-07-28,7.41,1153.0,146.66581560154924,0.5892583766168241,1400,353921.93548387097,4.7,0.47,0.11,5.2,0.1,0.08,0.05,,0.81
2015-07-29,7.18,890.0,146.0655848462842,0.5880193581971574,1404,354825.25161290326,4.74,0.51,0.11,5.36,0.1,0.08,0.05,,0.8
2015-07-30,7.37,986.0,147.5352718167514,0.5765012071474624,1408,355728.5677419355,4.6,0.51,0.12,5.41,0.11,0.08,0.05,,0.81
2015-07-31,7.65,1119.0,147.65038634713142,0.5710276196372593,1411,356631.8838709678,4.91,0.51,0.12,5.43,0.11,0.08,0.06,,0.83
2015-08-01,7.53,935.0,149.23721729000243,0.5715927439575212,1415,357535.2,4.92,0.52,0.12,5.61,0.1,0.09,0.06,,0.83
2015-08-02,7.39,1014.0,145.99609425683857,0.5926696783941539,1415,357482.6225806452,4.67,0.49,0.12,5.5,0.1,0.08,0.05,,0.82
2015-08-03,7.44,1025.0,145.54164491043335,0.6011134197609901,1414,357430.0451612903,4.81,0.5,0.11,5.56,0.1,0.08,0.05,,0.83
2015-08-04,7.2,904.0,146.0791147724522,0.6082915666588568,1414,357377.4677419355,4.72,0.49,0.12,5.63,0.1,0.08,0.05,,0.81
2015-08-05,7.26,1009.0,145.691526446381,0.605019433665549,1414,357324.89032258064,4.7,0.51,0.11,5.62,0.1,0.08,0.06,,0.81
2015-08-06,7.24,1005.0,146.62823583877994,0.601004248942194,1414,357272.31290322583,4.68,0.49,0.12,5.51,0.1,0.08,0.05,,0.8
2015-08-07,7.24,955.0,145.5752802892762,0.6000267851487151,1414,357219.73548387096,4.64,0.5,0.12,5.67,0.1,0.08,0.05,,0.79
2015-08-08,7.24,950.0,146.58980110748,0.5940345223539294,1413,357167.15806451614,4.86,0.51,0.12,5.65,0.1,0.08,0.05,,0.81
2015-08-09,6.97,825.0,144.6471545328008,0.6345797297446483,1413,357114.5806451613,4.77,0.51,0.12,5.77,0.1,0.08,0.06,,0.79
2015-08-10,7.0,1105.0,144.8651163156621,0.6479014357416267,1413,357062.00322580646,4.68,0.51,0.12,5.77,0.1,0.09,0.05,,0.78
2015-08-11,7.02,1023.0,147.51665973735172,0.6074149224201044,1413,357009.4258064516,4.66,0.52,0.13,5.64,0.1,0.08,0.05,,0.78
2015-08-12,7.15,1132.0,146.40363320019367,0.6017742758517821,1412,356956.8483870968,4.5,0.54,0.13,5.69,0.1,0.08,0.05,,0.78
2015-08-13,7.09,1032.0,144.9035415456306,0.5970692305589786,1412,356904.27096774196,4.48,0.52,0.12,6.12,0.1,0.08,0.05,,0.78
2015-08-14,7.28,1092.0,144.16622739651416,0.5842027433847679,1412,356851.6935483871,4.76,0.51,0.11,6.23,0.1,0.08,0.06,,0.8
2015-08-15,7.04,1177.0,142.9106889373033,0.5734757833126867,1412,356799.1161290323,4.69,0.46,0.1,6.02,0.09,0.08,0.05,,0.74
2015-08-16,6.82,989.0,141.73564161220042,0.5865159204870594,1412,356746.5387096774,4.6,0.47,0.09,5.42,0.08,0.08,0.05,,0.75
2015-08-17,6.72,1041.0,142.14548057371098,0.5993451545060148,1411,356693.9612903226,4.52,0.46,0.09,5.36,0.09,0.08,0.05,,0.73
2015-08-18,6.72,1052.0,142.8377348099734,0.6029099935006246,1411,356641.3838709677,4.8,0.45,0.09,5.15,0.09,0.08,0.05,,0.74
2015-08-19,6.85,1225.0,141.20432930888404,0.5848897574623239,1411,356588.8064516129,4.59,0.46,0.09,5.3,0.09,0.08,0.05,,0.77
2015-08-20,6.96,1051.0,138.15607419511014,0.5696952658882696,1411,356536.22903225804,4.49,0.51,0.09,5.33,0.08,0.07,0.04,,0.76
2015-08-21,6.48,1047.0,139.35080374001453,0.6149885816545184,1411,356483.6516129032,4.4,0.49,0.09,5.01,0.08,0.07,0.04,,0.73
2015-08-22,6.43,1031.0,140.25408384773664,0.6213290221079779,1410,356431.0741935484,4.54,0.52,0.1,4.7,0.09,0.08,0.05,,0.72
2015-08-23,6.03,1122.0,136.46763413822316,0.625406682830651,1410,356378.49677419354,4.29,0.45,0.09,4.64,0.08,0.07,0.04,,0.63
2015-08-24,5.86,1182.0,139.18295237230697,0.6497495129494708,1410,356325.9193548387,4.13,0.42,0.09,4.94,0.07,0.07,0.04,,0.65
2015-08-25,6.54,1460.0,142.52146544420236,0.6146778011950256,1410,356273.34193548386,4.16,0.5,0.1,5.27,0.08,0.07,0.05,,0.75
2015-08-26,6.94,1110.0,145.65067777172595,0.6108028408368643,1410,356220.76451612904,4.53,0.49,0.1,5.52,0.09,0.07,0.05,,0.78
2015-08-27,7.19,1037.0,146.03703785403047,0.607101889021797,1409,356168.18709677417,4.89,0.52,0.1,5.59,0.09,0.08,0.05,,0.81
2015-08-28,7.54,1163.0,148.87065619704674,0.6005876509492334,1409,356115.60967741936,5.06,0.54,0.1,5.8,0.09,0.08,0.05,,0.83
2015-08-29,7.73,1330.0,149.8672467320262,0.5916832710092123,1409,356063.0322580645,4.97,0.56,0.11,5.98,0.09,0.08,0.05,,0.83
2015-08-30,7.62,1029.0,150.6698076131687,0.6105591566729548,1409,356010.4548387097,5.18,0.57,0.11,6.02,0.09,0.08,0.05,,0.85
2015-08-31,7.59,1108.0,151.49789282256108,0.6185637494819353,1409,355957.8774193548,5.18,0.61,0.12,6.12,0.1,0.08,0.06,,0.86
2015-09-01,7.67,1020.0,153.22760145848463,0.6183585028008701,1455,355905.3,5.18,0.65,0.12,5.94,0.1,0.09,0.06,,0.85
2015-09-02,7.73,863.0,153.35950223916728,0.6185662901818775,1456,356133.99333333335,5.08,0.85,0.13,6.23,0.1,0.09,0.06,,0.86
2015-09-03,7.52,960.0,152.7583763919148,0.6160105741017964,1457,356362.68666666665,5.05,0.86,0.15,6.03,0.11,0.09,0.06,,0.84
2015-09-04,7.64,1015.0,152.42431708424107,0.6013185381328073,1458,356591.38,5.19,0.82,0.19,6.06,0.1,0.09,0.06,,0.86
2015-09-05,7.72,1292.0,152.96926761074803,0.6009380161448141,1459,356820.0733333333,5.23,0.87,0.21,6.19,0.1,0.09,0.06,,0.86
2015-09-06,7.45,1009.0,152.52129314935848,0.6127450206715396,1460,357048.76666666666,5.0,0.83,0.2,6.08,0.1,0.09,0.07,,0.85
2015-09-07,7.69,1123.0,152.7420867526023,0.6234555536250631,1461,357277.45999999996,5.25,0.81,0.21,6.07,0.11,0.09,0.07,,0.84
2015-09-08,7.56,855.0,153.81643391430643,0.6423045185101514,1462,357506.1533333333,5.47,0.81,0.2,6.05,0.11,0.09,0.08,,0.84
2015-09-09,7.75,896.0,154.73210608811428,0.6452087346858834,1463,357734.8466666667,5.26,0.81,0.2,5.78,0.11,0.1,0.09,,0.85
2015-09-10,7.72,946.0,153.0528651355604,0.6558395922285478,1464,357963.54,5.19,0.8,0.19,5.95,0.11,0.09,0.1,,0.85
2015-09-11,7.75,1036.0,153.8517503933672,0.6573498687065781,1465,358192.23333333334,5.31,0.84,0.19,6.11,0.12,0.1,0.12,,0.85
2015-09-12,7.92,1186.0,154.40242162914546,0.6435666333827721,1466,358420.92666666664,5.35,0.88,0.18,6.31,0.12,0.1,0.1,,0.87
2015-09-13,7.81,1180.0,152.3139533708545,0.6472225937086677,1466,358649.62,5.2,0.89,0.17,5.81,0.11,0.1,0.08,,0.86
2015-09-14,7.74,881.0,153.8531688755749,0.6519375556122751,1467,358878.3133333333,5.39,0.9,0.17,6.04,0.11,0.1,0.08,,0.87
2015-09-15,7.93,1180.0,154.81610433309126,0.6490581376202098,1468,359107.00666666665,5.7,0.96,0.17,6.03,0.12,0.1,0.07,,0.88
2015-09-16,8.01,1099.0,154.74768106995882,0.660369227150189,1469,359335.69999999995,5.78,0.98,0.19,6.04,0.12,0.1,0.08,,0.92
2015-09-17,8.01,967.0,153.68974757927862,0.6318254364386009,1260,359564.3933333333,5.79,0.96,0.21,5.9,0.12,0.11,0.09,,0.98
2015-09-18,7.17,1200.0,151.3647797143549,0.6588623012205822,1261,359793.08666666667,5.09,0.84,0.2,5.32,0.13,0.11,0.09,,1.0
2015-09-19,6.39,1175.0,151.17592913338177,0.6992339910522548,1262,360021.77999999997,4.24,0.76,0.19,4.85,0.12,0.11,0.11,,0.95
2015-09-20,5.99,1057.0,149.83166539578795,0.7257430721436985,1263,360250.4733333333,3.77,0.7,0.19,4.76,0.12,0.11,0.12,,0.95
2015-09-21,6.05,948.0,148.8586945654805,0.7184881967481836,1263,360479.1666666666,4.05,0.66,0.19,4.55,0.13,0.1,0.1,,0.91
2015-09-22,6.28,953.0,149.0338884047446,0.7054233510992614,1264,360707.86,3.83,0.71,0.18,4.58,0.13,0.1,0.1,,0.91
2015-09-23,6.23,866.0,149.31454260469621,0.718041710515811,1265,360936.5533333333,3.61,0.69,0.18,4.55,0.13,0.1,0.09,,0.89
2015-09-24,6.14,992.0,150.9009510711692,0.7227073549031987,1266,361165.24666666664,3.74,0.67,0.17,4.54,0.13,0.1,0.1,,0.9
2015-09-25,6.41,1309.0,151.57948444686517,0.7125824131296128,1267,361393.94,3.79,0.69,0.17,4.63,0.14,0.1,0.1,,0.94
2015-09-26,6.62,1183.0,151.96863211086904,0.7085223552133174,1267,361622.6333333333,3.63,0.66,0.17,4.96,0.14,0.11,0.1,,0.95
2015-09-27,6.35,1148.0,151.98861099007505,0.7299159088341037,1268,361851.32666666666,3.55,0.62,0.16,4.91,0.14,0.1,0.1,,0.92
2015-09-28,6.68,1035.0,152.17485173081582,0.7004525253102925,1269,362080.01999999996,3.69,0.62,0.16,4.95,0.15,0.1,0.1,,0.93
2015-09-29,6.67,851.0,151.7465406681191,0.7013362994365686,1270,362308.7133333333,3.73,0.6,0.15,4.83,0.15,0.1,0.09,,0.93
2015-09-30,6.77,971.0,151.6032487291213,0.690948588326632,1271,362537.4066666666,4.09,0.63,0.15,5.06,0.18,0.11,0.09,,0.93
2015-10-01,6.97,887.0,153.5450169450496,0.6933415031918979,1230,362766.1,4.38,0.66,0.16,5.31,0.19,0.12,0.09,,0.93
2015-10-02,7.22,1154.0,156.5563466473009,0.683601094494326,1230,362706.7387096774,4.34,0.69,0.15,5.45,0.21,0.11,0.09,,0.93
2015-10-03,7.0,1247.0,156.96487484870488,0.7009386144816587,1230,362647.3774193548,4.05,0.66,0.16,5.52,0.26,0.12,0.09,,0.92
2015-10-04,6.78,1171.0,156.40659126119584,0.7085672830051593,1230,362588.01612903224,3.88,0.63,0.14,5.32,0.24,0.14,0.09,,0.92
2015-10-05,6.75,985.0,155.95100844226582,0.7144162509909909,1230,362528.6548387097,3.85,0.64,0.16,5.2,0.21,0.17,0.09,,0.9
2015-10-06,6.79,900.0,157.60721946865166,0.7145807156848355,1229,362469.29354838707,4.26,0.63,0.17,5.2,0.23,0.19,0.1,,0.91
2015-10-07,7.14,1069.0,158.3482172294844,0.6998258920768892,1229,362409.9322580645,4.32,0.62,0.16,5.25,0.24,0.24,0.11,,0.9
2015-10-08,7.02,983.0,157.43084129145484,0.7011105460275019,1229,362350.57096774195,4.2,0.65,0.17,5.2,0.23,0.22,0.12,,0.92
2015-10-09,7.25,1132.0,158.7673795691116,0.6883442248018649,1229,362291.20967741933,4.33,0.67,0.18,5.43,0.22,0.19,0.11,,0.96
2015-10-10,7.18,1149.0,158.05498659525543,0.6856191514760206,1229,362231.8483870968,4.22,0.67,0.19,5.47,0.21,0.19,0.12,,0.94
2015-10-11,6.87,1022.0,156.66167710602764,0.697514927856473,1228,362172.48709677416,3.87,0.62,0.18,5.35,0.2,0.17,0.11,,0.86
2015-10-12,6.98,906.0,155.7707445231179,0.6838720343466308,1228,362113.1258064516,3.9,0.63,0.17,5.45,0.18,0.16,0.11,,0.92
2015-10-13,7.11,949.0,155.5667038852578,0.6709964438794817,1228,362053.76451612904,3.95,0.68,0.16,5.44,0.18,0.16,0.11,,0.92
2015-10-14,7.0,944.0,155.22688002299688,0.6828323035964912,1228,361994.4032258064,3.98,0.66,0.16,5.5,0.18,0.15,0.1,,0.92
2015-10-15,7.32,1136.0,154.91057050351006,0.6639378309109423,1228,361935.04193548387,4.14,0.64,0.15,5.6,0.17,0.15,0.1,,0.92
2015-10-16,7.57,1008.0,154.36991530501086,0.6349446458653064,1227,361875.6806451613,4.31,0.68,0.15,5.62,0.18,0.16,0.1,,0.93
2015-10-17,7.44,1230.0,154.29634976397963,0.6547417674608255,1227,361816.3193548387,4.24,0.64,0.15,5.55,0.17,0.16,0.09,,0.91
2015-10-18,7.37,1292.0,153.2432207395304,0.6639660961898619,1227,361756.95806451613,4.13,0.6,0.15,5.28,0.16,0.15,0.09,,0.88
2015-10-19,7.7,1050.0,154.43881266642458,0.6413599876411171,1227,361697.5967741936,4.27,0.6,0.15,5.63,0.15,0.15,0.09,,0.88
2015-10-20,8.16,1377.0,153.85271719922537,0.6102570151515152,1227,361638.23548387096,4.47,0.63,0.15,5.57,0.15,0.14,0.09,,0.91
2015-10-21,8.37,1203.0,153.7804655349794,0.6005390438933959,1226,361578.8741935484,4.39,0.58,0.14,5.26,0.14,0.13,0.09,,0.87
2015-10-22,8.08,800.0,152.42439067417092,0.5895826380463424,1226,361519.51290322584,4.68,0.54,0.13,5.28,0.14,0.12,0.09,,0.87
2015-10-23,8.04,1177.0,150.91452575042365,0.5985738009746421,1226,361460.1516129032,4.76,0.58,0.13,5.27,0.15,0.13,0.09,,0.91
2015-10-24,7.84,1194.0,151.58322143548773,0.6070940784904167,1226,361400.79032258067,4.63,0.58,0.14,5.49,0.15,0.13,0.09,,0.9
2015-10-25,7.82,1326.0,149.06723166303559,0.6121911256239723,1226,361341.42903225805,4.38,0.58,0.14,5.5,0.15,0.13,0.09,,0.9
2015-10-26,7.83,917.0,150.4599281650932,0.6134289709803747,1225,361282.0677419355,4.59,0.59,0.13,5.52,0.14,0.13,0.08,,0.9
2015-10-27,8.01,1073.0,149.82992659162434,0.6054388125450508,1225,361222.70645161293,4.47,0.58,0.12,5.32,0.15,0.12,0.08,,0.9
2015-10-28,7.65,925.0,148.47737760227548,0.6199550773846841,1225,361163.3451612903,4.37,0.55,0.12,5.19,0.13,0.12,0.08,,0.87
2015-10-29,7.6,900.0,147.73682582909709,0.6288990511401139,1225,361103.98387096776,4.17,0.54,0.13,5.15,0.14,0.12,0.08,,0.87
2015-10-30,7.59,1137.0,149.39861686032438,0.6187299306694296,1225,361044.6225806452,4.43,0.54,0.13,5.41,0.14,0.13,0.08,,0.86
2015-10-31,7.4,1115.0,149.12810856935369,0.6381432522038567,1224,360985.2612903226,4.39,0.53,0.13,5.21,0.15,0.13,0.08,,0.9
2015-11-01,7.13,1203.0,148.2643948801743,0.6407133609459077,1265,360925.9,4.01,0.52,0.12,5.1,0.14,0.13,0.08,,0.88
2015-11-02,7.14,1048.0,148.490359174534,0.6505802735209983,1267,361476.6066666667,4.19,0.56,0.12,5.25,0.15,0.14,0.08,,0.89
2015-11-03,7.3,1008.0,148.2988243161462,0.618271779089363,1269,362027.31333333335,4.39,0.56,0.12,5.26,0.16,0.15,0.09,,0.92
2015-11-04,7.8,1149.0,149.0556424594529,0.5963059116872609,1271,362578.02,4.58,0.59,0.13,5.23,0.17,0.15,0.09,,0.93
2015-11-05,8.16,1267.0,148.07299349431133,0.5752905469043151,1273,363128.7266666667,4.7,0.59,0.14,5.5,0.17,0.16,0.09,,0.95
2015-11-06,8.3,1181.0,146.7589291031227,0.5740423417227835,1275,363679.43333333335,4.59,0.63,0.14,5.36,0.17,0.16,0.1,,0.96
2015-11-07,8.2,1359.0,146.55662155047204,0.5764245480883602,1277,364230.14,4.64,0.68,0.14,5.52,0.17,0.15,0.1,,0.96
2015-11-08,8.13,1186.0,143.4667187121762,0.583212818837481,1278,364780.8466666667,4.49,0.69,0.14,5.69,0.16,0.14,0.09,,0.95
2015-11-09,8.05,945.0,141.32087932703942,0.5682871503015942,1280,365331.55333333334,4.74,0.72,0.14,5.61,0.17,0.14,0.1,,0.98
2015-11-10,8.13,974.0,140.33768594166062,0.5593977078380227,1282,365882.26,4.62,0.71,0.14,5.7,0.16,0.15,0.09,,0.99
2015-11-11,8.38,970.0,139.4304777898814,0.5646078930481283,1284,366432.9666666667,4.67,0.69,0.15,5.54,0.15,0.14,0.09,,0.99
2015-11-12,8.57,1112.0,138.88722440087145,0.5393881305466589,1286,366983.67333333334,4.52,0.71,0.15,5.71,0.16,0.14,0.09,,1.01
2015-11-13,8.48,964.0,140.7871118070685,0.5518681083857703,1288,367534.38,4.63,0.74,0.15,5.77,0.16,0.14,0.09,,1.04
2015-11-14,8.17,1046.0,140.69975947107235,0.5679368072193347,1290,368085.08666666667,4.5,0.79,0.15,5.94,0.16,0.15,0.09,,1.09
2015-11-15,8.07,1077.0,141.07483175986442,0.5717409955778215,1292,368635.79333333333,4.37,0.78,0.15,5.79,0.16,0.14,0.09,,1.11
2015-11-16,7.86,829.0,141.72530010893246,0.601227431474494,1294,369186.5,4.48,0.81,0.15,5.4,0.16,0.14,0.1,,1.08
2015-11-17,7.88,875.0,142.11224425078674,0.590455791900216,1296,369737.20666666667,4.49,0.8,0.15,5.88,0.16,0.14,0.1,,1.08
2015-11-18,8.09,843.0,142.48653982086662,0.5807639305305176,1298,370287.91333333333,4.47,0.79,0.15,5.8,0.17,0.15,0.1,,1.05
2015-11-19,8.18,841.0,142.95040211207942,0.605467208170185,1300,370838.62,4.46,0.79,0.15,5.6,0.17,0.14,0.1,,1.06
2015-11-20,8.37,1036.0,143.14696623093684,0.5811776454378189,1302,371389.32666666666,4.6,0.8,0.15,5.93,0.18,0.14,0.11,,1.07
2015-11-21,8.04,1138.0,143.64102184701045,0.5967262970430108,1304,371940.0333333333,4.54,0.78,0.15,5.69,0.17,0.14,0.12,,1.07
2015-11-22,7.15,815.0,143.49888967562333,0.6609389327288429,1305,372490.74,3.99,0.65,0.13,5.24,0.16,0.13,0.12,,0.94
2015-11-23,6.9,991.0,143.9573551198257,0.6757551943584784,1307,373041.44666666666,3.79,0.61,0.13,5.04,0.15,0.12,0.11,,0.88
2015-11-24,8.4,1395.0,142.8893218651658,0.588636204614957,1309,373592.1533333333,4.56,0.75,0.14,5.63,0.16,0.13,0.12,,1.06
2015-11-25,8.43,1102.0,143.0831112018882,0.5833267026809726,1311,374142.86,4.58,0.72,0.14,5.91,0.15,0.13,0.11,,1.04
2015-11-26,8.0,961.0,140.62487857056408,0.5997038266378066,1313,374693.56666666665,4.36,0.68,0.14,5.77,0.15,0.12,0.1,,1.0
2015-11-27,7.96,1202.0,141.33991627329945,0.6398219716814415,1315,375244.2733333333,4.36,0.64,0.13,5.69,0.15,0.12,0.1,,0.97
2015-11-28,7.78,1360.0,139.56614542483658,0.605376748061844,1317,375794.98,4.35,0.63,0.12,5.69,0.14,0.12,0.1,,0.96
2015-11-29,7.64,1122.0,140.34348956063906,0.5893487333617238,1319,376345.68666666665,4.26,0.62,0.12,5.75,0.14,0.12,0.1,,0.97
2015-11-30,7.78,1100.0,139.4602507867345,0.5748996004745902,1321,376896.3933333333,4.4,0.63,0.12,5.61,0.13,0.12,0.1,,0.96
2015-12-01,7.92,1112.0,140.03596359840233,0.6112588658029431,1280,377447.1,4.37,0.62,0.12,5.7,0.14,0.12,0.1,,0.98
2015-12-02,8.17,1033.0,140.56331236383443,0.5772893218880464,1279,377057.5516129032,4.49,0.68,0.13,5.74,0.15,0.12,0.11,,1.03
2015-12-03,8.54,1152.0,144.31759988501568,0.6211802982611441,1278,376668.0032258064,4.6,0.7,0.13,5.6,0.15,0.13,0.11,,1.07
2015-12-04,8.68,983.0,145.34669311304768,0.5690651119897544,1276,376278.4548387097,4.5,0.7,0.13,5.9,0.16,0.13,0.11,,1.11
2015-12-05,8.29,1136.0,145.21995173686759,0.608365657932429,1275,375888.9064516129,4.47,0.7,0.13,5.98,0.17,0.13,0.12,,1.09
2015-12-06,7.91,1055.0,145.74509431735657,0.6253452941300615,1274,375499.3580645161,4.48,0.71,0.13,6.16,0.18,0.14,0.11,,1.05
2015-12-07,8.24,952.0,147.00454626603727,0.6023207931267988,1272,375109.8096774193,4.65,0.72,0.14,6.01,0.18,0.14,0.12,,1.04
2015-12-08,8.63,1267.0,148.37649179980633,0.5794932165318957,989,374720.2612903226,4.59,0.75,0.15,5.95,0.18,0.14,0.11,,1.06
2015-12-09,7.78,1004.0,145.01334806947472,0.6146162817621742,987,374330.7129032258,4.19,0.68,0.15,5.7,0.17,0.14,0.11,8.26,0.97
2015-12-10,7.37,810.0,145.7064255325587,0.6563911514844493,986,373941.164516129,4.02,0.7,0.14,5.44,0.18,0.14,0.11,4.01,0.96
2015-12-11,7.54,902.0,145.0340447228274,0.6245386725748523,985,373551.6161290322,3.99,0.71,0.15,5.18,0.18,0.14,0.12,2.79,1.02
2015-12-12,7.33,1043.0,143.78932110869036,0.6263985972286445,984,373162.06774193543,4.07,0.72,0.15,5.45,0.18,0.15,0.12,1.71,1.02
2015-12-13,7.19,946.0,142.33453319414187,0.6563029956296714,983,372772.5193548387,3.99,0.69,0.14,5.37,0.17,0.15,0.12,1.18,0.99
2015-12-14,7.46,1015.0,142.70605628177196,0.6393135014908117,982,372382.9709677419,3.96,0.7,0.14,5.16,0.17,0.15,0.12,1.13,1.0
2015-12-15,7.72,980.0,140.3644484386347,0.6268549315513254,981,371993.4225806451,4.14,0.7,0.14,5.61,0.18,0.15,0.12,0.98,1.0
2015-12-16,7.92,978.0,140.17983747881868,0.6095269338320828,980,371603.87419354834,4.26,0.7,0.14,5.46,0.19,0.16,0.13,0.84,0.99
2015-12-17,8.22,854.0,142.13015764947954,0.587159796867933,979,371214.3258064516,4.32,0.69,0.15,5.54,0.19,0.16,0.13,0.66,1.01
2015-12-18,8.26,931.0,140.4327872791092,0.575641454813,978,370824.7774193548,4.47,0.69,0.15,5.76,0.2,0.16,0.13,0.56,1.01
2015-12-19,8.19,999.0,141.39735965867825,0.5787059972928537,977,370435.22903225804,4.46,0.68,0.14,5.73,0.2,0.17,0.13,0.45,1.0
2015-12-20,8.08,1083.0,139.96279808157828,0.5666436175889329,976,370045.68064516125,4.22,0.68,0.14,5.74,0.21,0.17,0.13,0.34,1.02
2015-12-21,7.81,855.0,141.59629995763737,0.5916759699541488,975,369656.1322580645,4.33,0.67,0.15,5.97,0.2,0.18,0.13,0.33,1.03
2015-12-22,8.36,1082.0,140.43392141733236,0.5621466809392265,974,369266.58387096773,4.34,0.64,0.14,5.2,0.18,0.17,0.13,0.32,1.01
2015-12-23,8.18,1164.0,138.43192090292908,0.5502612866870957,973,368877.03548387095,4.31,0.62,0.14,5.48,0.17,0.14,0.12,0.31,1.0
2015-12-24,8.59,1219.0,140.74429774872914,0.5314350486993471,972,368487.48709677416,4.52,0.66,0.14,5.42,0.17,0.15,0.12,0.32,1.02
2015-12-25,9.04,1138.0,147.2980102275478,0.5274470872918965,971,368097.9387096774,4.85,0.74,0.15,5.72,0.17,0.17,0.13,0.44,1.06
2015-12-26,8.68,1032.0,152.37203700677802,0.5618556692822682,970,367708.39032258064,4.85,0.72,0.15,5.89,0.19,0.17,0.13,0.45,1.09
2015-12-27,8.37,1042.0,152.95199437182276,0.5732644195659445,969,367318.84193548386,4.7,0.68,0.14,5.67,0.21,0.18,0.13,0.27,1.07
2015-12-28,8.54,966.0,153.8689340353425,0.6014143601435552,968,366929.29354838707,5.09,0.69,0.14,6.03,0.19,0.18,0.13,0.23,1.08
2015-12-29,8.49,1076.0,154.06067347494553,0.5566128927606364,967,366539.7451612903,4.74,0.72,0.15,5.6,0.19,0.18,0.13,0.21,1.09
2015-12-30,8.66,1070.0,153.4791563786008,0.5491007567747367,966,366150.19677419355,4.88,0.7,0.14,5.57,0.19,0.18,0.13,0.19,1.09
2015-12-31,8.98,1054.0,153.0788364500121,0.5268851306026291,965,365760.64838709676,5.12,0.72,0.15,5.77,0.18,0.18,0.15,0.18,1.1
2016-01-01,9.02,982.0,150.53731254538855,0.5226440320654461,964,365371.1,4.98,0.72,0.14,6.04,0.19,0.18,0.17,0.18,1.11
2016-01-02,9.0,1102.0,148.42707407407406,0.518473802226614,965,365723.16129032255,5.02,0.7,0.14,5.94,0.17,0.17,0.21,0.14,1.1
2016-01-03,8.8,1025.0,146.69506257564754,0.5221471317176186,966,366075.2225806451,4.95,0.68,0.14,5.86,0.17,0.17,0.18,0.09,1.08
2016-01-04,8.61,924.0,146.24526155894458,0.5247569961950741,967,366427.28387096775,4.72,0.67,0.13,5.77,0.17,0.17,0.17,0.08,1.08
2016-01-05,8.94,942.0,147.5342401053014,0.5197646390191248,968,366779.3451612903,5.01,0.69,0.14,5.85,0.18,0.18,0.19,0.08,1.11
2016-01-06,9.01,876.0,146.77340044783347,0.53031077386594,968,367131.4064516129,4.88,0.69,0.15,6.01,0.18,0.18,0.22,0.08,1.11
2016-01-07,9.13,909.0,146.8192017368676,0.5465800487375908,969,367483.46774193546,4.99,0.71,0.15,6.03,0.19,0.18,0.22,0.08,1.13
2016-01-08,9.09,895.0,147.74774013556043,0.5384101988129788,970,367835.529032258,5.21,0.72,0.15,5.96,0.2,0.18,0.22,0.07,1.15
2016-01-09,9.12,974.0,145.9105521060276,0.5349486210230533,971,368187.59032258065,5.44,0.73,0.16,6.19,0.2,0.18,0.23,0.07,1.19
2016-01-10,9.26,1005.0,145.64292713628663,0.5852398122680892,972,368539.6516129032,5.36,0.74,0.16,6.18,0.2,0.19,0.23,0.07,1.19
2016-01-11,9.31,825.0,146.30214914669574,0.5293313503835989,973,368891.7129032258,5.59,0.74,0.17,6.02,0.2,0.2,0.23,0.06,1.2
2016-01-12,9.6,821.0,146.10694665335268,0.5209000353431004,974,369243.77419354836,5.63,0.73,0.18,6.08,0.2,0.19,0.22,0.05,1.19
2016-01-13,9.57,825.0,146.86508085209394,0.5150596307084933,975,369595.83548387093,5.55,0.75,0.18,6.27,0.2,0.2,0.21,0.06,1.19
2016-01-14,9.32,745.0,145.94116636407648,0.5191036113418448,976,369947.89677419356,5.61,0.77,0.18,6.39,0.2,0.2,0.21,0.05,1.21
2016-01-15,9.51,924.0,146.7736293572985,0.51621569390407,977,370299.95806451613,5.6,0.77,0.18,6.35,0.2,0.2,0.2,0.05,1.22
2016-01-16,9.67,1007.0,146.93658660130717,0.5081971543163767,978,370652.0193548387,5.68,0.78,0.2,6.5,0.21,0.2,0.2,0.05,1.22
2016-01-17,9.56,870.0,145.86176579520694,0.5070310932647369,979,371004.0806451613,5.57,0.78,0.19,6.34,0.19,0.2,0.2,0.04,1.2
2016-01-18,9.68,793.0,146.9387072137497,0.49743846928646074,980,371356.14193548384,5.38,0.78,0.2,6.56,0.2,0.2,0.2,0.04,1.23
2016-01-19,9.61,722.0,143.90702021302346,0.49479512694867755,981,371708.2032258064,5.54,0.8,0.21,6.41,0.21,0.21,0.19,0.04,1.2
2016-01-20,9.52,758.0,143.70889957032193,0.49758472044067964,981,372060.26451612904,5.42,0.81,0.21,6.73,0.2,0.21,0.19,0.04,1.2
2016-01-21,9.53,810.0,142.8233628963931,0.5063256769628959,982,372412.3258064516,5.43,0.83,0.21,6.82,0.2,0.21,0.18,0.04,1.18
2016-01-22,9.99,664.0,144.58664061365286,0.48921090623407826,983,372764.3870967742,5.76,0.85,0.21,6.77,0.21,0.21,0.18,0.04,1.23
2016-01-23,10.14,775.0,143.82960872064876,0.4838261080564346,984,373116.44838709675,5.84,0.87,0.21,6.67,0.21,0.21,0.18,0.04,1.24
2016-01-24,9.96,656.0,142.4284074376664,0.48403937988837004,985,373468.5096774193,5.75,0.9,0.21,6.52,0.21,0.24,0.18,0.04,1.25
2016-01-25,10.79,659.0,142.4416695110143,0.45973258856624943,986,373820.57096774195,5.83,0.94,0.22,6.76,0.21,0.24,0.18,0.04,1.29
2016-01-26,10.67,593.0,142.78204084967322,0.4649048077931939,987,374172.6322580645,5.94,0.93,0.22,7.14,0.21,0.24,0.18,0.04,1.34
2016-01-27,10.42,530.0,143.52971235778264,0.47046167431278735,988,374524.6935483871,5.95,0.93,0.23,7.43,0.2,0.24,0.17,0.04,1.42
2016-01-28,10.36,617.0,144.80276803437422,0.4499268552299826,989,374876.75483870966,6.1,0.94,0.25,7.17,0.21,0.24,0.18,0.04,1.74
2016-01-29,10.63,736.0,145.7907496671508,0.4386206333517967,990,375228.81612903223,6.18,0.94,0.28,7.64,0.21,0.24,0.18,0.04,1.8
2016-01-30,11.08,854.0,144.509455912612,0.42420416739188643,991,375580.87741935486,6.34,0.94,0.29,7.9,0.2,0.25,0.18,0.04,1.71
2016-01-31,11.8,814.0,143.5961396756233,0.40122257812036455,992,375932.93870967743,6.44,0.95,0.32,7.78,0.2,0.25,0.18,0.04,1.64
2016-02-01,11.6,571.0,142.78464203582666,0.41138899388566513,1061,376285.0,6.36,0.95,0.39,8.39,0.2,0.26,0.18,0.04,1.6
2016-02-02,11.7,598.0,143.7181088416848,0.41833391519953056,1061,376393.3448275862,6.5,0.95,0.49,8.59,0.21,0.32,0.19,0.04,1.57
2016-02-03,11.67,573.0,143.44474700435728,0.42866231550865036,1062,376501.6896551724,6.4,0.94,0.4,8.82,0.21,0.36,0.19,0.04,1.55
2016-02-04,11.61,549.0,142.92060929557007,0.43203472980155927,1062,376610.0344827586,6.59,0.96,0.39,9.26,0.22,0.45,0.2,0.04,1.59
2016-02-05,11.54,678.0,141.86030988259498,0.43603128807303815,1062,376718.3793103448,6.64,0.94,0.32,9.72,0.25,0.4,0.21,0.04,1.54
2016-02-06,11.06,689.0,139.47227196804647,0.4344520971272459,1063,376826.724137931,6.41,0.9,0.27,9.04,0.24,0.33,0.19,0.03,1.4
2016-02-07,10.32,637.0,136.83338174776085,0.48266850351604973,1063,376935.0689655172,5.64,0.89,0.26,8.38,0.21,0.3,0.18,0.04,1.34
2016-02-08,10.47,572.0,135.44482386226096,0.4702666308263825,1063,377043.4137931034,5.83,0.85,0.26,8.12,0.22,0.3,0.17,0.04,1.33
2016-02-09,10.56,572.0,135.44933009561848,0.4825134991182885,1064,377151.7586206897,5.84,0.85,0.28,7.99,0.23,0.31,0.18,0.04,1.32
2016-02-10,10.24,561.0,136.60473015008472,0.4762982837281766,1064,377260.1034482759,5.89,0.9,0.26,7.85,0.24,0.28,0.18,0.04,1.32
2016-02-11,10.64,659.0,136.73505852093925,0.4686484982530787,1064,377368.4482758621,5.84,0.9,0.25,8.0,0.23,0.3,0.17,0.04,1.38
2016-02-12,10.77,661.0,134.57026724763978,0.45435840679020806,1064,377476.7931034483,6.09,0.93,0.25,7.4,0.22,0.29,0.17,0.03,1.44
2016-02-13,10.56,657.0,135.81957764463812,0.4700335972144879,1065,377585.1379310345,6.23,0.94,0.26,8.52,0.25,0.32,0.18,0.03,1.47
2016-02-14,10.73,641.0,136.41714379084965,0.4630235914588058,1065,377693.4827586207,6.42,0.97,0.26,8.25,0.25,0.32,0.19,0.03,1.47
2016-02-15,10.94,563.0,139.11933829581216,0.44866054648606607,1065,377801.8275862069,6.41,0.97,0.27,8.14,0.26,0.34,0.19,0.03,1.52
2016-02-16,10.79,524.0,138.71095255386103,0.45514461180085286,1066,377910.1724137931,6.44,0.97,0.26,8.23,0.26,0.37,0.19,0.03,1.49
2016-02-17,11.11,631.0,138.26743600217864,0.4538182658918354,1066,378018.5172413793,6.4,0.95,0.27,8.42,0.26,0.36,0.19,0.03,1.46
2016-02-18,9.2,993.0,134.6052822258533,0.4903310176379177,1066,378126.8620689655,4.99,0.79,0.24,6.44,0.23,0.3,0.16,0.03,1.25
2016-02-19,9.32,702.0,134.774948983297,0.4919644103278982,1067,378235.2068965517,4.82,0.83,0.25,6.61,0.24,0.31,0.18,0.03,1.2
2016-02-20,9.2,696.0,134.75424061970466,0.5058090296425797,1067,378343.5517241379,4.81,0.82,0.25,6.52,0.23,0.31,0.18,0.03,1.19
2016-02-21,8.98,706.0,135.3857029774873,0.5211127738491184,1067,378451.8965517241,4.79,0.81,0.24,6.53,0.22,0.28,0.18,0.03,1.16
2016-02-22,9.02,563.0,136.04306384652622,0.5660659199679083,1068,378560.2413793103,4.88,0.86,0.23,6.84,0.22,0.28,0.17,0.03,1.2
2016-02-23,9.3,714.0,135.87600226942627,0.511498903030303,1068,378668.5862068966,5.04,0.85,0.22,6.92,0.22,0.27,0.17,0.03,1.17
2016-02-24,9.4,592.0,136.6545993100944,0.5431943232365674,1068,378776.9310344828,5.08,0.91,0.22,7.0,0.23,0.28,0.18,0.03,1.24
2016-02-25,9.6,689.0,136.97380961026386,0.49161454400200355,1068,378885.275862069,5.4,0.91,0.22,7.11,0.23,0.3,0.18,0.03,1.23
2016-02-26,10.16,717.0,138.36266200677804,0.47503876753315144,1069,378993.6206896552,5.38,0.93,0.23,7.48,0.24,0.29,0.18,0.03,1.24
2016-02-27,10.2,782.0,136.11937723916728,0.47339541931519924,1069,379101.9655172414,5.64,0.91,0.23,7.5,0.23,0.29,0.18,0.03,1.18
2016-02-28,9.68,455.0,136.43135929557008,0.49137093189281983,1069,379210.3103448276,5.78,0.9,0.22,8.29,0.23,0.29,0.18,0.03,1.17
2016-02-29,10.05,702.0,135.62148995400628,0.4767688916877942,1070,379318.6551724138,5.68,0.91,0.23,8.52,0.23,0.29,0.18,0.03,1.17
2016-03-01,10.15,685.0,137.61877590171872,0.474655673649539,1001,379427.0,5.86,0.89,0.23,8.54,0.23,0.27,0.19,0.03,1.13
2016-03-02,10.24,513.0,139.71130150084724,0.4799019519052376,1001,379309.8677419355,5.91,0.93,0.22,8.9,0.23,0.28,0.19,0.03,1.18
2016-03-03,10.26,542.0,141.40787351730816,0.4770120587121212,1000,379192.73548387096,5.89,0.97,0.23,8.57,0.23,0.28,0.2,0.03,1.18
2016-03-04,10.07,605.0,140.95209694989111,0.493687691623876,1000,379075.60322580644,6.16,0.96,0.22,9.05,0.22,0.28,0.19,0.03,1.14
2016-03-05,10.33,855.0,141.74109537642212,0.4790149912373934,1000,378958.4709677419,6.03,0.95,0.22,9.17,0.22,0.27,0.18,0.03,1.17
2016-03-06,10.11,790.0,140.1731917211329,0.4815901846778652,999,378841.3387096774,5.62,0.9,0.21,8.6,0.22,0.26,0.18,0.03,1.12
2016-03-07,9.87,641.0,138.66707797748728,0.4955784875676736,999,378724.20645161293,5.69,0.87,0.21,8.18,0.22,0.25,0.17,0.03,1.12
2016-03-08,9.9,604.0,137.65486958363593,0.49408688855694033,999,378607.0741935484,5.62,0.85,0.21,8.31,0.22,0.26,0.16,0.03,1.13
2016-03-09,9.74,499.0,139.2820423626241,0.5066319152802536,998,378489.9419354839,5.93,0.88,0.21,8.56,0.22,0.26,0.16,0.03,1.13
2016-03-10,10.38,554.0,142.02696269063182,0.4924312810088462,998,378372.80967741937,6.24,0.97,0.22,8.68,0.23,0.27,0.18,0.03,1.56
2016-03-11,10.57,449.0,143.5738355422416,0.49029150819016487,998,378255.67741935485,6.3,0.98,0.24,9.17,0.22,0.27,0.19,0.03,1.48
2016-03-12,10.44,458.0,145.36636943234083,0.5393867862512295,998,378138.5451612903,6.43,1.01,0.25,9.52,0.23,0.28,0.19,0.03,1.57
2016-03-13,10.51,452.0,144.5704792725732,0.5061340675645774,997,378021.4129032258,6.41,1.04,0.28,9.6,0.24,0.29,0.19,0.03,1.56
2016-03-14,10.88,445.0,145.32517556281775,0.5050966716039318,997,377904.2806451613,6.63,1.06,0.28,9.52,0.24,0.29,0.19,0.03,1.63
2016-03-15,11.19,424.0,145.8743858629872,0.48072771798149494,997,377787.14838709676,6.75,1.07,0.28,9.7,0.25,0.3,0.19,0.03,1.67
2016-03-16,11.24,409.0,147.33057855240864,0.48100708433130424,996,377670.01612903224,6.72,1.09,0.29,9.73,0.25,0.3,0.19,0.03,1.77
2016-03-17,11.31,431.0,148.11381115347373,0.48094592682070525,996,377552.8838709678,6.85,1.09,0.3,9.72,0.25,0.31,0.19,0.03,1.76
2016-03-18,11.39,425.0,148.81517595618493,0.48057581203503713,996,377435.75161290326,6.87,1.1,0.29,9.75,0.25,0.3,0.19,0.03,1.68
2016-03-19,11.52,571.0,147.41734604212056,0.4778976698331387,995,377318.61935483874,7.14,1.13,0.29,9.98,0.25,0.3,0.18,0.03,1.61
2016-03-20,11.69,534.0,147.357889070443,0.4665407899182096,995,377201.4870967742,7.34,1.12,0.28,10.22,0.24,0.3,0.18,0.03,1.63
2016-03-21,11.55,405.0,147.7557427378359,0.48164998094467804,995,377084.3548387097,7.17,1.08,0.28,9.36,0.22,0.3,0.18,0.03,1.58
2016-03-22,11.5,357.0,147.8391009138223,0.4880978759036796,994,376967.2225806452,7.14,1.12,0.29,9.95,0.23,0.3,0.18,0.03,1.6
2016-03-23,11.45,404.0,147.46998111837328,0.47685717412838063,994,376850.09032258065,7.08,1.13,0.29,9.47,0.23,0.31,0.18,0.03,1.58
2016-03-24,11.99,552.0,148.00184604212058,0.4641647324853086,994,376732.95806451613,7.38,1.13,0.3,9.84,0.23,0.3,0.18,0.03,1.62
2016-03-25,11.91,536.0,147.9218138767853,0.4610541309275966,994,376615.8258064516,7.35,1.12,0.31,9.86,0.23,0.3,0.18,0.03,1.58
2016-03-26,11.4,613.0,148.6987233720649,0.4753220908055374,993,376498.6935483871,7.44,1.08,0.33,9.28,0.23,0.31,0.18,0.03,1.5
2016-03-27,11.49,624.0,148.43956269668365,0.47032013349362095,993,376381.5612903226,6.96,1.01,0.33,9.56,0.23,0.31,0.18,0.03,1.46
2016-03-28,10.99,488.0,149.12808877995644,0.4860406074027899,993,376264.4290322581,6.74,1.04,0.35,8.54,0.23,0.31,0.17,0.03,1.49
2016-03-29,11.11,494.0,150.4814107056403,0.4796455096018971,992,376147.2967741936,6.41,1.07,0.33,9.08,0.22,0.29,0.17,0.03,1.45
2016-03-30,11.06,449.0,149.3969470164609,0.47986974625122897,992,376030.16451612907,6.48,1.07,0.31,9.14,0.22,0.29,0.17,0.03,1.53
2016-03-31,11.23,512.0,150.8978406560155,0.5140654856154406,992,375913.03225806454,6.87,1.11,0.3,9.31,0.23,0.31,0.17,0.03,1.57
2016-04-01,11.51,544.0,151.9159051077221,0.5097991722146519,1024,375795.9,7.16,1.13,0.35,9.25,0.24,0.32,0.17,0.03,1.58
2016-04-02,11.31,548.0,154.59927148390219,0.5227886234283458,1021,374560.65,6.93,1.15,0.34,9.46,0.24,0.33,0.17,0.03,1.57
2016-04-03,10.59,625.0,152.20717547204072,0.5373412303632197,1018,373325.4,6.72,1.06,0.3,9.21,0.22,0.3,0.15,0.03,1.43
2016-04-04,10.75,491.0,153.25550114984264,0.5395091430074327,1014,372090.15,6.74,1.08,0.29,8.77,0.22,0.3,0.17,0.03,1.57
2016-04-05,10.88,420.0,155.5269270757686,0.5436058179553381,1011,370854.9,6.66,1.11,0.31,8.47,0.22,0.31,0.18,0.03,1.67
2016-04-06,11.04,437.0,156.81865314088597,0.5345958234188264,1008,369619.65,6.73,1.15,0.35,8.73,0.23,0.32,0.18,0.03,1.62
2016-04-07,11.22,494.0,157.95226101428227,0.5302043223175634,1004,368384.4,6.96,1.17,0.36,9.04,0.23,0.32,0.18,0.03,1.62
2016-04-08,11.59,641.0,159.8667309973372,0.5343479531421382,1001,367149.15,7.12,1.2,0.36,9.28,0.23,0.32,0.18,0.03,1.63
2016-04-09,11.26,654.0,160.76937457637374,0.5526141068148784,997,365913.9,7.01,1.19,0.35,9.42,0.22,0.34,0.18,0.03,1.62
2016-04-10,11.32,812.0,159.34121783466472,0.5510991832050608,994,364678.65,7.02,1.22,0.35,9.31,0.22,0.32,0.18,0.03,1.56
2016-04-11,11.54,594.0,159.7180625151295,0.5378727486240611,991,363443.4,6.96,1.17,0.35,9.31,0.22,0.33,0.17,0.03,1.57
2016-04-12,11.68,503.0,158.24870521665454,0.5365428855515664,987,362208.15,6.84,1.22,0.34,9.31,0.22,0.33,0.18,0.03,1.59
2016-04-13,11.81,603.0,157.04665093197775,0.5410972162664379,984,360972.9,7.14,1.26,0.36,9.45,0.22,0.33,0.18,0.03,1.59
2016-04-14,12.29,630.0,156.68734086782862,0.5345459829942427,981,359737.65,7.55,1.28,0.38,9.51,0.22,0.34,0.18,0.03,1.6
2016-04-15,12.23,637.0,157.19770101065117,0.5252520802886297,977,358502.4,7.45,1.29,0.39,9.68,0.22,0.33,0.18,0.03,1.62
2016-04-16,11.98,704.0,157.7695564935851,0.532591462681023,974,357267.15,7.64,1.28,0.41,9.51,0.23,0.34,0.18,0.03,1.66
2016-04-17,11.63,528.0,158.30640780077462,0.5536449072840935,971,356031.9,7.55,1.32,0.4,9.74,0.23,0.34,0.18,0.03,1.57
2016-04-18,11.25,474.0,157.77505570685065,0.5691998053719008,967,354796.65,7.5,1.44,0.38,9.44,0.22,0.34,0.18,0.03,1.51
2016-04-19,10.89,419.0,159.23390471435485,0.5875319393203884,964,353561.4,7.57,1.6,0.37,9.51,0.22,0.33,0.18,0.03,1.55
2016-04-20,11.32,487.0,159.9849015068991,0.5797616174023154,864,352326.15,7.59,2.02,0.41,9.6,0.22,0.34,0.18,0.03,1.57
2016-04-21,11.07,498.0,160.7112790789155,0.6025822405037851,861,351090.9,7.82,1.87,0.43,9.84,0.23,0.35,0.19,0.03,1.55
2016-04-22,11.27,573.0,161.1588672839506,0.5905239992627802,858,349855.65,7.79,1.8,0.43,9.86,0.23,0.36,0.19,0.03,1.61
2016-04-23,11.26,620.0,159.67399304042604,0.5953526576264094,855,348620.4,7.91,1.67,0.44,9.6,0.24,0.39,0.19,0.03,1.62
2016-04-24,11.05,636.0,159.90732758412003,0.5870968927820641,852,347385.15,7.51,1.59,0.43,9.2,0.24,0.4,0.19,0.03,1.6
2016-04-25,11.4,641.0,159.32028500968292,0.5694542387835188,849,346149.9,7.68,1.66,0.45,9.55,0.26,0.41,0.19,0.03,1.6
2016-04-26,11.29,512.0,161.59187506051802,0.5724432576911245,846,344914.65,7.93,1.71,0.43,9.3,0.27,0.44,0.19,0.03,1.6
2016-04-27,11.43,550.0,161.76921026991042,0.5556434320465966,843,343679.4,7.93,1.73,0.44,9.79,0.3,0.48,0.21,0.03,1.63
2016-04-28,11.09,488.0,161.9416786794965,0.5676900954077196,840,342444.15,7.43,1.66,0.43,9.38,0.29,0.46,0.22,0.03,1.61
2016-04-29,11.12,481.0,162.15603612926648,0.5700343637253593,837,341208.9,7.57,1.53,0.42,9.32,0.31,0.47,0.22,0.03,1.58
2016-04-30,10.88,460.0,159.1947389251997,0.5755112293620056,834,339973.65,7.35,1.61,0.42,9.85,0.34,0.48,0.22,0.03,1.59
2016-05-01,10.74,425.0,156.0906222766884,0.5858717444211755,804,338738.4,7.13,1.59,0.43,9.27,0.44,0.49,0.22,0.03,1.52
2016-05-02,10.81,488.0,159.8464601791334,0.5823956342519865,804,338595.5838709678,7.29,1.59,0.4,9.32,0.43,0.48,0.24,0.03,1.5
2016-05-03,10.72,389.0,160.92295040547086,0.5921907149635538,804,338452.7677419355,7.1,1.57,0.42,9.53,0.42,0.47,0.24,0.03,1.55
2016-05-04,10.75,391.0,161.20257658557256,0.5983690649971413,803,338309.95161290327,7.0,1.52,0.42,9.14,0.41,0.46,0.24,0.03,1.53
2016-05-05,10.72,424.0,160.994272906076,0.597722741238023,803,338167.135483871,7.08,1.5,0.42,9.1,0.39,0.45,0.25,0.03,1.52
2016-05-06,10.92,476.0,165.59081660009682,0.5917502663708623,803,338024.31935483875,7.05,1.49,0.41,9.09,0.39,0.45,0.25,0.03,1.55
2016-05-07,10.77,461.0,166.27964935850883,0.597101265065881,802,337881.50322580646,6.99,1.5,0.41,9.56,0.36,0.45,0.28,0.03,1.5
2016-05-08,10.13,442.0,165.18246045146455,0.635813399043883,802,337738.6870967742,6.87,1.45,0.39,9.19,0.34,0.43,0.28,0.03,1.45
2016-05-09,10.16,465.0,164.53595521665451,0.624510750550529,802,337595.87096774194,6.57,1.45,0.4,8.89,0.32,0.42,0.33,0.03,1.46
2016-05-10,10.51,428.0,163.3011503570564,0.5998415344490252,801,337453.0548387097,6.89,1.46,0.4,9.28,0.32,0.41,0.39,0.03,1.43
2016-05-11,10.45,429.0,164.3797204066812,0.5999795500585002,801,337310.2387096774,6.93,1.43,0.4,9.11,0.31,0.41,0.38,0.03,1.4
2016-05-12,10.63,412.0,164.9213297627693,0.5925080666585889,801,337167.4225806452,7.27,1.45,0.4,9.2,0.32,0.41,0.36,0.03,1.38
2016-05-13,10.46,433.0,164.56736238198985,0.6344966707117471,800,337024.6064516129,7.3,1.47,0.39,9.46,0.32,0.41,0.33,0.03,1.4
2016-05-14,10.53,651.0,163.16547179859597,0.5983544806042002,800,336881.79032258067,7.24,1.45,0.4,9.48,0.33,0.42,0.34,0.03,1.41
2016-05-15,10.25,566.0,160.44095557976277,0.5953086759893046,799,336738.9741935484,7.11,1.34,0.39,8.9,0.32,0.41,0.31,0.03,1.41
2016-05-16,9.95,455.0,158.33264221738082,0.59255965843982,799,336596.15806451614,7.0,1.3,0.37,8.97,0.32,0.41,0.32,0.03,1.42
2016-05-17,10.0,474.0,156.52832340837566,0.5767967901515151,799,336453.34193548386,6.96,1.18,0.35,8.95,0.32,0.4,0.28,0.03,1.31
2016-05-18,9.99,466.0,157.36350904744614,0.5780522471734963,798,336310.5258064516,6.73,1.23,0.34,8.65,0.31,0.37,0.28,0.03,1.36
2016-05-19,10.11,508.0,155.5042038247398,0.5758567337851153,798,336167.70967741933,6.62,1.26,0.33,8.92,0.31,0.37,0.27,0.03,1.34
2016-05-20,10.38,615.0,153.94715807310584,0.5647277350367024,798,336024.8935483871,6.72,1.23,0.33,8.64,0.3,0.39,0.27,0.03,1.35
2016-05-21,10.15,478.0,153.22088062817718,0.5982870529584382,797,335882.0774193548,6.84,1.27,0.32,8.96,0.3,0.39,0.28,0.03,1.36
2016-05-22,10.05,480.0,152.91022143548778,0.6107654093746228,797,335739.2612903226,6.88,1.23,0.31,9.02,0.29,0.37,0.27,0.03,1.34
2016-05-23,9.96,436.0,153.25926676349553,0.6143990358541271,797,335596.4451612903,6.94,1.25,0.31,8.83,0.3,0.38,0.26,0.03,1.32
2016-05-24,9.54,376.0,150.66936002178647,0.6201769892341186,796,335453.62903225806,7.02,1.29,0.29,8.91,0.28,0.38,0.26,0.03,1.27
2016-05-25,10.14,598.0,150.7843999939482,0.5794879821753931,796,335310.8129032258,7.05,1.29,0.29,8.71,0.29,0.39,0.26,0.03,1.29
2016-05-26,10.34,465.0,151.5755143125151,0.5733103110603701,796,335167.99677419354,7.61,1.28,0.29,9.0,0.3,0.38,0.26,0.03,1.26
2016-05-27,10.48,576.0,152.4136671205519,0.5628566299785217,795,335025.18064516125,7.85,1.32,0.3,9.14,0.3,0.38,0.26,0.03,1.26
2016-05-28,10.69,654.0,151.63451467562336,0.5543196565579984,795,334882.364516129,7.41,1.32,0.33,9.23,0.33,0.39,0.27,0.03,1.29
2016-05-29,10.31,524.0,148.4125885076253,0.5804364720093205,795,334739.54838709673,7.05,1.27,0.32,9.48,0.31,0.37,0.26,0.03,1.29
2016-05-30,10.11,494.0,151.38337684580003,0.5835516416564536,794,334596.7322580645,7.19,1.27,0.32,9.03,0.3,0.37,0.26,0.03,1.27
2016-05-31,10.32,480.0,153.0713721859114,0.5892216180979059,794,334453.9161290322,7.47,1.36,0.32,9.09,0.29,0.37,0.26,0.03,1.3
2016-06-01,11.01,695.0,152.53895875695957,0.5461640184935962,820,334311.1,7.74,1.34,0.34,9.25,0.31,0.38,0.26,0.03,1.3
2016-06-02,10.88,623.0,151.95542507867341,0.5486602300754179,822,334959.98333333334,7.63,1.34,0.33,9.3,0.3,0.37,0.24,0.03,1.31
2016-06-03,11.18,705.0,152.1088260409102,0.5498694518485293,823,335608.86666666664,7.57,1.3,0.31,8.86,0.28,0.36,0.24,0.03,1.33
2016-06-04,11.0,589.0,153.159102093924,0.5484098408249158,825,336257.75,7.41,1.36,0.31,9.41,0.28,0.36,0.24,0.03,1.37
2016-06-05,10.62,488.0,151.2193142398935,0.5519817784899298,827,336906.6333333333,7.64,1.29,0.31,9.0,0.28,0.35,0.22,0.03,1.33
2016-06-06,10.75,523.0,151.46615910191238,0.5502397233276157,828,337555.51666666666,7.37,1.28,0.3,8.78,0.27,0.35,0.21,0.03,1.29
2016-06-07,10.77,453.0,149.89138271604938,0.5658532055844808,830,338204.39999999997,7.79,1.35,0.3,8.9,0.28,0.35,0.22,0.03,1.29
2016-06-08,10.95,543.0,150.58506871822803,0.5512612876084264,831,338853.2833333333,7.79,1.31,0.29,9.21,0.29,0.36,0.22,0.03,1.3
2016-06-09,11.07,507.0,149.65548847131444,0.5471779991123468,833,339502.1666666666,7.56,1.31,0.27,9.07,0.27,0.36,0.21,0.03,1.33
2016-06-10,11.28,597.0,150.2256552590172,0.537261370436953,835,340151.05,7.75,1.32,0.28,9.51,0.25,0.37,0.22,0.03,1.41
2016-06-11,11.23,565.0,150.34133669208427,0.5371843557460989,836,340799.9333333333,7.37,1.34,0.3,9.42,0.27,0.37,0.22,0.03,1.38
2016-06-12,11.03,487.0,150.04370331033647,0.5563379327084594,838,341448.81666666665,7.29,1.3,0.28,9.53,0.28,0.37,0.22,0.03,1.34
2016-06-13,10.94,437.0,150.21373320624545,0.5492006311271195,839,342097.69999999995,7.26,1.23,0.26,9.28,0.27,0.34,0.2,0.03,1.28
2016-06-14,11.29,585.0,148.45194622972647,0.5455667517250095,841,342746.5833333333,7.19,1.25,0.24,9.53,0.27,0.33,0.19,0.03,1.24
2016-06-15,11.72,599.0,147.88048968167516,0.5077979696543494,766,343395.4666666666,7.2,1.3,0.25,9.56,0.27,0.35,0.19,0.03,1.26
2016-06-16,10.63,416.0,144.55383530016945,0.5309014277043089,767,344044.35,6.91,1.23,0.25,9.35,0.27,0.35,0.21,0.03,1.25
2016-06-17,10.16,347.0,144.2390313483418,0.5572598999712769,769,344693.23333333334,6.63,1.23,0.25,8.53,0.27,0.31,0.21,0.03,1.24
2016-06-18,9.95,317.0,143.33591376180104,0.5783345063770232,770,345342.11666666664,6.79,1.24,0.25,8.37,0.26,0.31,0.21,0.03,1.27
2016-06-19,9.97,463.0,139.90798674655048,0.5723015454484702,772,345991.0,6.59,1.2,0.24,8.65,0.25,0.29,0.2,0.03,1.2
2016-06-20,9.85,368.0,139.7034073468894,0.5728258397987978,773,346639.8833333333,6.21,1.16,0.23,8.05,0.24,0.27,0.2,0.03,1.16
2016-06-21,9.54,292.0,138.44349978818693,0.5706246202620054,775,347288.76666666666,6.4,1.13,0.24,7.62,0.24,0.28,0.19,0.03,1.15
2016-06-22,9.32,364.0,137.78728879206002,0.5830390046595397,776,347937.64999999997,6.12,1.1,0.25,7.78,0.24,0.26,0.18,0.03,1.14
2016-06-23,8.9,339.0,134.89033021665455,0.6182165337320574,777,348586.5333333333,5.94,1.08,0.24,7.88,0.24,0.26,0.18,0.03,1.09
2016-06-24,9.07,409.0,132.53556469377875,0.5849280229106101,779,349235.4166666666,5.77,0.98,0.22,7.8,0.23,0.25,0.17,0.03,1.06
2016-06-25,8.85,386.0,130.181184882595,0.5909008554198372,780,349884.3,5.87,0.89,0.2,7.93,0.22,0.25,0.17,0.03,1.03
2016-06-26,8.5,356.0,130.39783405954975,0.6295867769421488,782,350533.1833333333,5.66,0.84,0.2,7.65,0.21,0.25,0.17,0.03,1.03
2016-06-27,8.52,394.0,129.46020321955942,0.6188310327641204,783,351182.06666666665,5.64,0.92,0.19,7.74,0.24,0.26,0.16,0.03,1.05
2016-06-28,8.6,416.0,126.52874210239649,0.6171716888479388,785,351830.94999999995,5.34,0.88,0.19,7.48,0.22,0.23,0.17,0.03,1.04
2016-06-29,8.95,372.0,125.73057815904139,0.6174730506484054,786,352479.8333333333,5.36,0.84,0.19,7.44,0.22,0.24,0.18,0.03,0.99
2016-06-30,9.18,430.0,127.42190640885983,0.6034795579273038,788,353128.7166666666,5.45,0.9,0.2,7.66,0.21,0.25,0.2,0.03,1.04
2016-07-01,9.6,448.0,127.49943212902446,0.5743729129539193,764,353777.6,5.34,0.93,0.21,7.97,0.21,0.25,0.19,0.03,1.01
2016-07-02,9.42,375.0,126.87679684095859,0.5819016177483729,763,353566.364516129,5.51,1.01,0.21,7.53,0.21,0.25,0.17,0.03,1.01
2016-07-03,9.17,387.0,124.69879547930285,0.5787779941964633,763,353355.12903225806,5.45,0.92,0.22,7.55,0.2,0.24,0.17,0.03,0.96
2016-07-04,8.88,387.0,124.079415516824,0.5963784068607871,762,353143.8935483871,5.46,0.94,0.21,7.03,0.19,0.23,0.16,0.03,0.93
2016-07-05,9.2,381.0,126.72734985475671,0.587851901987827,762,352932.6580645161,5.57,1.01,0.22,7.54,0.2,0.23,0.16,0.03,0.99
2016-07-06,9.28,367.0,131.27366899661098,0.593432658885116,761,352721.4225806451,5.72,1.01,0.23,7.58,0.19,0.25,0.16,0.03,1.02
2016-07-07,9.09,292.0,132.58945346163156,0.6225074442897482,761,352510.18709677417,5.81,0.95,0.23,7.36,0.2,0.27,0.17,0.03,1.02
2016-07-08,9.38,393.0,127.57311250302588,0.6123817512626262,760,352298.9516129032,5.9,1.03,0.23,7.71,0.18,0.28,0.18,0.03,1.02
2016-07-09,9.19,376.0,126.55046610990075,0.6143754250589729,760,352087.71612903225,5.63,1.04,0.23,8.1,0.2,0.27,0.18,0.03,1.02
2016-07-10,8.88,342.0,124.5486153473735,0.6360382750306225,759,351876.4806451613,5.52,0.93,0.22,7.72,0.2,0.25,0.16,0.03,1.0
2016-07-11,8.59,317.0,125.75463522754781,0.6413593761168949,759,351665.2451612903,5.47,0.82,0.2,7.62,0.2,0.25,0.17,0.03,1.01
2016-07-12,8.89,368.0,127.12571556523845,0.6450738498017929,759,351454.0096774193,5.59,0.98,0.22,7.56,0.22,0.27,0.18,0.03,1.07
2016-07-13,8.57,303.0,131.17274043815058,0.6738558687073992,758,351242.77419354836,5.69,1.01,0.22,7.53,0.22,0.3,0.18,0.03,1.11
2016-07-14,9.11,436.0,127.6404730997337,0.6308290490434055,758,351031.5387096774,5.45,0.83,0.2,7.48,0.2,0.27,0.17,0.03,1.06
2016-07-15,9.08,337.0,127.31150541636407,0.6246617906395562,757,350820.30322580645,5.78,0.87,0.2,7.8,0.2,0.26,0.18,0.03,1.07
2016-07-16,9.09,311.0,128.07313286734447,0.6144753017164744,757,350609.0677419355,6.06,1.01,0.21,7.61,0.2,0.26,0.19,0.03,1.07
2016-07-17,8.99,331.0,128.1043388707335,0.6247201013331749,756,350397.8322580645,5.83,1.06,0.21,7.43,0.2,0.26,0.19,0.03,1.02
2016-07-18,9.31,339.0,128.0979867465505,0.6077230770212712,756,350186.5967741935,5.85,1.05,0.21,7.83,0.22,0.27,0.18,0.03,1.0
2016-07-19,8.92,327.0,129.11998223795692,0.6206402660404394,755,349975.36129032256,6.03,0.98,0.21,7.43,0.2,0.26,0.19,0.03,1.03
2016-07-20,9.17,364.0,127.37046220648753,0.6028515338085222,755,349764.1258064516,6.09,0.99,0.21,7.63,0.2,0.25,0.18,0.03,1.04
2016-07-21,9.32,311.0,126.82625181554103,0.6048496270509663,754,349552.89032258064,6.21,0.96,0.22,7.55,0.19,0.25,0.17,0.03,1.0
2016-07-22,9.34,360.0,127.08838038610507,0.5876801391085688,754,349341.6548387097,6.29,0.97,0.2,7.25,0.2,0.24,0.18,0.03,0.99
2016-07-23,9.36,415.0,125.71311667877026,0.5917002641294905,754,349130.41935483867,6.43,1.03,0.21,7.72,0.21,0.26,0.18,0.03,1.01
2016-07-24,8.87,279.0,124.64680156136528,0.6168642413714988,753,348919.1838709677,6.14,1.02,0.2,7.67,0.21,0.26,0.18,0.03,0.98
2016-07-25,9.11,316.0,125.29678858024693,0.589542370650954,753,348707.94838709675,6.17,1.05,0.21,7.37,0.21,0.25,0.17,0.03,0.98
2016-07-26,9.16,357.0,124.425160221496,0.5820224087595509,752,348496.7129032258,6.23,1.03,0.21,7.59,0.22,0.26,0.17,0.03,1.0
2016-07-27,9.04,425.0,124.69718079762768,0.5882765007155611,752,348285.47741935484,6.15,0.98,0.21,7.62,0.22,0.26,0.17,0.03,1.04
2016-07-28,9.29,379.0,126.7065928044057,0.5815488553602182,751,348074.2419354839,6.29,0.98,0.22,7.83,0.23,0.27,0.17,0.03,1.04
2016-07-29,9.4,437.0,126.99623359961268,0.5855084622294372,751,347863.00645161286,6.31,0.91,0.21,7.81,0.22,0.27,0.16,0.03,1.06
2016-07-30,9.69,464.0,125.85719616920842,0.5688641280793995,750,347651.7709677419,6.2,1.0,0.2,7.73,0.23,0.26,0.16,0.03,1.08
2016-07-31,9.2,305.0,122.17330364923748,0.6013554304454805,750,347440.53548387095,6.57,1.01,0.2,7.65,0.23,0.27,0.16,0.03,1.06
2016-08-01,9.18,354.0,121.37940501694503,0.5935118332360421,749,347229.3,6.5,0.97,0.19,7.62,0.23,0.27,0.16,0.03,1.04
2016-08-02,9.12,312.0,119.49531995884772,0.5950758121251238,748,346432.41612903227,6.64,0.95,0.19,7.26,0.22,0.27,0.16,0.03,0.99
2016-08-03,9.23,410.0,117.9886049382716,0.5848729107248959,746,345635.5322580645,6.34,0.94,0.19,7.53,0.22,0.27,0.15,0.03,0.98
2016-08-04,9.29,305.0,117.7516667271847,0.5738841203382424,744,344838.64838709676,6.37,0.93,0.18,7.37,0.22,0.27,0.14,0.03,0.97
2016-08-05,9.65,482.0,117.02880682643426,0.5475329209003617,743,344041.76451612904,6.43,0.9,0.17,7.64,0.22,0.26,0.15,0.03,1.02
2016-08-06,9.38,312.0,118.699991164367,0.5638085347668604,741,343244.88064516126,6.26,0.9,0.17,7.64,0.21,0.26,0.15,0.03,1.0
2016-08-07,9.65,410.0,118.70119423263132,0.5634392847861329,739,342447.99677419354,6.34,0.88,0.17,7.31,0.21,0.26,0.15,0.03,0.97
2016-08-08,9.36,339.0,118.22850708060999,0.5572839023327713,737,341651.1129032258,6.24,0.87,0.18,7.23,0.21,0.23,0.15,0.03,0.97
2016-08-09,9.29,253.0,118.5531244855967,0.5568677799110701,736,340854.22903225804,6.32,0.86,0.18,7.51,0.21,0.23,0.15,0.03,0.96
2016-08-10,9.05,268.0,114.99477844347614,0.5633525642266826,734,340057.3451612903,6.34,0.89,0.17,7.14,0.2,0.23,0.14,0.03,0.95
2016-08-11,8.94,303.0,112.80603358750908,0.5679730591160734,732,339260.4612903226,6.16,0.85,0.17,7.26,0.2,0.22,0.13,0.03,0.94
2016-08-12,9.21,410.0,112.82805056281775,0.5537174289263255,731,338463.5774193548,6.29,0.86,0.17,7.3,0.2,0.22,0.14,0.03,0.9
2016-08-13,9.59,404.0,112.01467311183731,0.5305750478294108,729,337666.6935483871,6.81,0.8,0.18,7.46,0.2,0.21,0.14,0.03,0.9
2016-08-14,9.54,313.0,110.70090108327284,0.540100367889862,727,336869.80967741937,6.63,0.72,0.17,7.66,0.2,0.21,0.14,0.03,0.9
2016-08-15,9.24,346.0,112.18204290728637,0.5485319704390583,725,336072.9258064516,6.3,0.74,0.16,7.54,0.2,0.2,0.14,0.03,0.9
2016-08-16,9.42,466.0,113.36253936698138,0.5338625755859773,724,335276.04193548387,6.07,0.73,0.16,7.86,0.19,0.2,0.13,0.03,0.92
2016-08-17,9.64,359.0,113.39597086056648,0.5132886062540563,722,334479.15806451614,6.31,0.7,0.16,7.98,0.18,0.19,0.13,0.03,0.93
2016-08-18,9.77,554.0,113.25603497942387,0.5005870658170951,660,333682.2741935484,6.22,0.73,0.16,7.77,0.18,0.2,0.13,0.03,0.92
2016-08-19,9.25,331.0,111.61993194747035,0.5129199393359124,659,332885.39032258064,5.67,0.69,0.16,7.62,0.18,0.19,0.12,0.03,0.87
2016-08-20,8.88,269.0,110.09620427862502,0.5285572798769772,657,332088.5064516129,5.31,0.71,0.17,7.5,0.18,0.19,0.13,0.03,0.92
2016-08-21,8.74,329.0,107.93534162430406,0.5316150748409361,655,331291.6225806452,5.41,0.71,0.17,7.13,0.18,0.2,0.13,0.03,0.86
2016-08-22,8.98,321.0,108.10838174776083,0.5214373184457819,654,330494.7387096774,5.29,0.7,0.16,7.28,0.17,0.21,0.12,0.03,0.81
2016-08-23,8.75,417.0,107.17126640038732,0.5457688097239057,652,329697.8548387097,5.22,0.68,0.15,6.98,0.14,0.19,0.12,0.03,0.81
2016-08-24,8.96,329.0,107.21519480755268,0.5258594304167328,651,328900.970967742,5.32,0.68,0.16,7.5,0.15,0.18,0.12,0.03,0.8
2016-08-25,8.87,452.0,107.67615280803678,0.5281214757002746,649,328104.0870967742,5.34,0.67,0.15,7.65,0.14,0.18,0.11,0.03,0.81
2016-08-26,9.15,338.0,109.37232210723798,0.517410337586162,648,327307.2032258065,5.38,0.69,0.15,7.38,0.14,0.19,0.12,0.03,0.8
2016-08-27,9.3,363.0,110.53124709513433,0.5185474863507961,646,326510.31935483875,5.57,0.68,0.15,7.63,0.14,0.2,0.12,0.03,0.79
2016-08-28,9.31,370.0,110.27857752360202,0.521339438406076,644,325713.43548387097,5.54,0.67,0.16,7.73,0.17,0.21,0.12,0.03,0.79
2016-08-29,9.19,319.0,111.0963778443476,0.5234205397775877,643,324916.55161290325,5.43,0.68,0.15,7.43,0.18,0.21,0.12,0.03,0.82
2016-08-30,9.04,352.0,111.94642889130961,0.5270258879523134,641,324119.6677419355,5.42,0.69,0.15,7.62,0.16,0.2,0.11,0.03,0.81
2016-08-31,9.05,295.0,110.66699618736384,0.5476680993637676,640,323322.78387096775,5.54,0.69,0.15,7.71,0.16,0.2,0.11,0.03,0.86
2016-09-01,9.12,260.0,110.84604184822079,0.5314570746622856,659,322525.9,5.67,0.71,0.15,7.8,0.17,0.22,0.12,0.03,0.88
2016-09-02,9.11,283.0,111.64839799685305,0.5265964875825437,660,322877.58666666667,5.67,0.71,0.15,7.62,0.17,0.21,0.11,0.03,0.87
2016-09-03,9.16,350.0,110.6444429617526,0.5215019745309007,661,323229.2733333334,5.62,0.7,0.16,7.41,0.17,0.21,0.11,0.03,0.88
2016-09-04,9.2,448.0,109.32525151295087,0.5192410500453251,662,323580.96,5.62,0.71,0.15,7.71,0.17,0.2,0.11,0.03,0.87
2016-09-05,9.22,326.0,111.26061731420965,0.5388379998125452,662,323932.64666666667,5.65,0.71,0.15,7.81,0.17,0.2,0.11,0.03,0.86
2016-09-06,9.3,317.0,110.33709229000245,0.5370667489791987,663,324284.3333333334,5.95,0.71,0.15,7.92,0.17,0.21,0.12,0.03,0.88
2016-09-07,9.26,310.0,110.68456502662792,0.5411344238365801,664,324636.02,5.86,0.7,0.14,7.59,0.17,0.2,0.12,0.03,0.85
2016-09-08,9.38,362.0,114.49940553134836,0.5322711456165187,664,324987.70666666667,6.16,0.71,0.14,7.8,0.16,0.2,0.11,0.03,0.84
2016-09-09,9.84,514.0,114.90279741587993,0.5246411009405235,665,325339.39333333337,6.25,0.74,0.14,7.99,0.16,0.2,0.11,0.03,0.83
2016-09-10,9.53,355.0,114.45423142096344,0.5391938887818332,666,325691.08,6.23,0.79,0.14,7.84,0.17,0.21,0.11,0.03,0.85
2016-09-11,9.45,391.0,112.93145700193662,0.52786848994548,667,326042.76666666666,5.79,0.85,0.13,7.82,0.16,0.21,0.1,0.03,0.83
2016-09-12,9.2,281.0,113.59694635076251,0.5364320871989122,667,326394.45333333337,5.87,0.87,0.14,8.27,0.16,0.2,0.11,0.03,0.83
2016-09-13,9.3,215.0,114.21535430283224,0.5295979141692347,668,326746.14,6.4,0.85,0.15,7.93,0.16,0.2,0.11,0.03,0.8
2016-09-14,9.73,365.0,113.11266185548294,0.5157677670779752,669,327097.82666666666,6.5,0.88,0.14,8.03,0.16,0.2,0.1,0.03,0.79
2016-09-15,9.85,308.0,113.04862257927864,0.5219986740829347,669,327449.51333333337,6.6,0.86,0.15,8.15,0.16,0.21,0.11,0.03,0.83
2016-09-16,9.46,308.0,113.58118397482448,0.5371902590453025,670,327801.2,6.64,0.84,0.15,7.95,0.16,0.21,0.11,0.03,0.82
2016-09-17,9.58,345.0,114.0609482570806,0.5247890169701988,671,328152.88666666666,6.45,0.86,0.14,8.41,0.16,0.21,0.12,0.03,0.83
2016-09-18,9.45,371.0,113.25679118252239,0.5274654341004185,672,328504.57333333336,6.07,0.85,0.14,8.12,0.16,0.21,0.11,0.03,0.82
2016-09-19,9.42,265.0,114.0860830610022,0.5323183755020846,672,328856.26,6.06,0.85,0.13,8.04,0.16,0.2,0.1,0.03,0.86
2016-09-20,9.67,429.0,113.57887521181308,0.5364447945332537,673,329207.94666666666,6.2,0.84,0.15,8.07,0.15,0.2,0.11,0.03,0.88
2016-09-21,9.98,399.0,112.84530758290973,0.5078230574980577,674,329559.63333333336,6.3,0.84,0.15,8.05,0.15,0.2,0.11,0.03,0.91
2016-09-22,10.0,312.0,111.81471677559912,0.5097461315212122,674,329911.32,6.36,0.82,0.14,8.32,0.15,0.2,0.11,0.03,0.93
2016-09-23,10.51,466.0,112.06226785282013,0.5000595064344444,675,330263.00666666665,6.65,0.84,0.15,8.05,0.15,0.21,0.11,0.03,0.96
2016-09-24,9.77,349.0,113.54749476519004,0.5275592409053864,676,330614.69333333336,6.58,0.87,0.15,8.38,0.15,0.21,0.11,0.03,0.98
2016-09-25,9.38,290.0,112.67653310336482,0.5293725051334047,677,330966.38,6.53,0.86,0.15,8.1,0.15,0.2,0.11,0.03,0.99
2016-09-26,9.47,261.0,112.09846381021545,0.5257135349484823,677,331318.06666666665,6.59,0.84,0.15,7.82,0.15,0.2,0.11,0.03,1.04
2016-09-27,9.63,276.0,112.78244910433308,0.5183202614854231,678,331669.75333333336,6.49,0.86,0.15,8.15,0.15,0.2,0.11,0.03,1.05
2016-09-28,9.43,269.0,112.99890861776807,0.5280865813901802,679,332021.44,6.57,0.88,0.15,8.2,0.15,0.2,0.11,0.03,1.06
2016-09-29,10.14,367.0,113.08448229847497,0.48510559017788646,680,332373.12666666665,6.54,0.89,0.16,8.32,0.15,0.2,0.11,0.03,1.05
2016-09-30,9.99,364.0,112.10200635439362,0.5060557655397044,680,332724.81333333335,6.7,0.92,0.16,8.55,0.16,0.19,0.12,0.03,1.07
2016-10-01,9.97,396.0,112.67887587751147,0.5106266768000777,659,333076.5,6.74,0.95,0.16,8.64,0.16,0.19,0.11,0.03,1.1
2016-10-02,9.87,332.0,113.89395082909705,0.5435146578538008,659,332946.4612903226,6.45,0.93,0.15,8.47,0.15,0.18,0.12,0.03,1.09
2016-10-03,10.14,359.0,113.40658248608082,0.5333007502097719,658,332816.4225806452,6.56,0.94,0.15,8.68,0.14,0.19,0.11,0.03,1.07
2016-10-04,10.2,262.0,111.8896315056887,0.5318572012825101,658,332686.3838709677,6.68,0.91,0.16,8.32,0.15,0.18,0.11,0.03,1.06
2016-10-05,10.27,290.0,112.48647325102883,0.5303900569397973,658,332556.3451612903,6.64,0.92,0.15,8.48,0.15,0.17,0.11,0.03,1.09
2016-10-06,10.34,261.0,112.23758118494314,0.5301360479915982,658,332426.3064516129,6.65,0.91,0.15,8.26,0.15,0.17,0.1,0.03,1.05
2016-10-07,10.43,457.0,112.28027656741712,0.534144350254283,657,332296.2677419355,6.38,0.9,0.15,8.24,0.14,0.16,0.1,0.03,1.04
2016-10-08,10.13,342.0,110.73953942749941,0.5251042266069244,657,332166.22903225804,6.29,0.9,0.15,8.18,0.14,0.16,0.11,0.03,1.03
2016-10-09,9.71,400.0,110.96175565843622,0.5340669978284069,657,332036.19032258063,6.48,0.83,0.15,7.79,0.14,0.18,0.11,0.03,1.02
2016-10-10,9.96,289.0,111.0512177741467,0.5230925758062162,657,331906.1516129032,6.54,0.81,0.16,7.78,0.14,0.17,0.11,0.03,1.03
2016-10-11,9.58,248.0,110.80167855846041,0.5492050404061308,656,331776.1129032258,6.69,0.85,0.17,8.47,0.13,0.18,0.1,0.03,1.05
2016-10-12,9.67,271.0,111.66902342047932,0.5508709371654092,656,331646.0741935484,6.33,0.87,0.16,7.95,0.15,0.19,0.11,0.03,1.03
2016-10-13,9.48,248.0,112.00212563543936,0.5485447347030405,656,331516.03548387095,6.72,0.88,0.16,8.09,0.15,0.2,0.1,0.03,1.07
2016-10-14,9.8,356.0,112.03862596828857,0.5395499421840355,656,331385.99677419354,7.16,0.91,0.17,8.37,0.14,0.17,0.1,0.03,1.07
2016-10-15,10.18,459.0,111.31113486443964,0.5238739244754326,513,331255.95806451613,7.31,0.93,0.17,8.43,0.15,0.17,0.1,0.03,1.06
2016-10-16,9.99,393.0,109.70326643064634,0.5343548300943786,513,331125.9193548387,6.89,0.9,0.16,8.66,0.15,0.17,0.1,0.03,1.04
2016-10-17,9.64,304.0,110.59866046356814,0.5576699244795567,513,330995.88064516126,6.94,0.89,0.16,8.17,0.14,0.17,0.1,0.03,1.06
2016-10-18,10.12,299.0,110.3080008775115,0.5357466977921049,512,330865.84193548386,6.98,0.88,0.15,7.92,0.13,0.16,0.1,0.03,1.04
2016-10-19,10.1,257.0,109.99064370007262,0.5350768491281866,512,330735.80322580645,6.76,0.9,0.16,8.22,0.14,0.16,0.11,0.03,1.03
2016-10-20,10.13,313.0,110.83627469135807,0.5330170442788934,512,330605.76451612904,6.63,0.91,0.16,8.46,0.13,0.17,0.11,0.03,1.03
2016-10-21,10.1,286.0,110.18388129387557,0.5359300347943724,512,330475.7258064516,6.76,0.89,0.16,8.41,0.14,0.16,0.1,0.03,1.04
2016-10-22,9.82,300.0,109.29923281287826,0.5335403249520366,512,330345.68709677417,6.43,0.89,0.15,8.3,0.13,0.16,0.1,0.03,1.03
2016-10-23,9.61,302.0,108.29012548414428,0.5460260682381202,511,330215.64838709676,6.11,0.86,0.15,8.02,0.13,0.16,0.09,0.03,1.0
2016-10-24,9.85,359.0,108.4306103848947,0.5284095176113361,511,330085.60967741936,6.24,0.85,0.15,8.3,0.13,0.17,0.09,0.03,1.0
2016-10-25,9.73,318.0,107.28777027354153,0.5291964812309521,511,329955.57096774195,6.23,0.86,0.14,7.95,0.13,0.16,0.1,0.03,1.0
2016-10-26,9.82,312.0,104.77889696804647,0.5238767468393349,511,329825.5322580645,6.56,0.85,0.15,8.05,0.12,0.16,0.1,0.03,0.96
2016-10-27,9.97,290.0,104.41568681917212,0.5029023373733323,510,329695.4935483871,6.63,0.85,0.15,7.98,0.13,0.16,0.1,0.03,0.94
2016-10-28,9.89,344.0,105.0833026204309,0.5065130427458604,510,329565.4548387097,6.6,0.86,0.15,8.51,0.12,0.16,0.1,0.03,0.94
2016-10-29,9.81,443.0,104.43259277414671,0.5197307476183443,510,329435.41612903227,6.15,0.85,0.16,8.14,0.12,0.18,0.09,0.03,0.96
2016-10-30,9.4,339.0,103.83081623698864,0.4715940905334861,510,329305.3774193548,5.84,0.83,0.16,8.08,0.12,0.17,0.09,0.03,0.89
2016-10-31,9.25,301.0,103.20455137981118,0.46994713475177297,510,329175.3387096774,6.08,0.82,0.15,8.07,0.12,0.17,0.09,0.03,0.86
2016-11-01,9.54,374.0,105.84986704187848,0.4642421271519179,526,329045.3,6.22,0.76,0.15,8.03,0.13,0.17,0.09,0.03,0.88
2016-11-02,9.78,299.0,106.69851240619703,0.4700278287619682,527,329483.64666666667,6.41,0.83,0.15,8.26,0.13,0.2,0.1,0.03,0.93
2016-11-03,9.76,214.0,108.2069730694747,0.46844650426368095,528,329921.99333333335,6.51,0.83,0.16,8.4,0.14,0.19,0.09,0.03,0.92
2016-11-04,9.85,322.0,108.14672609537641,0.46704923179977914,529,330360.33999999997,6.68,0.84,0.17,8.38,0.15,0.2,0.11,0.03,0.91
2016-11-05,9.8,323.0,108.03482159283469,0.5246247570583886,529,330798.68666666665,6.8,0.87,0.17,8.52,0.15,0.19,0.12,0.03,0.95
2016-11-06,9.57,303.0,108.32120452069718,0.5322071772865355,530,331237.0333333333,6.69,0.85,0.17,8.25,0.15,0.2,0.12,0.03,0.95
2016-11-07,9.66,449.0,108.1469399358509,0.5281671901726974,531,331675.38,6.23,0.84,0.16,8.59,0.14,0.19,0.13,0.03,0.96
2016-11-08,9.91,325.0,108.20381711450011,0.5258405645435011,531,332113.7266666667,6.72,0.84,0.16,8.44,0.14,0.19,0.13,0.03,0.94
2016-11-09,10.07,281.0,108.32026434277415,0.517556054115137,532,332552.0733333333,6.62,0.83,0.16,8.41,0.14,0.2,0.12,0.03,0.9
2016-11-10,9.67,253.0,107.69437282135077,0.5314392358631508,533,332990.42,6.33,0.85,0.16,8.15,0.14,0.22,0.12,0.03,0.93
2016-11-11,9.93,320.0,108.16442725732267,0.5301358137631341,533,333428.76666666666,6.59,0.84,0.16,8.2,0.14,0.21,0.12,0.03,0.92
2016-11-12,9.84,333.0,108.47382171387075,0.5297917209002505,534,333867.11333333334,6.49,0.85,0.16,8.26,0.15,0.21,0.13,0.03,0.9
2016-11-13,9.62,329.0,107.6159588174776,0.5373980302530252,535,334305.46,6.19,0.82,0.17,8.52,0.15,0.21,0.13,0.03,0.9
2016-11-14,9.71,292.0,107.4587910312273,0.5362572861787407,536,334743.80666666664,6.35,0.8,0.16,8.09,0.16,0.2,0.13,0.03,0.9
2016-11-15,9.69,281.0,108.05076994069233,0.5393003257078579,536,335182.1533333333,6.41,0.79,0.16,7.82,0.15,0.2,0.14,0.03,0.93
2016-11-16,9.26,240.0,106.74423320624547,0.5531687160379304,537,335620.5,6.3,0.8,0.16,7.97,0.16,0.2,0.15,0.03,0.91
2016-11-17,9.64,336.0,105.52860439360927,0.5401252638660077,538,336058.8466666667,6.39,0.8,0.16,8.01,0.16,0.19,0.16,0.03,0.93
2016-11-18,9.61,279.0,105.62609828128782,0.5361987029189501,538,336497.19333333336,6.4,0.79,0.16,8.31,0.16,0.19,0.14,0.03,0.94
2016-11-19,9.52,316.0,105.6192549322198,0.5435825827408864,539,336935.54,6.47,0.81,0.16,7.99,0.17,0.2,0.14,0.03,0.93
2016-11-20,9.34,361.0,103.97893040426045,0.5327797267864456,540,337373.88666666666,6.17,0.81,0.15,8.11,0.18,0.2,0.14,0.03,0.91
2016-11-21,9.5,304.0,103.93601204308887,0.5221326404103536,540,337812.23333333334,6.2,0.8,0.15,8.01,0.16,0.19,0.14,0.03,0.93
2016-11-22,9.58,315.0,104.62199261679983,0.52732113462648,541,338250.58,5.93,0.8,0.16,7.92,0.16,0.19,0.13,0.03,0.91
2016-11-23,9.31,286.0,104.24953485838783,0.5270261985862008,542,338688.9266666667,6.22,0.79,0.15,7.88,0.15,0.18,0.12,0.03,0.89
2016-11-24,8.74,273.0,102.20599585451464,0.5439899214385852,543,339127.2733333333,5.94,0.73,0.14,7.25,0.14,0.17,0.11,0.03,0.89
2016-11-25,9.24,334.0,100.78835784313729,0.5221838501109907,543,339565.62,6.29,0.71,0.14,7.77,0.14,0.18,0.11,0.03,0.92
2016-11-26,9.18,364.0,100.41620963447109,0.5152740493332295,544,340003.9666666667,6.1,0.71,0.13,7.43,0.14,0.17,0.11,0.03,0.92
2016-11-27,9.01,337.0,99.47521335633016,0.5153243647092121,545,340442.31333333335,6.03,0.69,0.13,7.87,0.13,0.17,0.1,0.03,0.9
2016-11-28,8.7,292.0,99.61966763495526,0.5404944185673701,503,340880.66000000003,5.99,0.71,0.13,6.9,0.12,0.16,0.11,0.03,0.87
2016-11-29,8.54,254.0,98.53963707334785,0.5470629212711353,504,341319.00666666665,5.73,0.66,0.13,6.88,0.12,0.17,0.11,0.03,0.9
2016-11-30,8.74,298.0,101.62981711450011,0.5545515662137388,505,341757.35333333333,5.5,0.68,0.14,6.72,0.14,0.2,0.11,0.03,0.92
2016-12-01,8.19,211.0,102.84895960421208,0.5803843405760127,489,342195.7,5.36,0.7,0.15,6.97,0.14,0.2,0.13,0.03,0.89
2016-12-02,8.24,320.0,104.36314978213507,0.5940644056416117,491,343838.0806451613,5.3,0.7,0.14,7.22,0.15,0.2,0.13,0.03,0.91
2016-12-03,8.3,289.0,105.39140550108934,0.5920656380681818,494,345480.4612903226,5.37,0.7,0.14,7.44,0.15,0.2,0.13,0.03,0.87
2016-12-04,8.23,276.0,106.0383621399177,0.5983381205908103,496,347122.84193548386,5.41,0.69,0.15,7.14,0.16,0.19,0.12,0.03,0.86
2016-12-05,8.4,281.0,106.69130588840474,0.5859190832638309,498,348765.2225806452,5.43,0.69,0.16,7.31,0.17,0.19,0.13,0.03,0.85
2016-12-06,8.65,250.0,107.81251149842655,0.5778815823073786,501,350407.60322580644,5.44,0.68,0.16,7.69,0.19,0.19,0.12,0.03,0.88
2016-12-07,8.32,218.0,107.67270645727424,0.5948816755237216,503,352049.98387096776,5.43,0.68,0.15,7.7,0.19,0.19,0.12,0.03,0.89
2016-12-08,8.51,276.0,107.75148514282256,0.5823322625849778,506,353692.364516129,5.71,0.68,0.15,7.04,0.19,0.19,0.12,0.03,0.84
2016-12-09,8.71,254.0,108.66988876785283,0.5497963907969077,508,355334.74516129034,5.75,0.7,0.15,7.33,0.18,0.2,0.12,0.03,0.86
2016-12-10,8.83,396.0,108.72884707092715,0.5462796479913878,510,356977.1258064516,5.49,0.67,0.15,7.1,0.18,0.2,0.12,0.03,0.87
2016-12-11,8.77,309.0,107.84404529774875,0.5482667680957759,513,358619.5064516129,5.41,0.66,0.14,7.38,0.17,0.19,0.12,0.03,0.86
2016-12-12,8.26,197.0,108.78485366739288,0.5796075040202209,515,360261.8870967742,5.12,0.62,0.14,7.37,0.14,0.18,0.13,0.03,0.85
2016-12-13,8.44,239.0,108.37884195715326,0.5714250858054957,517,361904.2677419355,5.07,0.62,0.15,7.36,0.15,0.18,0.12,0.03,0.85
2016-12-14,8.36,226.0,108.38003640159766,0.5730845195044366,520,363546.64838709676,5.06,0.6,0.15,7.13,0.15,0.2,0.13,0.03,0.85
2016-12-15,8.66,290.0,109.36550323771483,0.557449790872434,522,365189.0290322581,5.27,0.54,0.15,6.9,0.14,0.24,0.14,0.03,0.83
2016-12-16,8.56,245.0,109.66569659283468,0.5654425935051236,524,366831.40967741935,5.17,0.52,0.14,6.96,0.15,0.24,0.14,0.03,0.82
2016-12-17,8.57,353.0,110.53052081820381,0.5597116698146779,527,368473.79032258067,5.38,0.5,0.14,6.89,0.16,0.24,0.14,0.03,0.8
2016-12-18,8.13,267.0,109.79663825344953,0.575379901778842,529,370116.1709677419,5.27,0.47,0.14,7.1,0.14,0.22,0.19,0.03,0.8
2016-12-19,8.39,350.0,108.77487242798351,0.562803912193561,531,371758.55161290325,5.43,0.48,0.14,6.92,0.15,0.23,0.25,0.03,0.79
2016-12-20,8.59,334.0,108.41150051440329,0.5614851685179113,534,373400.9322580645,5.25,0.48,0.15,6.82,0.16,0.25,0.22,0.03,0.78
2016-12-21,8.71,336.0,108.22151016702976,0.5406848507960964,536,375043.31290322583,5.1,0.5,0.15,6.72,0.16,0.25,0.17,0.03,0.78
2016-12-22,8.76,336.0,108.48633306100216,0.5489912287730772,538,376685.6935483871,5.08,0.51,0.14,6.79,0.16,0.24,0.16,0.03,0.78
2016-12-23,8.69,269.0,107.99592964778506,0.5412188491280093,541,378328.0741935484,5.14,0.51,0.12,6.71,0.16,0.21,0.15,0.03,0.77
2016-12-24,8.72,346.0,111.25262493948196,0.5411765654337491,543,379970.4548387097,5.24,0.54,0.15,6.73,0.16,0.21,0.16,0.03,0.79
2016-12-25,9.0,448.0,116.32303600823046,0.5472090046772069,545,381612.835483871,5.44,0.62,0.16,7.21,0.16,0.21,0.16,0.03,0.84
2016-12-26,9.1,425.0,118.91726373759376,0.5540178783503134,548,383255.21612903225,5.68,0.65,0.16,6.92,0.16,0.21,0.17,0.03,0.83
2016-12-27,9.09,380.0,120.00945321955949,0.5535268297709625,550,384897.5967741936,5.82,0.63,0.17,6.85,0.17,0.23,0.15,0.03,0.81
2016-12-28,9.4,406.0,119.91552696078435,0.5499734563343519,552,386539.97741935484,5.93,0.61,0.16,6.98,0.17,0.22,0.14,0.03,0.82
2016-12-29,9.37,381.0,120.0538713083999,0.5474509399874907,555,388182.3580645161,5.86,0.58,0.17,6.88,0.17,0.21,0.15,0.03,0.85
2016-12-30,9.42,355.0,120.63909274388769,0.5592478235522168,557,389824.7387096774,5.86,0.59,0.18,6.63,0.17,0.22,0.15,0.03,0.82
2016-12-31,9.27,344.0,119.9470839687727,0.5398289179732757,560,391467.11935483874,6.04,0.6,0.18,6.84,0.18,0.21,0.18,0.03,0.85
2017-01-01,9.27,384.0,118.8532193778746,0.5391023047037924,562,393109.5,5.97,0.59,0.18,6.77,0.17,0.21,0.18,0.03,0.83
2017-01-02,9.51,383.0,119.22050242072136,0.5345381690447354,562,393408.7322580645,6.19,0.61,0.19,6.8,0.17,0.2,0.16,0.03,0.84
2017-01-03,9.23,290.0,122.18153171145003,0.5515262483595547,563,393707.96451612905,6.16,0.65,0.2,6.7,0.18,0.2,0.16,0.03,0.86
2017-01-04,9.4,389.0,122.53842323287341,0.5387009122039724,563,394007.19677419355,6.0,0.66,0.22,6.53,0.19,0.2,0.16,0.03,0.87
2017-01-05,8.96,274.0,123.0148791757444,0.5608826258990428,564,394306.42903225805,6.14,0.65,0.22,6.7,0.19,0.21,0.16,0.03,0.84
2017-01-06,9.45,368.0,124.94273732147178,0.5365020588183087,564,394605.6612903226,6.31,0.66,0.22,6.81,0.19,0.21,0.16,0.03,0.9
2017-01-07,9.5,377.0,124.80401640038733,0.5381667799368687,564,394904.8935483871,6.27,0.68,0.22,6.74,0.19,0.2,0.16,0.03,0.93
2017-01-08,9.54,339.0,125.98777269426292,0.5312966125415283,565,395204.1258064516,6.38,0.7,0.22,6.92,0.19,0.2,0.16,0.03,0.93
2017-01-09,9.46,343.0,127.11394707697893,0.5302981214844938,565,395503.35806451616,6.46,0.69,0.22,6.85,0.2,0.19,0.15,0.03,0.93
2017-01-10,9.43,270.0,126.08169205398208,0.5419576625771547,566,395802.59032258065,6.26,0.68,0.23,7.13,0.19,0.19,0.15,0.03,0.95
2017-01-11,9.32,277.0,125.09644341563788,0.5468111755370968,566,396101.82258064515,6.02,0.71,0.24,6.89,0.2,0.19,0.15,0.03,0.92
2017-01-12,9.42,337.0,123.8787110869039,0.5442135394930853,567,396401.0548387097,6.06,0.69,0.23,6.94,0.2,0.2,0.15,0.03,0.94
2017-01-13,9.69,425.0,124.29027587145971,0.5404051348099536,567,396700.2870967742,6.39,0.73,0.22,6.97,0.21,0.21,0.15,0.03,0.95
2017-01-14,9.78,373.0,123.64114884410554,0.5408599382649789,567,396999.5193548387,6.58,0.74,0.23,7.04,0.21,0.2,0.15,0.03,0.99
2017-01-15,9.57,385.0,123.07461891793756,0.558126860818207,568,397298.75161290326,6.37,0.71,0.23,6.71,0.19,0.2,0.15,0.03,1.0
2017-01-16,9.7,304.0,122.79694374848707,0.5491873343889717,568,397597.98387096776,6.84,0.73,0.22,6.83,0.2,0.19,0.15,0.03,1.02
2017-01-17,9.7,275.0,124.59560042967804,0.5536668164555391,569,397897.21612903225,6.77,0.72,0.22,6.88,0.2,0.19,0.15,0.03,1.02
2017-01-18,9.83,290.0,123.83126627935124,0.546362240052594,569,398196.44838709675,6.88,0.71,0.22,6.99,0.21,0.2,0.14,0.03,1.02
2017-01-19,10.06,337.0,125.38892849794239,0.5431762140332466,570,398495.6806451613,6.78,0.7,0.22,6.8,0.2,0.2,0.14,0.03,1.01
2017-01-20,10.15,338.0,125.3899530380053,0.5355844780392862,570,398794.9129032258,6.99,0.67,0.23,6.87,0.2,0.19,0.14,0.03,1.02
2017-01-21,10.26,486.0,125.76037938755748,0.5392679392692601,570,399094.1451612903,7.24,0.68,0.22,7.1,0.2,0.21,0.14,0.03,1.05
2017-01-22,9.67,387.0,126.76116348946988,0.5617409029966882,571,399393.37741935486,7.01,0.68,0.21,7.33,0.19,0.22,0.13,0.03,1.02
2017-01-23,9.56,296.0,127.44456738683127,0.6056284866764662,571,399692.60967741936,6.88,0.68,0.21,6.8,0.18,0.2,0.13,0.03,1.02
2017-01-24,9.57,250.0,125.84707138102156,0.5701872298147173,572,399991.84193548386,6.88,0.68,0.19,7.06,0.18,0.2,0.12,0.03,1.03
2017-01-25,9.39,238.0,125.81184395424835,0.587632393773734,572,400291.0741935484,6.66,0.7,0.19,7.1,0.18,0.2,0.13,0.03,1.07
2017-01-26,9.84,396.0,126.88329983660127,0.569637450438338,573,400590.3064516129,6.73,0.73,0.2,6.62,0.18,0.21,0.12,0.03,1.11
2017-01-27,9.99,340.0,129.20977668845313,0.5690816344348206,573,400889.5387096774,6.57,0.74,0.18,6.71,0.17,0.2,0.12,0.03,1.1
2017-01-28,10.14,400.0,131.56402284555796,0.5667139656273975,573,401188.77096774196,6.75,0.76,0.19,6.79,0.17,0.2,0.12,0.03,1.09
2017-01-29,9.73,316.0,130.69553189300413,0.5870265146869348,574,401488.00322580646,6.75,0.76,0.18,6.92,0.17,0.19,0.12,0.03,1.07
2017-01-30,9.55,283.0,130.88934573953037,0.6236963450081731,574,401787.23548387096,6.59,0.76,0.17,6.64,0.17,0.19,0.12,0.03,1.07
2017-01-31,9.88,280.0,130.28548919753086,0.5993446093589367,575,402086.4677419355,7.07,0.73,0.19,6.94,0.17,0.2,0.12,0.03,1.08
2017-02-01,10.11,314.0,132.2189831457274,0.5829217530939851,637,402385.7,6.97,0.76,0.17,7.09,0.17,0.2,0.12,0.03,1.14
2017-02-02,10.31,318.0,131.59851627935123,0.57158913838029,636,401832.95,7.07,0.81,0.18,6.99,0.17,0.2,0.12,0.03,1.14
2017-02-03,10.45,304.0,133.10267886105058,0.5686617681701183,635,401280.2,7.18,0.81,0.18,7.35,0.18,0.21,0.13,0.03,1.16
2017-02-04,10.79,521.0,133.6021856995885,0.5549289100485668,634,400727.45,7.18,0.81,0.17,7.32,0.18,0.21,0.14,0.03,1.21
2017-02-05,10.49,340.0,134.85512554466234,0.5757032541348823,633,400174.7,7.23,0.77,0.16,7.21,0.18,0.22,0.14,0.03,1.19
2017-02-06,10.43,240.0,134.70249004478333,0.5644914987637395,632,399621.95,7.42,0.76,0.16,7.4,0.18,0.22,0.14,0.03,1.18
2017-02-07,10.14,270.0,134.1504385439361,0.5891838487605485,631,399069.2,7.41,0.73,0.16,7.0,0.18,0.22,0.14,0.03,1.15
2017-02-08,10.71,300.0,134.74363262527237,0.5578383834789988,631,398516.45,7.38,0.7,0.16,7.34,0.18,0.21,0.13,0.03,1.16
2017-02-09,10.41,245.0,137.35043282498185,0.5727153329988499,630,397963.7,8.93,0.77,0.16,7.38,0.18,0.21,0.13,0.03,1.16
2017-02-10,10.58,351.0,137.7304898027112,0.5841453333622926,629,397410.95,8.68,0.8,0.17,7.4,0.19,0.21,0.14,0.03,1.17
2017-02-11,10.53,444.0,137.3075166424594,0.5732464113409614,628,396858.2,9.41,0.79,0.17,7.54,0.19,0.21,0.14,0.03,1.19
2017-02-12,10.32,289.0,138.1351681493585,0.575688642420697,627,396305.45,8.75,0.8,0.19,7.52,0.18,0.22,0.13,0.03,1.18
2017-02-13,10.29,323.0,137.24089693778745,0.5852335743656266,626,395752.7,8.67,0.81,0.19,7.75,0.18,0.21,0.13,0.03,1.12
2017-02-14,10.67,306.0,137.45789373033165,0.5594048055152896,625,395199.95,8.85,0.82,0.19,7.63,0.18,0.22,0.14,0.03,1.14
2017-02-15,10.45,274.0,136.6850076252723,0.5693091697964198,624,394647.2,8.84,0.84,0.19,7.6,0.18,0.22,0.13,0.03,1.18
2017-02-16,10.61,279.0,137.55577172597432,0.5685325172433721,624,394094.45,9.71,0.86,0.19,7.63,0.18,0.2,0.13,0.03,1.16
2017-02-17,10.95,435.0,136.11209316751388,0.5485358121662726,623,393541.7,8.78,0.88,0.19,7.37,0.18,0.21,0.13,0.03,1.14
2017-02-18,10.58,332.0,135.01171256959577,0.5618637929177092,622,392988.95,8.36,0.87,0.2,7.45,0.18,0.22,0.13,0.03,1.15
2017-02-19,10.07,271.0,133.86129381505688,0.5786696390817483,621,392436.2,7.39,0.88,0.2,7.48,0.18,0.2,0.13,0.03,1.12
2017-02-20,10.48,352.0,133.8017954187848,0.5767424128904609,620,391883.45,7.53,0.89,0.2,7.24,0.18,0.21,0.14,0.03,1.19
2017-02-21,10.38,242.0,134.21942072137495,0.5775769399115377,619,391330.7,8.26,0.88,0.2,7.6,0.18,0.21,0.13,0.03,1.18
2017-02-22,9.97,233.0,134.76722915153712,0.6020479497217565,618,390777.95,7.88,0.82,0.2,7.3,0.18,0.21,0.13,0.03,1.15
2017-02-23,10.55,278.0,134.45703019849918,0.5592363162312783,617,390225.2,7.41,0.86,0.2,7.29,0.18,0.22,0.13,0.03,1.15
2017-02-24,10.88,356.0,135.46849216291454,0.545559726219595,617,389672.45,7.51,0.87,0.21,7.18,0.18,0.22,0.13,0.03,1.16
2017-02-25,10.77,402.0,137.02948868312757,0.5580882812678405,616,389119.7,7.53,0.89,0.21,7.52,0.18,0.23,0.13,0.03,1.2
2017-02-26,10.84,357.0,135.41512560518035,0.5541497243594112,615,388566.95,7.48,0.88,0.21,7.68,0.18,0.24,0.14,0.03,1.19
2017-02-27,10.89,285.0,137.93371002783832,0.5490037616833005,614,388014.2,7.52,0.86,0.21,7.94,0.18,0.24,0.14,0.03,1.2
2017-02-28,11.02,486.0,139.22435642096343,0.5350233989992379,613,387461.45,7.71,0.89,0.21,8.04,0.19,0.24,0.14,0.03,1.17
2017-03-01,11.66,424.0,140.49957431614624,0.5132478329267249,553,386908.7,8.58,0.91,0.21,8.13,0.19,0.25,0.14,0.03,1.16
2017-03-02,11.65,362.0,139.1235574013556,0.5212028497323052,553,387079.3612903226,8.64,0.91,0.22,8.23,0.19,0.25,0.14,0.03,1.2
2017-03-03,12.2,396.0,139.1944373335754,0.49652705192743773,553,387250.02258064516,8.67,0.91,0.22,8.28,0.19,0.26,0.15,0.03,1.24
2017-03-04,12.19,387.0,138.98741751391913,0.4982773820935702,554,387420.68387096777,8.18,0.9,0.24,8.19,0.2,0.27,0.16,0.03,1.3
2017-03-05,11.68,303.0,139.3256233962721,0.5172632800733,554,387591.3451612903,7.79,0.88,0.25,8.11,0.21,0.29,0.15,0.03,1.32
2017-03-06,11.86,351.0,138.28281747760835,0.5236161290885877,554,387762.0064516129,7.98,0.89,0.26,8.01,0.21,0.32,0.15,0.03,1.32
2017-03-07,11.51,270.0,139.43048674655049,0.5412633372050266,554,387932.66774193547,8.18,0.87,0.27,8.07,0.22,0.36,0.15,0.03,1.29
2017-03-08,11.32,277.0,138.90082843137256,0.5472941043996403,555,388103.3290322581,8.24,0.91,0.28,8.13,0.22,0.33,0.16,0.03,1.27
2017-03-09,11.19,272.0,138.03951755022996,0.5556100723155588,555,388273.9903225807,8.17,0.93,0.29,7.93,0.21,0.31,0.15,0.03,1.31
2017-03-10,11.46,340.0,138.455991194626,0.5359693235217504,555,388444.6516129032,7.87,0.93,0.26,8.12,0.21,0.3,0.16,0.03,1.35
2017-03-11,11.04,322.0,138.91110348583882,0.5508894235766081,555,388615.31290322583,8.07,0.93,0.27,8.08,0.22,0.32,0.15,0.03,1.43
2017-03-12,11.32,415.0,137.93200735294116,0.5352437844307766,556,388785.9741935484,8.01,0.93,0.26,7.62,0.23,0.34,0.16,0.03,1.49
2017-03-13,11.1,303.0,138.84070170660857,0.5459443577595811,556,388956.635483871,7.68,0.93,0.24,7.72,0.24,0.35,0.16,0.03,1.53
2017-03-14,12.05,402.0,138.75492211328978,0.5092118352077476,556,389127.2967741936,7.83,0.96,0.24,8.22,0.25,0.35,0.16,0.03,1.51
2017-03-15,12.42,278.0,139.80439881384652,0.4929269348799658,517,389297.95806451613,7.9,0.96,0.24,8.06,0.26,0.36,0.17,0.03,1.46
2017-03-16,11.32,262.0,137.93140577342047,0.5263769457637153,517,389468.61935483874,7.4,0.94,0.23,8.25,0.27,0.35,0.16,0.03,1.31
2017-03-17,10.18,195.0,138.31102732389252,0.5769571905171589,517,389639.2806451613,7.1,0.93,0.24,8.01,0.28,0.35,0.17,0.03,1.51
2017-03-18,10.04,224.0,139.91505788549986,0.5836518197042192,517,389809.9419354839,6.82,0.9,0.24,8.11,0.29,0.32,0.17,0.03,1.36
2017-03-19,9.45,275.0,138.09241433672236,0.5917270075377203,518,389980.60322580644,6.36,0.87,0.24,8.18,0.29,0.31,0.17,0.03,1.35
2017-03-20,8.95,217.0,137.61447552045507,0.6183290043734286,518,390151.26451612904,6.0,0.86,0.25,8.05,0.3,0.32,0.17,0.03,1.31
2017-03-21,9.27,208.0,137.09599134592108,0.6135497310380783,518,390321.92580645165,5.97,0.88,0.25,7.92,0.28,0.33,0.18,0.03,1.28
2017-03-22,9.64,222.0,137.8875683248608,0.5853593641106286,518,390492.5870967742,6.01,0.87,0.26,7.95,0.26,0.34,0.18,0.03,1.31
2017-03-23,9.58,192.0,136.6981442447349,0.5865929305451034,518,390663.2483870968,6.63,0.87,0.25,7.53,0.26,0.33,0.18,0.03,1.26
2017-03-24,9.71,255.0,136.22371365892033,0.5762326273546273,519,390833.90967741935,6.03,0.82,0.25,6.85,0.24,0.3,0.18,0.03,1.19
2017-03-25,8.9,221.0,136.93312654320988,0.6220842674906962,519,391004.57096774195,6.01,0.83,0.25,7.09,0.26,0.29,0.18,0.03,1.17
2017-03-26,9.21,317.0,135.90795164609057,0.5929255352586497,519,391175.23225806456,5.87,0.82,0.24,7.18,0.24,0.29,0.18,0.03,1.21
2017-03-27,9.47,243.0,135.5343998426531,0.5833884559125084,519,391345.8935483871,5.85,0.82,0.23,7.13,0.24,0.27,0.17,0.03,1.15
2017-03-28,9.49,194.0,133.82354438997822,0.585867528578108,520,391516.5548387097,5.91,0.83,0.22,7.43,0.23,0.26,0.17,0.03,1.16
2017-03-29,9.57,188.0,133.52456560154926,0.5891238340174738,520,391687.21612903225,6.28,0.81,0.22,7.46,0.22,0.25,0.18,0.03,1.21
2017-03-30,9.34,193.0,134.68394526143788,0.6060006800778052,520,391857.87741935486,5.92,0.83,0.21,7.45,0.23,0.25,0.17,0.03,1.18
2017-03-31,9.27,287.0,136.11452895787943,0.5981566223706907,520,392028.5387096774,6.12,0.84,0.22,7.03,0.23,0.26,0.17,0.03,1.19
2017-04-01,9.11,273.0,137.3859573953038,0.6140288033565631,538,392199.2,5.87,0.82,0.22,7.52,0.23,0.27,0.17,0.03,1.13
2017-04-02,8.93,269.0,137.75616058460423,0.620068406187863,537,391520.20333333337,5.6,0.82,0.23,7.51,0.24,0.27,0.16,0.03,1.09
2017-04-03,8.83,253.0,136.80032770515612,0.6251267929203776,536,390841.20666666667,5.68,0.83,0.23,7.69,0.25,0.26,0.15,0.03,1.1
2017-04-04,9.17,255.0,137.5961394638102,0.6046878789761365,535,390162.21,5.77,0.82,0.23,7.46,0.25,0.27,0.16,0.03,1.11
2017-04-05,8.93,228.0,136.37554469256838,0.6127462850685332,534,389483.2133333333,5.58,0.77,0.23,7.59,0.24,0.26,0.16,0.03,1.11
2017-04-06,9.46,295.0,136.57271965020576,0.5950495192941115,533,388804.2166666667,5.6,0.8,0.22,7.21,0.24,0.26,0.16,0.03,1.11
2017-04-07,9.16,240.0,135.9318917634955,0.6200220607165133,532,388125.22000000003,6.02,0.74,0.23,7.32,0.24,0.28,0.16,0.03,1.1
2017-04-08,9.24,383.0,138.12303806584364,0.6358227403980176,531,387446.2233333333,5.97,0.77,0.22,7.23,0.25,0.3,0.17,0.03,1.08
2017-04-09,9.06,338.0,138.41942662188333,0.6473379449184754,530,386767.2266666667,5.77,0.74,0.21,6.72,0.24,0.3,0.17,0.03,1.04
2017-04-10,8.87,300.0,138.26113413822318,0.6622635813011382,529,386088.23,6.0,0.7,0.21,6.62,0.25,0.29,0.16,0.03,1.0
2017-04-11,9.36,269.0,137.25489512224647,0.617553667988911,529,385409.23333333334,6.1,0.72,0.2,7.19,0.24,0.3,0.16,0.03,1.02
2017-04-12,9.61,396.0,137.41651531106268,0.598876820502715,528,384730.2366666667,6.12,0.71,0.2,7.34,0.24,0.28,0.15,0.03,0.99
2017-04-13,9.48,330.0,137.9087751755023,0.603869847226438,527,384051.24,6.07,0.72,0.19,7.42,0.24,0.3,0.15,0.03,1.02
2017-04-14,9.38,240.0,137.15652066690876,0.6133346486009081,526,383372.24333333335,5.85,0.72,0.18,7.35,0.24,0.29,0.15,0.03,1.0
2017-04-15,9.34,319.0,137.27005389130963,0.6116829812269656,525,382693.24666666664,5.87,0.71,0.19,7.23,0.24,0.29,0.15,0.03,0.99
2017-04-16,9.32,302.0,138.324313362382,0.6076031952840589,524,382014.25,5.77,0.68,0.19,7.01,0.24,0.28,0.15,0.03,1.01
2017-04-17,9.3,335.0,139.47106278746065,0.6135225344375962,523,381335.25333333336,5.82,0.68,0.19,7.23,0.23,0.27,0.14,0.03,0.96
2017-04-18,9.18,276.0,139.89372379569113,0.6253780875298359,522,380656.25666666665,5.71,0.69,0.19,7.22,0.23,0.27,0.15,0.03,0.91
2017-04-19,9.15,301.0,140.12694066206728,0.637435829353622,521,379977.26,5.89,0.71,0.18,7.19,0.23,0.27,0.16,0.03,0.91
2017-04-20,9.48,339.0,140.43012723916723,0.6125258346549805,520,379298.2633333333,6.19,0.69,0.19,7.09,0.22,0.27,0.15,0.03,0.92
2017-04-21,9.56,347.0,140.84765171871217,0.6048389956279209,519,378619.26666666666,6.24,0.68,0.19,7.3,0.22,0.26,0.14,0.03,0.97
2017-04-22,9.44,312.0,140.2362459150327,0.6113710680739557,518,377940.27,6.31,0.69,0.19,7.33,0.21,0.24,0.14,0.03,0.96
2017-04-23,9.3,277.0,139.87508163882836,0.6231701297059578,517,377261.2733333333,6.21,0.71,0.18,7.11,0.2,0.24,0.13,0.03,0.94
2017-04-24,9.3,285.0,141.54512354756713,0.6394601594568569,516,376582.2766666667,6.56,0.68,0.18,7.21,0.2,0.25,0.13,0.03,0.92
2017-04-25,9.24,238.0,142.1983304587267,0.6392868594742139,516,375903.27999999997,6.53,0.65,0.17,7.15,0.21,0.25,0.14,0.03,0.94
2017-04-26,9.09,235.0,141.45337100580974,0.6477627940622793,515,375224.2833333333,6.14,0.66,0.18,7.35,0.2,0.26,0.13,0.03,0.93
2017-04-27,9.58,278.0,141.30578510045993,0.6245227358268111,514,374545.2866666667,6.61,0.68,0.19,7.43,0.2,0.25,0.13,0.03,0.92
2017-04-28,9.82,428.0,141.63395085935608,0.6093486948420898,513,373866.29,6.6,0.7,0.19,7.51,0.2,0.25,0.14,0.03,0.93
2017-04-29,10.1,425.0,142.22625765553136,0.5911481536375662,512,373187.29333333333,6.66,0.69,0.18,7.26,0.2,0.24,0.14,0.03,0.92
2017-04-30,9.97,310.0,141.42412121762288,0.6010230289604143,511,372508.29666666663,6.6,0.7,0.18,7.45,0.2,0.25,0.13,0.03,0.91
2017-05-01,9.87,322.0,140.28387962962967,0.607731328201171,493,371829.3,6.5,0.67,0.18,7.42,0.2,0.24,0.13,0.03,0.91
2017-05-02,9.8,265.0,142.1841879992738,0.6135286961135749,494,371911.8387096774,6.62,0.68,0.17,7.16,0.2,0.24,0.13,0.03,0.9
2017-05-03,10.11,261.0,144.19325774630843,0.6000848028320478,494,371994.3774193548,6.73,0.7,0.17,7.15,0.2,0.24,0.13,0.03,0.92
2017-05-04,9.94,282.0,145.3502420418785,0.6104603506589205,494,372076.91612903227,6.63,0.71,0.15,7.15,0.19,0.24,0.13,0.03,0.99
2017-05-05,10.29,375.0,142.7854960965868,0.5910685761248136,494,372159.4548387097,6.34,0.71,0.15,7.18,0.19,0.23,0.12,0.03,0.98
2017-05-06,10.14,377.0,142.86135061123218,0.6094726439813484,494,372241.9935483871,6.62,0.67,0.15,7.38,0.19,0.23,0.12,0.03,0.97
2017-05-07,9.95,359.0,142.27984915879932,0.6215279074418888,494,372324.5322580645,6.61,0.65,0.15,7.32,0.2,0.25,0.12,0.03,0.95
2017-05-08,10.05,297.0,141.6057195291697,0.6101100901303874,494,372407.07096774195,6.45,0.67,0.15,6.91,0.19,0.26,0.12,0.03,0.94
2017-05-09,10.12,280.0,142.16362530259016,0.6122324608725929,494,372489.60967741936,6.65,0.66,0.14,7.07,0.18,0.25,0.12,0.03,0.96
2017-05-10,10.36,286.0,144.43058309126118,0.6001430949738442,494,372572.14838709676,6.72,0.65,0.15,7.38,0.19,0.27,0.12,0.03,0.96
2017-05-11,10.56,283.0,144.29574776083274,0.5805383622905935,495,372654.68709677417,6.96,0.67,0.16,7.47,0.19,0.26,0.12,0.03,0.96
2017-05-12,10.68,355.0,144.36070621520213,0.5715544565917137,495,372737.2258064516,7.05,0.69,0.17,7.76,0.17,0.26,0.12,0.03,0.94
2017-05-13,10.68,361.0,143.54819432340838,0.6432028197222606,495,372819.76451612904,7.15,0.7,0.17,7.68,0.18,0.26,0.12,0.03,0.95
2017-05-14,10.56,292.0,142.7654229605422,0.6654695026161307,495,372902.30322580645,7.08,0.69,0.17,7.77,0.19,0.26,0.13,0.03,0.95
2017-05-15,10.31,263.0,144.050109174534,0.6894414257504788,495,372984.84193548386,6.92,0.68,0.17,7.45,0.19,0.26,0.13,0.03,0.92
2017-05-16,10.18,234.0,144.86961819172114,0.7053219501003727,495,373067.38064516126,7.11,0.71,0.17,7.74,0.2,0.26,0.12,0.03,0.95
2017-05-17,10.68,261.0,144.70148741224884,0.5990137702499195,495,373149.9193548387,7.29,0.7,0.18,7.91,0.21,0.27,0.13,0.03,0.95
2017-05-18,10.66,281.0,145.00282561728397,0.6076333110262964,495,373232.45806451613,7.52,0.72,0.19,7.53,0.2,0.27,0.13,0.03,0.97
2017-05-19,10.82,277.0,146.72155446623094,0.6044859605514606,495,373314.99677419354,7.27,0.71,0.19,7.69,0.2,0.27,0.12,0.03,0.97
2017-05-20,10.61,315.0,144.52673789639312,0.6011001842394194,496,373397.53548387095,7.55,0.7,0.18,7.78,0.2,0.26,0.13,0.03,0.95
2017-05-21,10.55,277.0,146.2126663943355,0.6101038394868223,496,373480.0741935484,7.59,0.69,0.17,7.87,0.19,0.25,0.13,0.03,0.94
2017-05-22,9.98,283.0,145.71721160130718,0.6345740045709499,496,373562.6129032258,7.11,0.67,0.17,7.7,0.2,0.25,0.12,0.03,0.94
2017-05-23,10.71,269.0,146.28565737714842,0.596371282705939,496,373645.1516129032,7.24,0.71,0.17,8.07,0.19,0.26,0.12,0.03,0.93
2017-05-24,8.56,397.0,145.09747839506173,0.6781526612417119,496,373727.69032258063,5.73,0.57,0.14,6.67,0.17,0.21,0.1,0.03,0.82
2017-05-25,8.96,290.0,143.34845636649717,0.6699626313726269,496,373810.22903225804,5.54,0.57,0.14,6.56,0.17,0.22,0.12,0.03,0.8
2017-05-26,9.13,250.0,145.4709890462358,0.6677765417611193,496,373892.7677419355,5.62,0.6,0.14,7.11,0.17,0.22,0.11,0.03,0.86
2017-05-27,9.59,392.0,144.86106082062457,0.6241536712284133,496,373975.3064516129,5.72,0.6,0.14,7.25,0.17,0.22,0.11,0.03,0.89
2017-05-28,9.79,341.0,144.2413097010409,0.6173509006521686,496,374057.8451612903,5.64,0.57,0.14,7.25,0.16,0.22,0.11,0.03,0.82
2017-05-29,9.83,233.0,144.0483304889857,0.6214522438374007,497,374140.3838709677,5.52,0.62,0.14,7.13,0.17,0.22,0.12,0.03,0.87
2017-05-30,10.11,310.0,144.7263286734447,0.6057196019693365,497,374222.9225806452,6.09,0.61,0.14,7.47,0.16,0.22,0.11,0.03,0.82
2017-05-31,10.58,397.0,145.3238705519245,0.5893095321100917,497,374305.4612903226,6.11,0.63,0.15,7.52,0.16,0.23,0.11,0.03,0.85
2017-06-01,10.52,334.0,145.00901676349554,0.5910200168563515,513,374388.0,6.26,0.63,0.14,7.51,0.17,0.23,0.12,0.03,0.89
2017-06-02,10.41,276.0,146.1693776325345,0.5964553743515717,514,374494.7,6.26,0.65,0.15,7.65,0.16,0.23,0.12,0.03,0.94
2017-06-03,10.75,297.0,145.89948865286857,0.5719943304917096,514,374601.4,6.43,0.66,0.15,7.58,0.17,0.24,0.13,0.03,0.96
2017-06-04,10.35,305.0,146.1616015795207,0.5883791584424006,514,374708.1,6.18,0.66,0.15,7.73,0.16,0.24,0.12,0.03,0.95
2017-06-05,10.8,323.0,145.99006551077218,0.5733474104636592,514,374814.8,6.19,0.67,0.15,7.93,0.16,0.23,0.12,0.03,0.93
2017-06-06,10.45,234.0,147.67912052166542,0.5898620801275303,514,374921.5,6.33,0.64,0.16,7.73,0.16,0.24,0.12,0.03,0.84
2017-06-07,10.66,270.0,148.63789173323653,0.5698654391866999,514,375028.2,6.39,0.64,0.15,7.88,0.16,0.23,0.12,0.03,0.82
2017-06-08,10.74,307.0,148.2275118010167,0.5763206399798589,514,375134.9,6.34,0.64,0.15,7.87,0.17,0.22,0.12,0.03,0.84
2017-06-09,10.66,296.0,145.8827543875575,0.5654076580201713,515,375241.6,6.63,0.63,0.16,7.95,0.17,0.22,0.12,0.03,0.86
2017-06-10,9.95,251.0,144.27220872670054,0.6000819800839723,515,375348.3,6.38,0.63,0.16,7.79,0.17,0.21,0.12,0.03,0.89
2017-06-11,9.49,264.0,146.01739388162673,0.6169924581722143,515,375455.0,6.25,0.63,0.16,7.78,0.17,0.22,0.11,0.03,0.87
2017-06-12,9.57,243.0,147.34485602759622,0.6276555877143432,515,375561.7,6.25,0.63,0.15,7.86,0.17,0.21,0.11,0.03,0.87
2017-06-13,10.18,367.0,144.98116890583395,0.643705054637463,515,375668.4,6.28,0.62,0.16,7.77,0.17,0.2,0.11,0.03,0.86
2017-06-14,10.41,266.0,145.54678991164363,0.6356588667112644,515,375775.1,6.21,0.61,0.15,7.94,0.17,0.19,0.11,0.03,0.89
2017-06-15,10.38,322.0,144.60008530016947,0.6359344096908526,515,375881.8,6.17,0.6,0.15,7.93,0.17,0.19,0.11,0.03,0.91
2017-06-16,10.03,324.0,143.21402895787946,0.659274368848098,516,375988.5,6.29,0.61,0.16,7.33,0.16,0.18,0.1,0.03,0.91
2017-06-17,10.3,263.0,143.67192474582424,0.7373425304746686,516,376095.2,6.23,0.61,0.15,8.05,0.17,0.18,0.11,0.03,0.91
2017-06-18,10.13,241.0,142.67599343379328,0.6711421678363203,516,376201.9,6.42,0.56,0.15,8.01,0.16,0.19,0.11,0.03,0.89
2017-06-19,10.03,222.0,144.5208945170661,0.7469660237732473,516,376308.6,6.23,0.56,0.14,7.8,0.15,0.19,0.11,0.03,0.91
2017-06-20,9.93,263.0,144.11564324618737,0.7526946194446478,516,376415.3,6.04,0.55,0.14,7.73,0.15,0.19,0.11,0.03,0.89
2017-06-21,10.07,238.0,144.11925021181312,0.7360868758708806,516,376522.0,6.23,0.54,0.13,7.47,0.14,0.18,0.1,0.03,0.89
2017-06-22,10.06,295.0,140.99753246792545,0.7500715472700732,517,376628.7,6.64,0.52,0.12,7.56,0.14,0.18,0.1,0.03,0.88
2017-06-23,10.09,329.0,137.28933412006776,0.5803002754290322,517,376735.4,6.46,0.56,0.12,7.94,0.13,0.17,0.09,0.03,0.79
2017-06-24,10.3,327.0,135.03480797627697,0.5660837165423769,517,376842.1,6.52,0.59,0.12,7.74,0.13,0.16,0.1,0.03,0.81
2017-06-25,9.9,276.0,134.56025841200676,0.5892560695808896,517,376948.8,6.11,0.53,0.12,7.69,0.13,0.16,0.09,0.03,0.8
2017-06-26,9.65,268.0,135.83184168482208,0.6150318795361018,517,377055.5,5.76,0.54,0.11,7.71,0.12,0.15,0.09,0.03,0.83
2017-06-27,9.99,254.0,135.39678969983055,0.5618759934735668,517,377162.2,6.11,0.57,0.12,7.51,0.13,0.16,0.09,0.03,0.84
2017-06-28,10.04,264.0,137.42642347494552,0.5609749502621914,517,377268.9,6.17,0.55,0.11,7.54,0.14,0.17,0.1,0.03,0.85
2017-06-29,9.9,322.0,137.91072228274027,0.5732218250733138,518,377375.6,6.03,0.56,0.12,7.56,0.14,0.16,0.1,0.03,0.86
2017-06-30,10.27,307.0,138.90675517429193,0.5526207748155003,518,377482.3,6.37,0.56,0.12,7.82,0.14,0.18,0.09,0.03,0.89
2017-07-01,10.14,347.0,139.83197712418303,0.5816902573420119,501,377589.0,6.36,0.56,0.12,7.58,0.14,0.18,0.1,0.03,0.88
2017-07-02,10.01,247.0,138.43857316630357,0.5787363117203207,501,377486.95806451613,6.0,0.58,0.12,7.87,0.14,0.19,0.1,0.03,0.82
2017-07-03,9.97,270.0,140.58213077947227,0.5843157502004811,501,377384.91612903227,6.16,0.55,0.12,7.72,0.14,0.18,0.1,0.03,0.89
2017-07-04,10.0,270.0,143.41625907770515,0.5859823096666666,501,377282.8741935484,6.7,0.55,0.12,7.75,0.14,0.18,0.09,0.03,0.88
2017-07-05,9.37,215.0,143.29926116557732,0.622122378066682,501,377180.83225806453,6.26,0.53,0.11,7.61,0.13,0.17,0.09,0.03,0.85
2017-07-06,9.83,229.0,144.16438819293148,0.605776010905896,500,377078.79032258067,6.57,0.54,0.12,7.55,0.14,0.17,0.1,0.03,0.91
2017-07-07,9.85,250.0,143.8207219498911,0.6071245598024784,500,376976.7483870968,6.57,0.59,0.12,7.55,0.14,0.17,0.1,0.03,0.94
2017-07-08,10.12,317.0,145.0822443718228,0.5985217838327811,500,376874.70645161293,6.68,0.61,0.13,7.91,0.14,0.16,0.1,0.03,0.92
2017-07-09,9.95,217.0,143.78751152868554,0.6111866447426069,500,376772.664516129,6.55,0.59,0.13,7.8,0.13,0.16,0.1,0.03,0.92
2017-07-10,9.56,309.0,145.30665855725007,0.6257739515741996,500,376670.62258064514,6.42,0.56,0.12,7.64,0.13,0.16,0.1,0.03,0.9
2017-07-11,9.93,324.0,144.2909925865408,0.6130284345242448,500,376568.5806451613,6.64,0.55,0.12,7.89,0.13,0.16,0.1,0.03,0.88
2017-07-12,10.09,355.0,144.4338966957153,0.6165860923291695,500,376466.5387096774,6.67,0.54,0.13,7.82,0.13,0.17,0.1,0.03,0.89
2017-07-13,10.1,207.0,145.54561147421933,0.6125409934944687,500,376364.49677419354,6.54,0.51,0.13,8.15,0.13,0.17,0.09,0.03,0.92
2017-07-14,10.39,266.0,147.66802311788913,0.6026410737887015,499,376262.4548387097,6.97,0.56,0.13,8.15,0.15,0.17,0.1,0.03,0.9
2017-07-15,10.41,266.0,145.91422352335996,0.5999003444651785,499,376160.4129032258,6.81,0.59,0.13,8.08,0.14,0.17,0.09,0.03,0.93
2017-07-16,9.9,224.0,145.42054917090292,0.6157621923814759,499,376058.37096774194,6.64,0.58,0.13,7.98,0.14,0.18,0.09,0.03,0.91
2017-07-17,10.22,313.0,146.16909080731057,0.6054269201269773,499,375956.3290322581,6.37,0.54,0.13,7.93,0.14,0.17,0.09,0.03,0.9
2017-07-18,10.13,266.0,146.45706995884774,0.6170732076285418,499,375854.2870967742,6.46,0.59,0.13,7.82,0.14,0.19,0.09,0.03,0.92
2017-07-19,10.01,229.0,149.93316551682403,0.6356644194462612,499,375752.24516129034,6.71,0.6,0.15,7.87,0.14,0.19,0.1,0.03,0.96
2017-07-20,9.69,217.0,149.8381577705156,0.6463658945422229,499,375650.2032258065,6.87,0.59,0.15,8.26,0.14,0.18,0.1,0.03,0.94
2017-07-21,10.24,318.0,149.19790020576127,0.6142119376813663,498,375548.1612903226,7.12,0.61,0.14,7.79,0.14,0.19,0.09,0.03,0.99
2017-07-22,10.48,280.0,149.82456197046724,0.5977885082936452,498,375446.11935483874,7.13,0.6,0.13,8.11,0.14,0.19,0.09,0.03,1.03
2017-07-23,9.83,196.0,149.77355879327044,0.6824946392329622,498,375344.0774193549,7.08,0.55,0.12,8.02,0.13,0.17,0.09,0.03,1.01
2017-07-24,9.8,246.0,150.28598880416365,0.7029440846883468,498,375242.035483871,6.87,0.55,0.11,7.89,0.13,0.18,0.08,0.03,1.01
2017-07-25,10.36,296.0,150.32964575768577,0.6774955491304964,498,375139.9935483871,6.75,0.57,0.11,8.05,0.13,0.17,0.09,0.03,1.01
2017-07-26,10.39,279.0,149.74058475550717,0.66965295704328,498,375037.9516129032,7.16,0.6,0.12,8.07,0.13,0.18,0.1,0.03,1.05
2017-07-27,10.69,303.0,150.03916158315175,0.6619862337227468,498,374935.90967741935,7.19,0.65,0.13,8.03,0.15,0.18,0.1,0.03,1.09
2017-07-28,10.83,301.0,152.6910502299685,0.6546963575211985,497,374833.8677419355,7.32,0.71,0.14,8.45,0.16,0.2,0.1,0.03,1.09
2017-07-29,10.86,305.0,153.21423450738322,0.658609136607467,497,374731.8258064516,7.67,0.71,0.11,8.54,0.15,0.2,0.1,0.03,1.13
2017-07-30,10.94,268.0,154.55601667271853,0.6420681093468166,497,374629.78387096775,7.69,0.69,0.12,8.22,0.15,0.2,0.1,0.03,1.13
2017-07-31,10.9,290.0,152.42413162672477,0.6579471644561286,497,374527.7419354839,7.73,0.67,0.13,8.32,0.17,0.21,0.1,0.03,1.12
2017-08-01,10.96,319.0,154.41308127572015,0.6513478119230942,497,374425.7,8.1,0.7,0.13,8.39,0.17,0.21,0.1,0.03,1.13
2017-08-02,10.79,260.0,156.38639427499396,0.6604711884647834,496,373779.7774193548,7.93,0.69,0.14,7.97,0.17,0.21,0.1,0.03,1.15
2017-08-03,10.96,281.0,156.47366969256836,0.6608284309795577,495,373133.8548387097,8.03,0.68,0.13,7.7,0.17,0.2,0.1,0.03,1.17
2017-08-04,10.89,330.0,157.14868866497218,0.66942340563401,494,372487.9322580645,8.01,0.64,0.13,8.08,0.16,0.2,0.1,0.03,1.23
2017-08-05,11.21,435.0,156.31029314935853,0.6414929995026857,494,371842.0096774194,7.81,0.71,0.13,8.49,0.16,0.21,0.1,0.03,1.26
2017-08-06,11.49,409.0,157.1759294359719,0.6221624233489289,493,371196.0870967742,7.5,0.71,0.14,8.34,0.16,0.21,0.1,0.03,1.21
2017-08-07,11.16,318.0,157.4326787097555,0.6416678480578107,492,370550.16451612907,7.53,0.66,0.14,8.34,0.14,0.21,0.1,0.03,1.15
2017-08-08,11.5,400.0,158.88314079520697,0.6545018876461038,491,369904.2419354839,8.02,0.64,0.14,8.2,0.14,0.21,0.1,0.03,1.17
2017-08-09,11.14,274.0,157.33422179859602,0.6355805528470184,490,369258.3193548387,7.75,0.63,0.13,8.12,0.15,0.21,0.1,0.03,1.1
2017-08-10,11.23,313.0,155.972889100702,0.6481828063077976,489,368612.39677419356,7.49,0.65,0.13,8.17,0.16,0.2,0.09,0.03,1.17
2017-08-11,11.33,362.0,157.5852757201646,0.702834058058897,488,367966.4741935484,7.58,0.68,0.12,8.33,0.16,0.19,0.1,0.03,1.16
2017-08-12,11.17,351.0,157.93327060639072,0.7411793702090399,488,367320.55161290325,7.61,0.68,0.12,8.2,0.15,0.21,0.1,0.03,1.17
2017-08-13,11.15,503.0,155.7343700375212,0.654480031984682,487,366674.62903225806,7.31,0.66,0.12,7.95,0.16,0.2,0.09,0.03,1.13
2017-08-14,11.25,296.0,156.63361244250785,0.6465887999504133,486,366028.7064516129,7.24,0.62,0.12,8.06,0.16,0.2,0.09,0.03,1.1
2017-08-15,11.33,418.0,156.31593563907043,0.6320741346162273,485,365382.78387096775,7.56,0.65,0.13,8.39,0.14,0.19,0.09,0.03,1.05
2017-08-16,11.59,360.0,157.49677045509563,0.626172880035271,484,364736.86129032256,7.31,0.63,0.12,8.2,0.15,0.19,0.09,0.03,1.08
2017-08-17,11.8,481.0,158.63720085935608,0.6208456075969485,483,364090.93870967743,7.05,0.64,0.12,7.72,0.15,0.19,0.09,0.03,1.08
2017-08-18,11.85,329.0,158.57637566569835,0.6183748703727168,482,363445.01612903224,7.28,0.67,0.13,7.88,0.15,0.19,0.09,0.03,1.12
2017-08-19,11.73,324.0,158.51837745098038,0.6136757127547435,482,362799.0935483871,7.22,0.65,0.13,8.05,0.15,0.19,0.09,0.03,1.12
2017-08-20,12.15,446.0,157.94385717743884,0.588719869769366,481,362153.1709677419,6.68,0.64,0.13,7.71,0.15,0.18,0.09,0.03,1.09
2017-08-21,11.5,246.0,158.20815746792545,0.6148198979761904,480,361507.24838709674,6.79,0.59,0.13,7.83,0.14,0.18,0.08,0.03,1.06
2017-08-22,11.55,331.0,156.3168786916001,0.6121024225385528,479,360861.3258064516,6.88,0.58,0.13,7.99,0.14,0.17,0.09,0.03,1.07
2017-08-23,11.5,226.0,155.20442223432582,0.5555265804329005,478,360215.4032258064,6.76,0.6,0.12,8.09,0.14,0.18,0.09,0.03,1.03
2017-08-24,11.64,461.0,154.7974619644154,0.5544407637478034,477,359569.4806451613,6.8,0.61,0.12,7.99,0.14,0.18,0.09,0.03,1.05
2017-08-25,11.61,299.0,155.95161555918662,0.5596973365171917,476,358923.5580645161,6.98,0.63,0.13,8.12,0.13,0.18,0.09,0.03,1.06
2017-08-26,11.79,356.0,157.77105210602764,0.5622777064380686,476,358277.635483871,6.86,0.65,0.13,8.15,0.14,0.18,0.09,0.03,1.07
2017-08-27,11.58,271.0,156.13045222101184,0.5630227441406249,475,357631.7129032258,6.95,0.64,0.12,7.97,0.14,0.18,0.09,0.03,1.06
2017-08-28,11.35,259.0,154.0390481420964,0.5701110179411443,474,356985.7903225806,7.2,0.62,0.12,7.49,0.14,0.17,0.09,0.03,1.05
2017-08-29,11.4,282.0,157.52447352335997,0.5784524985284499,473,356339.8677419355,7.24,0.61,0.11,7.79,0.14,0.17,0.1,0.03,1.04
2017-08-30,11.43,333.0,157.25233569353665,0.5805903603515412,472,355693.9451612903,7.08,0.61,0.12,8.17,0.14,0.19,0.09,0.03,1.1
2017-08-31,11.67,335.0,156.66165643911887,0.5456402724492633,471,355048.02258064516,7.1,0.63,0.12,8.09,0.14,0.18,0.09,0.03,1.11
2017-09-01,12.11,479.0,155.44313852578068,0.5488598683757494,486,354402.1,6.98,0.64,0.12,7.61,0.14,0.18,0.09,0.03,1.14
2017-09-02,12.13,306.0,158.9251350459937,0.62759877734108,485,353984.0733333333,7.62,0.62,0.12,7.84,0.15,0.19,0.09,0.03,1.12
2017-09-03,11.84,216.0,158.1621537158073,0.5455912153966442,485,353566.04666666663,7.32,0.64,0.12,8.05,0.14,0.19,0.09,0.03,1.15
2017-09-04,11.56,231.0,157.91474228395057,0.5644350783277297,484,353148.01999999996,7.42,0.64,0.12,7.97,0.15,0.19,0.09,0.03,1.13
2017-09-05,11.52,277.0,157.84062775357057,0.5737357345891152,484,352729.9933333333,7.41,0.64,0.12,7.88,0.14,0.19,0.1,0.03,1.14
2017-09-06,11.45,288.0,156.88468542725732,0.5623652000705985,483,352311.9666666667,7.51,0.62,0.12,8.12,0.14,0.2,0.1,0.03,1.12
2017-09-07,11.45,200.0,158.27057125998545,0.5915311115781471,483,351893.94,7.23,0.63,0.12,8.4,0.14,0.2,0.09,0.03,1.09
2017-09-08,11.49,226.0,159.77203428346652,0.5915307643879828,482,351475.91333333333,7.7,0.66,0.12,8.42,0.14,0.19,0.1,0.03,1.13
2017-09-09,11.56,315.0,157.97743666787701,0.5765553845262725,481,351057.88666666666,7.51,0.67,0.12,7.94,0.14,0.2,0.09,0.03,1.12
2017-09-10,11.44,279.0,159.849003570564,0.570007600957567,481,350639.86,7.22,0.69,0.12,7.98,0.15,0.2,0.09,0.03,1.12
2017-09-11,11.57,320.0,156.74952127208908,0.5867117408304796,480,350221.8333333333,7.15,0.66,0.12,8.0,0.15,0.19,0.09,0.03,1.08
2017-09-12,11.9,356.0,155.97654417816508,0.5723064941024832,480,349803.80666666664,7.32,0.67,0.12,7.8,0.15,0.2,0.09,0.03,1.11
2017-09-13,11.6,258.0,155.4079795449044,0.581636676794541,479,349385.77999999997,7.14,0.67,0.12,8.19,0.14,0.19,0.09,0.03,1.13
2017-09-14,11.83,267.0,158.02336468167516,0.5777638968681934,447,348967.7533333333,7.51,0.64,0.12,8.09,0.14,0.2,0.09,0.03,1.13
2017-09-15,11.2,267.0,157.52081738683125,0.6019910775989825,446,348549.7266666666,6.91,0.63,0.13,8.13,0.15,0.18,0.09,0.03,1.11
2017-09-16,10.76,198.0,156.08527072742675,0.6258889115076101,446,348131.69999999995,6.36,0.62,0.13,7.91,0.15,0.19,0.09,0.03,1.1
2017-09-17,10.15,177.0,154.72640598523358,0.6465740994670021,445,347713.67333333334,6.11,0.63,0.13,7.84,0.15,0.18,0.09,0.03,1.05
2017-09-18,10.41,183.0,156.54370479302833,0.636665251343802,445,347295.64666666667,6.55,0.62,0.14,7.74,0.14,0.18,0.09,0.03,1.05
2017-09-19,11.33,327.0,155.13257991406434,0.594582967029295,444,346877.62,6.24,0.62,0.14,7.65,0.14,0.18,0.09,0.03,1.06
2017-09-20,11.09,220.0,155.86764947954492,0.6064173630733383,443,346459.5933333333,6.26,0.61,0.14,7.8,0.14,0.18,0.09,0.03,1.08
2017-09-21,10.8,192.0,155.56692035826674,0.6105116987354748,443,346041.56666666665,6.88,0.61,0.16,7.7,0.15,0.17,0.09,0.03,1.05
2017-09-22,10.77,252.0,155.49191258169935,0.6018333633737525,442,345623.54,6.44,0.6,0.18,8.0,0.14,0.17,0.09,0.03,1.06
2017-09-23,9.99,255.0,155.55056427015248,0.6200546209331101,442,345205.5133333333,6.2,0.59,0.16,7.51,0.14,0.17,0.09,0.03,1.03
2017-09-24,9.69,275.0,156.01336906923265,0.6308897819375047,441,344787.48666666663,6.14,0.58,0.16,7.69,0.14,0.18,0.09,0.03,1.0
2017-09-25,10.23,180.0,155.85745585209392,0.6010064325323144,441,344369.45999999996,6.05,0.54,0.16,7.96,0.13,0.17,0.09,0.03,0.99
2017-09-26,10.42,243.0,155.69477118131203,0.6034218707488977,440,343951.43333333335,6.15,0.56,0.14,7.87,0.13,0.16,0.08,0.03,0.99
2017-09-27,10.17,181.0,153.8541551077221,0.6166224302874841,440,343533.4066666667,6.22,0.54,0.14,7.76,0.13,0.17,0.07,0.03,0.98
2017-09-28,9.73,143.0,152.052397936335,0.6415222434772914,439,343115.38,6.17,0.54,0.14,7.33,0.13,0.17,0.08,0.03,0.94
2017-09-29,10.18,266.0,151.96894223553616,0.6165379197136984,439,342697.35333333333,6.36,0.53,0.12,7.97,0.13,0.16,0.07,0.03,0.98
2017-09-30,9.84,273.0,152.07493019244737,0.6363030845550317,438,342279.32666666666,6.16,0.57,0.13,7.98,0.13,0.16,0.08,0.03,1.0
2017-10-01,10.01,246.0,150.9106253933672,0.622494228956229,423,341861.3,5.97,0.51,0.12,7.99,0.13,0.15,0.08,0.03,0.98
2017-10-02,9.84,230.0,149.60026691479058,0.6320478816487403,423,341192.5935483871,5.99,0.53,0.11,7.86,0.13,0.14,0.07,0.03,1.0
2017-10-03,9.71,298.0,149.69011359235049,0.6447785860385178,422,340523.8870967742,6.09,0.52,0.12,7.28,0.14,0.15,0.07,0.03,0.92
2017-10-04,9.72,198.0,151.24840946502061,0.648526452040867,421,339855.1806451613,6.09,0.53,0.12,7.98,0.13,0.16,0.07,0.03,0.98
2017-10-05,9.56,167.0,151.36446102638587,0.6558091731556862,420,339186.4741935484,6.1,0.56,0.13,8.21,0.13,0.16,0.08,0.03,1.01
2017-10-06,9.75,245.0,152.05415341321716,0.6536528244774273,419,338517.7677419355,6.06,0.54,0.13,8.32,0.14,0.16,0.07,0.03,0.99
2017-10-07,9.72,381.0,152.0757249152747,0.6310813467055993,418,337849.06129032257,6.21,0.49,0.12,8.13,0.13,0.16,0.08,0.03,0.98
2017-10-08,9.39,230.0,149.86752668845315,0.6374439958648724,418,337180.3548387097,5.92,0.49,0.12,8.18,0.13,0.16,0.08,0.03,0.95
2017-10-09,9.25,238.0,150.12811298717017,0.6452254556802064,417,336511.64838709676,6.02,0.51,0.12,8.31,0.13,0.16,0.08,0.03,0.95
2017-10-10,9.68,231.0,150.2020811244251,0.6138636100350799,416,335842.9419354839,5.88,0.5,0.12,8.27,0.14,0.16,0.08,0.03,0.99
2017-10-11,9.46,196.0,152.65432050351004,0.6261600679854564,415,335174.23548387096,6.12,0.5,0.12,8.15,0.14,0.17,0.08,0.03,0.98
2017-10-12,9.98,313.0,149.249670721375,0.5945336282476205,414,334505.5290322581,6.29,0.5,0.12,8.42,0.14,0.17,0.08,0.03,1.03
2017-10-13,10.18,330.0,150.06102968409584,0.5764288184446994,414,333836.82258064515,6.79,0.5,0.12,8.83,0.14,0.17,0.08,0.03,1.05
2017-10-14,10.16,342.0,150.50077402565964,0.5918463735518694,413,333168.1161290323,6.9,0.5,0.12,8.62,0.14,0.18,0.08,0.03,1.07
2017-10-15,9.71,251.0,149.51664799685307,0.6316702067108431,412,332499.40967741935,6.72,0.48,0.12,8.12,0.15,0.17,0.08,0.03,1.09
2017-10-16,10.13,373.0,150.64801298111837,0.6073438879471676,411,331830.7032258065,6.65,0.49,0.11,8.28,0.15,0.17,0.08,0.03,1.05
2017-10-17,10.06,235.0,149.8986269970951,0.6357897520507624,410,331161.99677419354,6.67,0.49,0.12,8.36,0.15,0.17,0.08,0.03,1.06
2017-10-18,10.19,210.0,149.18220176712663,0.5961431285252048,409,330493.29032258067,6.73,0.48,0.12,8.26,0.14,0.17,0.08,0.03,1.03
2017-10-19,10.14,219.0,147.09366875453884,0.6095045204857115,409,329824.58387096773,6.99,0.49,0.12,8.22,0.14,0.18,0.08,0.03,1.05
2017-10-20,10.02,308.0,147.14665689300415,0.6158192206772195,408,329155.87741935486,6.89,0.5,0.12,7.94,0.14,0.19,0.07,0.03,1.02
2017-10-21,10.11,265.0,148.83913144517066,0.6027137747699036,407,328487.1709677419,6.3,0.48,0.12,8.11,0.14,0.18,0.08,0.03,1.02
2017-10-22,9.72,304.0,148.21683896151052,0.723893866308337,406,327818.46451612905,6.13,0.47,0.12,7.98,0.15,0.17,0.08,0.03,1.01
2017-10-23,9.67,254.0,146.76131360445413,0.626718790773387,405,327149.7580645161,6.06,0.45,0.12,7.97,0.14,0.16,0.08,0.03,1.03
2017-10-24,10.3,355.0,148.25930252965387,0.5972115329663826,404,326481.05161290325,6.3,0.44,0.11,8.45,0.15,0.16,0.08,0.03,1.03
2017-10-25,9.89,218.0,149.97295300774633,0.6593900431922127,404,325812.3451612903,6.66,0.46,0.12,8.02,0.14,0.16,0.08,0.03,1.05
2017-10-26,10.0,230.0,149.72928376906316,0.6128787269999999,403,325143.63870967744,6.75,0.45,0.11,8.19,0.14,0.17,0.07,0.03,1.03
2017-10-27,9.74,259.0,148.2963743040426,0.6165595585326302,402,324474.9322580645,6.7,0.44,0.11,8.49,0.13,0.16,0.07,0.03,1.05
2017-10-28,9.88,329.0,148.3400344952796,0.6204728678770745,401,323806.22580645164,7.0,0.43,0.11,8.4,0.14,0.16,0.08,0.03,1.02
2017-10-29,9.48,243.0,147.71200816993465,0.6450838559467799,400,323137.5193548387,6.58,0.45,0.1,7.89,0.13,0.15,0.07,0.03,1.0
2017-10-30,9.41,215.0,147.27706451222465,0.6362065192478945,399,322468.81290322583,6.51,0.45,0.11,8.29,0.13,0.15,0.07,0.03,0.98
2017-10-31,9.78,232.0,148.90486132292423,0.6150130829570131,399,321800.1064516129,6.42,0.47,0.1,8.72,0.14,0.16,0.09,0.03,0.99
2017-11-01,9.59,248.0,145.62145219075285,0.618514537101787,411,321131.4,7.08,0.48,0.1,8.6,0.14,0.14,0.09,0.03,0.98
2017-11-02,9.58,205.0,145.57826210360687,0.6318141753461771,412,321789.5833333334,6.98,0.48,0.11,8.7,0.14,0.15,0.09,0.03,0.99
2017-11-03,9.73,234.0,143.07887430404264,0.6234085608352535,413,322447.76666666666,6.97,0.47,0.11,7.93,0.14,0.16,0.09,0.03,1.02
2017-11-04,9.39,220.0,144.00843724279835,0.6283924655682137,414,323105.95,6.85,0.46,0.11,7.97,0.14,0.17,0.08,0.03,1.0
2017-11-05,9.32,231.0,141.9462328733963,0.61464616435292,414,323764.13333333336,6.91,0.47,0.11,8.35,0.13,0.17,0.08,0.03,1.01
2017-11-06,9.2,214.0,142.0721540789155,0.6274662597060349,415,324422.3166666667,6.79,0.44,0.11,7.83,0.13,0.17,0.08,0.03,1.01
2017-11-07,9.54,279.0,142.41206248487046,0.6094392153302125,416,325080.5,7.12,0.45,0.12,8.23,0.14,0.17,0.08,0.03,1.01
2017-11-08,9.99,378.0,143.50908956669085,0.596974081131572,417,325738.68333333335,6.77,0.44,0.12,8.7,0.14,0.17,0.09,0.03,1.02
2017-11-09,9.84,181.0,143.78774724642943,0.5957642898249105,418,326396.8666666667,6.92,0.46,0.11,8.45,0.14,0.17,0.08,0.03,1.06
2017-11-10,9.86,240.0,143.86563495521662,0.6066978670380994,419,327055.05000000005,6.79,0.44,0.11,8.62,0.13,0.16,0.08,0.03,1.05
2017-11-11,9.73,287.0,144.3930139191479,0.6101211452773855,419,327713.23333333334,6.67,0.44,0.11,8.08,0.14,0.16,0.08,0.03,1.06
2017-11-12,9.66,221.0,144.7814391188574,0.6068366200408692,420,328371.4166666667,6.52,0.41,0.12,8.12,0.14,0.16,0.08,0.03,1.04
2017-11-13,9.43,192.0,143.2378976034859,0.6313313048909042,395,329029.60000000003,6.78,0.41,0.12,8.18,0.13,0.15,0.07,0.03,1.01
2017-11-14,9.53,214.0,139.82891115952555,0.6425273303861558,396,329687.7833333334,6.55,0.42,0.11,8.18,0.14,0.16,0.06,0.03,0.99
2017-11-15,9.36,251.0,140.3564906802227,0.655774419892432,396,330345.9666666667,6.57,0.42,0.11,8.47,0.13,0.16,0.06,0.03,1.02
2017-11-16,9.46,259.0,141.9928987533285,0.6574297878787879,397,331004.15,6.82,0.45,0.11,8.72,0.12,0.15,0.06,0.03,1.03
2017-11-17,9.61,300.0,143.41403709755508,0.6494437814478392,398,331662.3333333334,6.85,0.47,0.11,8.52,0.13,0.16,0.07,0.03,1.03
2017-11-18,9.26,252.0,142.7251686940208,0.6594562185696249,399,332320.51666666666,6.82,0.47,0.12,8.37,0.13,0.15,0.08,0.03,1.01
2017-11-19,8.95,211.0,144.3466524449286,0.6810326003506683,400,332978.7,6.73,0.44,0.12,8.52,0.14,0.17,0.08,0.03,1.01
2017-11-20,9.05,243.0,143.8173505507141,0.6829415880755608,400,333636.88333333336,6.56,0.42,0.12,8.79,0.13,0.17,0.09,0.03,1.0
2017-11-21,9.62,327.0,143.48391409465023,0.6489480455983099,401,334295.0666666667,6.55,0.42,0.11,8.38,0.12,0.15,0.09,0.03,1.02
2017-11-22,9.5,222.0,143.5826852154442,0.6618227646590911,402,334953.25,6.3,0.41,0.11,8.21,0.11,0.15,0.08,0.03,1.0
2017-11-23,9.0,226.0,140.44040774025663,0.7009573343675889,403,335611.43333333335,6.6,0.41,0.1,7.89,0.11,0.14,0.07,0.03,0.94
2017-11-24,9.32,266.0,140.41984428709756,0.6561625382120698,404,336269.6166666667,6.54,0.41,0.1,7.88,0.12,0.15,0.08,0.03,1.0
2017-11-25,9.56,332.0,140.43038123335754,0.6549665055593245,404,336927.80000000005,6.56,0.43,0.1,7.84,0.12,0.15,0.08,0.03,1.0
2017-11-26,9.2,348.0,141.1588558157831,0.6529083360334109,405,337585.98333333334,6.15,0.42,0.1,8.04,0.11,0.15,0.07,0.03,0.97
2017-11-27,8.96,201.0,139.90401040910194,0.6817896159038024,406,338244.1666666667,5.82,0.44,0.1,8.1,0.12,0.14,0.07,0.03,0.98
2017-11-28,9.42,247.0,141.32461213991772,0.6557723215184564,407,338902.35000000003,6.44,0.46,0.1,8.47,0.13,0.15,0.06,0.03,0.98
2017-11-29,9.46,203.0,141.43055504115225,0.6553517879421303,407,339560.5333333333,6.6,0.46,0.11,8.58,0.13,0.16,0.07,0.03,0.99
2017-11-30,9.39,273.0,140.7133677680949,0.6413689667087188,408,340218.7166666667,6.74,0.46,0.11,8.61,0.13,0.16,0.07,0.03,0.98
2017-12-01,9.79,316.0,142.167609144275,0.646047972526321,396,340876.9,6.71,0.44,0.12,8.28,0.12,0.16,0.07,0.03,0.97
2017-12-02,9.77,296.0,142.6246200980392,0.6209641275345139,397,342204.43548387097,6.63,0.43,0.11,8.57,0.12,0.16,0.07,0.03,0.96
2017-12-03,9.54,236.0,141.33864430525298,0.6374375418554313,399,343531.970967742,6.89,0.42,0.12,8.56,0.12,0.15,0.07,0.03,0.94
2017-12-04,9.63,319.0,142.57192677317838,0.6444618442629094,400,344859.5064516129,6.76,0.44,0.11,8.3,0.12,0.15,0.08,0.03,0.93
2017-12-05,9.98,320.0,143.69065904139433,0.6188748653360528,402,346187.04193548387,6.77,0.46,0.12,8.25,0.12,0.16,0.08,0.03,0.9
2017-12-06,9.74,256.0,143.31700517429195,0.622085063434591,404,347514.5774193549,6.65,0.45,0.12,8.12,0.12,0.17,0.09,0.03,0.89
2017-12-07,10.39,340.0,144.0345954671992,0.5956431641218234,405,348842.1129032258,7.08,0.45,0.12,8.24,0.12,0.17,0.08,0.03,0.89
2017-12-08,10.24,266.0,142.85706893004115,0.6026126011547975,407,350169.6483870968,7.15,0.45,0.11,8.21,0.12,0.17,0.08,0.03,0.89
2017-12-09,10.06,333.0,141.94174077099976,0.6096440763607411,408,351497.18387096777,6.87,0.45,0.11,8.28,0.11,0.17,0.08,0.03,0.91
2017-12-10,10.03,315.0,142.8900317719681,0.6229992117826308,410,352824.7193548387,6.97,0.45,0.1,7.98,0.11,0.16,0.08,0.03,0.9
2017-12-11,10.09,266.0,144.01498959089807,0.6333076038101426,411,354152.2548387097,6.68,0.46,0.11,8.64,0.11,0.16,0.08,0.03,0.91
2017-12-12,9.97,279.0,144.9856084785766,0.6473188266081018,413,355479.79032258067,6.92,0.48,0.12,8.58,0.11,0.17,0.08,0.03,0.94
2017-12-13,10.12,222.0,145.38079257443715,0.6315287847572396,414,356807.3258064516,7.25,0.49,0.12,8.39,0.11,0.17,0.08,0.03,0.93
2017-12-14,9.99,289.0,145.88307398329704,0.6628462180107721,416,358134.8612903226,7.14,0.49,0.12,8.5,0.11,0.17,0.08,0.03,0.96
2017-12-15,10.35,297.0,147.37922788065845,0.647230346403726,417,359462.39677419356,6.99,0.5,0.12,8.54,0.11,0.17,0.08,0.03,0.97
2017-12-16,10.27,307.0,147.2181008533043,0.6467221866590731,419,360789.9322580645,6.4,0.49,0.12,8.5,0.1,0.17,0.08,0.03,0.96
2017-12-17,10.34,377.0,145.62463471314447,0.6512768041218256,421,362117.4677419355,6.61,0.54,0.12,8.76,0.1,0.17,0.08,0.03,0.96
2017-12-18,10.33,262.0,144.59836271483897,0.649238403753041,422,363445.00322580646,6.49,0.54,0.12,8.34,0.1,0.18,0.09,0.03,0.94
2017-12-19,10.09,223.0,144.58883614742192,0.6631561659566274,424,364772.5387096774,6.93,0.51,0.12,8.7,0.11,0.17,0.08,0.03,0.96
2017-12-20,10.17,225.0,145.4522225248124,0.6705515200246346,425,366100.0741935484,6.6,0.47,0.12,8.41,0.11,0.16,0.08,0.03,0.96
2017-12-21,9.86,210.0,144.38939950980395,0.688971611638227,427,367427.60967741936,6.68,0.44,0.12,8.59,0.1,0.17,0.08,0.03,0.91
2017-12-22,10.52,325.0,142.03432988380536,0.6432829047619048,428,368755.1451612903,7.06,0.46,0.12,8.17,0.1,0.17,0.07,0.03,0.93
2017-12-23,10.47,348.0,145.122929647785,0.6496199404161115,430,370082.6806451613,7.16,0.48,0.12,8.73,0.1,0.16,0.07,0.03,0.93
2017-12-24,10.8,287.0,145.8955007262164,0.6687126235133289,431,371410.21612903225,6.85,0.51,0.12,8.24,0.1,0.17,0.08,0.03,0.91
2017-12-25,10.8,351.0,149.9933858024691,0.6394004022157668,433,372737.7516129032,6.97,0.5,0.13,8.48,0.11,0.17,0.08,0.03,0.92
2017-12-26,10.81,289.0,152.3655723795691,0.6394697218939964,434,374065.2870967742,6.84,0.49,0.13,8.67,0.1,0.16,0.08,0.03,0.96
2017-12-27,10.59,258.0,153.18707655531347,0.6595121853774568,436,375392.82258064515,6.72,0.48,0.13,8.62,0.11,0.17,0.09,0.03,0.99
2017-12-28,10.49,294.0,154.4111397664004,0.6615064153836285,437,376720.35806451616,7.23,0.5,0.12,8.64,0.11,0.16,0.1,0.03,0.98
2017-12-29,11.19,410.0,154.31879100096828,0.6285167797883879,439,378047.8935483871,7.31,0.51,0.12,8.72,0.11,0.16,0.09,0.03,0.99
2017-12-30,11.21,337.0,155.88931048777536,0.6354223991004133,441,379375.42903225805,7.38,0.55,0.12,8.63,0.11,0.16,0.09,0.03,1.0
2017-12-31,10.81,216.0,155.43140059912852,0.6538911946986773,442,380702.96451612905,6.74,0.57,0.12,8.46,0.12,0.17,0.09,0.03,0.99
2018-01-01,11.39,406.0,154.54147010409102,0.6184632358247703,444,382030.5,6.78,0.56,0.12,8.71,0.12,0.17,0.08,0.03,0.98
2018-01-02,11.34,306.0,154.77992468530627,0.6182832005386233,444,382044.2612903226,7.03,0.56,0.12,8.9,0.11,0.16,0.09,0.03,1.0
2018-01-03,11.33,300.0,156.8767161704188,0.6145771771839874,444,382058.02258064516,7.51,0.54,0.13,8.6,0.12,0.17,0.07,0.03,1.02
2018-01-04,11.3,258.0,156.27759250181552,0.6092522606993851,444,382071.78387096775,7.47,0.54,0.13,8.58,0.11,0.16,0.08,0.03,1.0
2018-01-05,11.3,251.0,159.14291182522393,0.6216292900032937,444,382085.5451612903,7.54,0.56,0.13,8.45,0.12,0.17,0.09,0.03,1.03
2018-01-06,11.09,279.0,158.79941451827642,0.6377601592246973,444,382099.3064516129,7.38,0.57,0.14,8.7,0.12,0.17,0.09,0.03,1.09
2018-01-07,10.74,215.0,158.8979131263617,0.6541904253581892,444,382113.0677419355,7.19,0.56,0.13,8.75,0.12,0.16,0.09,0.03,1.02
2018-01-08,10.99,247.0,159.06342069111594,0.6481842685210144,444,382126.8290322581,7.02,0.56,0.13,8.31,0.12,0.16,0.09,0.03,0.97
2018-01-09,11.17,234.0,159.94165447228275,0.6418024819999557,444,382140.59032258065,7.42,0.54,0.14,8.14,0.12,0.16,0.09,0.03,0.96
2018-01-10,11.45,349.0,159.68005328612927,0.6221770495166722,444,382154.35161290324,7.44,0.54,0.13,8.2,0.12,0.16,0.08,0.03,0.97
2018-01-11,11.44,214.0,160.1882461571048,0.6175501806606234,444,382168.1129032258,6.92,0.57,0.14,8.34,0.12,0.16,0.08,0.03,1.0
2018-01-12,10.9,283.0,159.46532007988384,0.6575579257010402,444,382181.8741935484,6.85,0.58,0.14,7.77,0.12,0.17,0.08,0.03,0.96
2018-01-13,11.35,318.0,159.75398835027832,0.6279213222240456,444,382195.635483871,6.85,0.62,0.15,8.06,0.12,0.17,0.08,0.03,0.99
2018-01-14,10.63,234.0,160.29625665698381,0.659971281993584,444,382209.39677419356,7.02,0.63,0.15,7.88,0.12,0.17,0.08,0.03,0.98
2018-01-15,10.98,263.0,159.24523735173082,0.6594460742626562,444,382223.15806451614,7.1,0.58,0.15,7.79,0.12,0.17,0.08,0.03,0.96
2018-01-16,10.62,218.0,159.14898632292423,0.6549114727630728,444,382236.9193548387,7.0,0.56,0.15,7.83,0.11,0.17,0.08,0.03,0.96
2018-01-17,10.52,162.0,160.36342647058822,0.6476498188276777,444,382250.68064516125,6.93,0.57,0.16,7.97,0.11,0.17,0.08,0.03,0.98
2018-01-18,10.96,249.0,160.69613549987898,0.624256615482462,444,382264.44193548383,7.4,0.56,0.16,8.23,0.11,0.17,0.08,0.03,0.96
2018-01-19,10.54,241.0,162.4327542665214,0.6765395516882786,444,382278.2032258064,7.04,0.61,0.15,8.29,0.11,0.16,0.08,0.03,1.02
2018-01-20,10.64,298.0,158.97861117162915,0.6541668405170427,444,382291.964516129,6.97,0.63,0.14,8.16,0.11,0.16,0.08,0.03,1.01
2018-01-21,10.16,257.0,158.31143872549018,0.6676074808810858,444,382305.7258064516,6.81,0.61,0.14,8.15,0.12,0.16,0.08,0.03,1.01
2018-01-22,10.57,253.0,158.23611044541278,0.6480465633129303,444,382319.48709677416,6.84,0.58,0.13,8.11,0.12,0.17,0.08,0.03,0.98
2018-01-23,10.08,211.0,159.6722871278141,0.7106183321469864,444,382333.24838709674,6.91,0.53,0.13,7.5,0.12,0.17,0.07,0.03,0.97
2018-01-24,10.22,215.0,159.50787351730816,0.6720529403409089,444,382347.0096774193,6.94,0.61,0.13,7.08,0.12,0.17,0.07,0.03,0.98
2018-01-25,10.25,306.0,160.7155149176955,0.6734427901841948,444,382360.7709677419,7.14,0.6,0.14,7.73,0.12,0.17,0.08,0.03,0.99
2018-01-26,10.84,351.0,162.78631360445414,0.6370481319851439,444,382374.5322580645,7.53,0.64,0.14,8.11,0.12,0.17,0.08,0.03,0.97
2018-01-27,10.79,344.0,160.60442117526023,0.6502595336947352,444,382388.29354838707,7.03,0.61,0.13,7.94,0.12,0.17,0.07,0.03,0.98
2018-01-28,10.4,296.0,159.8375188513677,0.6675895944855533,444,382402.05483870965,6.82,0.59,0.13,8.27,0.12,0.17,0.07,0.03,1.01
2018-01-29,10.38,228.0,159.34811168603244,0.6463647187676453,444,382415.81612903223,6.9,0.6,0.13,7.87,0.11,0.17,0.07,0.03,0.98
2018-01-30,10.51,256.0,160.33256154684096,0.6408777566324274,444,382429.5774193548,6.72,0.63,0.14,7.73,0.12,0.17,0.07,0.03,0.97
2018-01-31,10.78,306.0,162.40642426168,0.6249901442702629,444,382443.3387096774,7.27,0.66,0.14,8.13,0.12,0.18,0.07,0.03,0.99
2018-02-01,10.57,289.0,163.40610587630115,0.6384790737172797,492,382457.1,6.99,0.66,0.15,7.8,0.11,0.18,0.07,0.03,1.02
2018-02-02,10.89,322.0,162.15734280440572,0.6301562997261637,490,381450.4285714285,7.07,0.79,0.15,8.0,0.12,0.17,0.08,0.03,1.01
2018-02-03,11.08,517.0,162.9694051379811,0.6276342331972153,489,380443.7571428571,6.95,0.86,0.15,8.28,0.12,0.18,0.08,0.03,1.02
2018-02-04,11.54,407.0,161.67975299564273,0.6010166290091082,488,379437.08571428567,6.91,0.85,0.15,8.13,0.12,0.18,0.07,0.03,1.01
2018-02-05,11.56,338.0,162.23715301984993,0.5980172395739041,487,378430.4142857143,6.98,0.85,0.15,8.06,0.12,0.18,0.07,0.03,1.01
2018-02-06,11.25,263.0,162.25904929193905,0.6052272833168044,485,377423.7428571428,6.84,0.7,0.15,8.01,0.11,0.19,0.08,0.03,1.01
2018-02-07,11.57,346.0,162.36349140643907,0.5817846683358101,484,376417.0714285714,7.05,0.68,0.14,7.87,0.11,0.18,0.08,0.03,1.05
2018-02-08,11.49,227.0,161.82382095739533,0.5883405657775035,483,375410.39999999997,6.8,0.68,0.14,8.23,0.12,0.2,0.07,0.03,1.05
2018-02-09,11.29,249.0,162.15893990559186,0.6087236404783879,481,374403.72857142857,6.98,0.71,0.14,8.09,0.12,0.19,0.08,0.03,1.04
2018-02-10,11.39,343.0,162.18057368070689,0.6110411241627943,480,373397.0571428571,7.04,0.75,0.14,8.25,0.12,0.18,0.08,0.03,1.08
2018-02-11,11.29,287.0,161.33220400629392,0.5934844008174567,479,372390.3857142857,7.25,0.74,0.14,8.1,0.13,0.18,0.08,0.03,1.05
2018-02-12,10.83,335.0,160.20142302106026,0.6137279447418673,477,371383.71428571426,7.07,0.76,0.15,7.72,0.13,0.19,0.08,0.03,1.1
2018-02-13,11.89,327.0,159.98235611837322,0.5677892609082484,476,370377.04285714286,7.1,0.75,0.15,8.19,0.13,0.18,0.09,0.03,1.09
2018-02-14,11.47,251.0,159.83060424231422,0.5850505649389385,475,369370.3714285714,7.03,0.72,0.16,7.74,0.13,0.19,0.08,0.03,1.13
2018-02-15,11.67,273.0,160.1579477426773,0.5867640224385706,446,368363.69999999995,7.23,0.75,0.15,8.03,0.13,0.2,0.08,0.03,1.1
2018-02-16,10.72,240.0,161.06242087267012,0.619332722774263,445,367357.02857142856,6.94,0.65,0.13,8.17,0.12,0.22,0.08,0.03,1.08
2018-02-17,10.43,255.0,163.63110372791093,0.6296899101689751,443,366350.3571428571,6.53,0.59,0.13,7.93,0.13,0.21,0.08,0.03,1.01
2018-02-18,10.17,210.0,163.81702780803678,0.6392761285128317,442,365343.6857142857,6.51,0.64,0.13,7.91,0.13,0.21,0.08,0.03,1.01
2018-02-19,10.63,272.0,163.26314194504963,0.6106675885550094,441,364337.01428571425,6.53,0.69,0.13,7.74,0.13,0.22,0.09,0.03,1.04
2018-02-20,10.21,173.0,163.02514823892523,0.6380607657952458,440,363330.34285714285,6.44,0.67,0.14,7.96,0.13,0.24,0.09,0.03,1.05
2018-02-21,10.25,194.0,163.60934746429436,0.6372575555971479,438,362323.6714285714,6.12,0.65,0.13,8.06,0.13,0.25,0.09,0.03,1.04
2018-02-22,10.14,227.0,165.48725714112803,0.6440469381532892,437,361317.0,6.12,0.63,0.13,7.95,0.13,0.25,0.09,0.03,0.97
2018-02-23,10.41,294.0,164.09386561970462,0.6276210674483018,436,360310.32857142854,5.97,0.61,0.13,7.62,0.14,0.26,0.09,0.03,1.01
2018-02-24,10.19,244.0,166.29723066448807,0.6451741498197101,435,359303.65714285715,6.36,0.63,0.13,7.82,0.14,0.27,0.09,0.03,1.01
2018-02-25,9.77,219.0,167.90265329218104,0.6763670951631228,434,358296.9857142857,6.28,0.63,0.13,7.94,0.14,0.27,0.09,0.03,1.03
2018-02-26,10.01,184.0,165.82980900508355,0.6577186061332753,432,357290.3142857143,6.22,0.63,0.14,8.04,0.14,0.25,0.09,0.03,1.03
2018-02-27,10.08,302.0,163.87198844105544,0.6567016223442693,431,356283.64285714284,6.28,0.63,0.14,7.98,0.14,0.25,0.09,0.03,1.0
2018-02-28,9.98,232.0,164.15416651537157,0.6694404622486888,430,355276.97142857144,6.41,0.64,0.14,8.16,0.14,0.26,0.09,0.03,1.03
2018-03-01,9.85,234.0,164.75394060154926,0.6789039473806896,387,354270.3,6.83,0.64,0.15,8.0,0.14,0.25,0.09,0.03,1.05
2018-03-02,10.07,288.0,164.88900792786248,0.6694967970396086,385,352167.2806451613,6.87,0.66,0.14,8.23,0.14,0.25,0.09,0.03,1.07
2018-03-03,10.13,314.0,166.72714448680708,0.6660758912162,383,350064.2612903226,6.6,0.64,0.14,8.04,0.14,0.25,0.09,0.03,1.03
2018-03-04,9.96,282.0,166.42769317356576,0.7349553092562868,380,347961.2419354839,6.71,0.64,0.15,7.77,0.14,0.24,0.09,0.03,1.0
2018-03-05,9.69,189.0,168.00192495763739,0.8114595245606188,378,345858.2225806452,6.85,0.65,0.14,7.71,0.14,0.24,0.09,0.03,1.0
2018-03-06,9.84,290.0,168.4228618675865,0.7158460700051571,376,343755.2032258065,6.98,0.63,0.14,7.98,0.14,0.24,0.09,0.03,1.01
2018-03-07,10.17,265.0,167.75086129266518,0.6867328655975702,373,341652.1838709677,6.82,0.64,0.14,7.72,0.14,0.24,0.09,0.03,1.0
2018-03-08,9.66,188.0,165.87794365771003,0.7021988984125798,371,339549.164516129,6.99,0.63,0.14,7.59,0.14,0.25,0.09,0.03,1.0
2018-03-09,9.84,281.0,165.06866560760105,0.7497686526263444,369,337446.1451612903,6.73,0.62,0.15,7.71,0.14,0.26,0.09,0.03,0.98
2018-03-10,9.78,314.0,165.78950977366256,0.679376570458247,367,335343.1258064516,7.15,0.65,0.14,8.22,0.16,0.27,0.09,0.03,1.01
2018-03-11,10.31,367.0,167.3262842229484,0.669918627096492,364,333240.1064516129,6.7,0.64,0.15,8.03,0.15,0.26,0.09,0.03,0.98
2018-03-12,9.74,209.0,166.90637369886224,0.7490755717840165,362,331137.0870967742,6.58,0.63,0.15,7.45,0.15,0.25,0.09,0.03,0.97
2018-03-13,9.97,213.0,164.62586247276687,0.6698262667735899,360,329034.0677419355,6.78,0.62,0.15,7.72,0.15,0.25,0.08,0.03,0.95
2018-03-14,10.29,209.0,163.43197567175017,0.6625799629623048,357,326931.0483870968,6.93,0.59,0.15,8.03,0.14,0.25,0.09,0.03,0.96
2018-03-15,10.54,262.0,165.11142368675863,0.6206946766882786,355,324828.0290322581,6.7,0.63,0.14,8.24,0.15,0.25,0.09,0.03,0.95
2018-03-16,10.66,347.0,164.25314754296778,0.6179408381574101,353,322725.0096774194,6.72,0.64,0.15,8.17,0.16,0.26,0.09,0.03,0.96
2018-03-17,10.54,350.0,164.8219568809005,0.6292105678971464,350,320621.9903225807,6.57,0.63,0.14,8.1,0.15,0.25,0.09,0.03,0.95
2018-03-18,10.27,278.0,169.31549824497702,0.6308660677428157,348,318518.9709677419,6.55,0.6,0.14,8.21,0.15,0.25,0.09,0.03,0.95
2018-03-19,10.48,255.0,169.2340463870734,0.6367761443888033,346,316415.9516129032,6.58,0.57,0.14,8.04,0.16,0.25,0.09,0.03,0.95
2018-03-20,10.08,200.0,166.9381362260954,0.6391506854494868,344,314312.9322580645,6.73,0.61,0.15,8.1,0.15,0.25,0.09,0.03,0.96
2018-03-21,10.51,297.0,165.64543718228035,0.6197256674061911,341,312209.9129032258,6.74,0.59,0.15,7.98,0.15,0.24,0.09,0.03,0.98
2018-03-22,10.15,171.0,168.53744483781162,0.639970054072344,339,310106.8935483871,6.84,0.6,0.15,8.31,0.16,0.25,0.09,0.03,0.99
2018-03-23,10.59,208.0,166.39691073589933,0.6279758427263468,337,308003.8741935484,6.9,0.62,0.15,8.37,0.16,0.25,0.1,0.03,1.04
2018-03-24,10.44,288.0,163.7583514282256,0.6288472160788723,334,305900.8548387097,6.93,0.63,0.15,8.1,0.17,0.25,0.09,0.03,1.0
2018-03-25,10.07,250.0,162.45971480876304,0.6570035466297822,332,303797.835483871,6.72,0.61,0.15,8.17,0.16,0.24,0.09,0.03,0.99
2018-03-26,10.19,234.0,160.60957828007747,0.6265153719165651,330,301694.8161290323,6.91,0.62,0.16,8.03,0.16,0.26,0.09,0.03,0.94
2018-03-27,10.41,281.0,160.29802478213503,0.5998097174494753,327,299591.7967741935,6.99,0.58,0.15,7.87,0.16,0.25,0.08,0.03,0.95
2018-03-28,10.51,316.0,158.9692614076495,0.5941325813767965,325,297488.7774193549,6.98,0.58,0.15,7.61,0.15,0.23,0.08,0.03,0.92
2018-03-29,10.28,292.0,160.5302599854757,0.6281802486069618,323,295385.7580645161,7.07,0.6,0.15,8.0,0.15,0.24,0.08,0.03,0.95
2018-03-30,10.33,378.0,149.6722978092472,0.6086151380701008,321,293282.7387096774,7.14,0.58,0.19,7.78,0.16,0.24,0.08,0.03,0.96
2018-03-31,10.46,257.0,148.51557834059545,0.5987477982136176,318,291179.7193548387,7.28,0.67,0.22,7.62,0.16,0.23,0.07,0.03,0.96
2018-04-01,10.61,286.0,149.0119195110143,0.583322598773779,326,289076.7,6.65,0.62,0.21,8.03,0.17,0.24,0.08,0.03,0.94
2018-04-02,10.37,325.0,146.2921906318083,0.5924842003602458,325,288179.84,7.03,0.59,0.2,7.85,0.17,0.23,0.09,0.03,0.94
2018-04-03,10.51,203.0,147.7193143306705,0.586899618970256,324,287282.98000000004,7.82,0.64,0.2,7.99,0.16,0.23,0.09,0.03,0.99
2018-04-04,10.12,185.0,146.9649093439845,0.5970262389305097,323,286386.12,7.89,0.64,0.2,7.66,0.17,0.23,0.09,0.03,0.97
2018-04-05,10.7,232.0,147.9660631808279,0.5651651676538109,322,285489.26,7.58,0.62,0.18,8.12,0.17,0.24,0.09,0.03,1.04
2018-04-06,10.91,346.0,148.79269819656255,0.5488059411621811,321,284592.4,7.49,0.65,0.18,8.2,0.17,0.24,0.1,0.03,1.05
2018-04-07,10.78,270.0,146.47084691963204,0.5637420372626871,320,283695.54000000004,7.28,0.69,0.19,8.33,0.17,0.25,0.09,0.03,1.06
2018-04-08,10.96,268.0,143.14067383805371,0.5581298228983745,319,282798.68,6.94,0.67,0.18,7.9,0.17,0.25,0.09,0.03,1.06
2018-04-09,10.69,203.0,141.0491122306948,0.5689167592930825,318,281901.82,6.76,0.65,0.18,8.07,0.17,0.25,0.09,0.03,1.04
2018-04-10,10.64,190.0,142.2179279835391,0.5655727412365665,317,281004.96,6.48,0.65,0.17,7.89,0.17,0.25,0.09,0.03,1.07
2018-04-11,10.76,236.0,141.01763722464295,0.5631923751828237,316,280108.10000000003,6.77,0.65,0.26,7.59,0.16,0.24,0.08,0.03,1.05
2018-04-12,11.0,240.0,142.02208705519246,0.533761927738496,315,279211.24,6.78,0.69,0.18,7.7,0.16,0.23,0.08,0.03,1.08
2018-04-13,11.51,369.0,141.24663619583634,0.5119121965316981,314,278314.38,6.76,0.69,0.19,7.73,0.15,0.24,0.09,0.03,1.06
2018-04-14,11.13,257.0,144.6615788247398,0.5256671273094111,313,277417.52,6.65,0.72,0.23,7.91,0.15,0.23,0.09,0.03,1.05
2018-04-15,11.14,234.0,143.95537959937062,0.5188966554363281,312,276520.66000000003,6.93,0.7,0.21,8.01,0.16,0.23,0.09,0.03,1.03
2018-04-16,10.99,235.0,142.63707725127085,0.5275579397028102,311,275623.80000000005,7.1,0.67,0.23,7.66,0.16,0.24,0.09,0.03,1.06
2018-04-17,11.63,261.0,141.75981405833937,0.5142512874069786,310,274726.94,7.18,0.65,0.23,7.96,0.16,0.25,0.09,0.03,1.09
2018-04-18,11.69,187.0,141.11400753449527,0.5095512370427318,309,273830.08,7.28,0.69,0.23,7.68,0.16,0.25,0.1,0.03,1.07
2018-04-19,11.73,228.0,140.39795088961512,0.49464933027747615,308,272933.22000000003,6.84,0.69,0.23,8.07,0.17,0.24,0.09,0.03,1.06
2018-04-20,11.64,176.0,146.19523910675377,0.5083992988941751,307,272036.36000000004,7.2,0.71,0.24,8.04,0.16,0.25,0.1,0.03,1.09
2018-04-21,11.37,231.0,146.92438332122973,0.5201194087686526,306,271139.5,7.51,0.73,0.23,7.96,0.16,0.25,0.09,0.03,1.04
2018-04-22,11.29,255.0,144.10818824134589,0.536086064902103,305,270242.64,7.2,0.72,0.23,7.75,0.16,0.24,0.09,0.03,1.07
2018-04-23,11.56,198.0,144.81762239772453,0.5338710731874219,304,269345.78,6.8,0.7,0.23,7.82,0.16,0.26,0.09,0.03,1.02
2018-04-24,11.46,161.0,144.6550074134592,0.508027388002518,303,268448.92000000004,7.24,0.73,0.23,8.01,0.16,0.25,0.09,0.03,1.07
2018-04-25,11.58,238.0,142.52481372549016,0.5466007531314566,302,267552.06,7.99,0.75,0.23,8.09,0.17,0.25,0.09,0.03,1.07
2018-04-26,11.7,228.0,141.3751226700557,0.5383118587387965,301,266655.2,7.66,0.76,0.22,7.83,0.16,0.25,0.09,0.03,1.07
2018-04-27,12.08,317.0,142.88575729242314,0.525298090108908,300,265758.34,7.77,0.74,0.23,8.03,0.16,0.25,0.1,0.03,1.09
2018-04-28,12.28,268.0,143.2858885257807,0.5240076959343093,299,264861.48000000004,7.95,0.8,0.23,8.01,0.16,0.26,0.09,0.03,1.08
2018-04-29,11.75,190.0,142.5370561909949,0.5478789297448166,298,263964.62,7.93,0.75,0.22,7.92,0.16,0.25,0.09,0.03,1.08
2018-04-30,11.75,222.0,143.64059673807793,0.4975971244125466,297,263067.76,7.82,0.74,0.22,8.27,0.17,0.25,0.09,0.03,1.07
2018-05-01,11.6,194.0,136.17575072621642,0.5119130818289276,287,262170.9,7.61,0.7,0.22,8.06,0.17,0.26,0.09,0.03,1.11
2018-05-02,11.32,175.0,135.05518939118858,0.5146420135453669,287,262322.23225806456,7.65,0.7,0.23,7.73,0.16,0.27,0.09,0.03,1.11
2018-05-03,11.35,183.0,137.62376186153475,0.5031728304944755,287,262473.56451612903,7.8,0.75,0.22,8.08,0.16,0.26,0.09,0.03,1.07
2018-05-04,11.95,277.0,137.25467831638832,0.4805677353150886,287,262624.89677419356,8.14,0.8,0.22,7.98,0.16,0.26,0.08,0.03,1.11
2018-05-05,12.11,227.0,137.18034667755992,0.4873163260064714,287,262776.2290322581,8.03,0.73,0.23,8.16,0.16,0.26,0.09,0.03,1.07
2018-05-06,11.8,172.0,137.71153434398448,0.5161717226372113,287,262927.5612903226,7.58,0.74,0.23,7.64,0.16,0.27,0.09,0.03,1.1
2018-05-07,11.21,161.0,138.6669407225853,0.5333225679497381,288,263078.8935483871,7.78,0.72,0.22,7.36,0.16,0.26,0.09,0.03,1.04
2018-05-08,11.11,176.0,138.46814218712177,0.5117994593992831,288,263230.22580645164,7.98,0.72,0.22,7.34,0.16,0.26,0.09,0.03,1.07
2018-05-09,11.21,186.0,136.1526617041878,0.49831267853590616,288,263381.55806451617,7.69,0.7,0.23,7.31,0.14,0.24,0.08,0.03,1.02
2018-05-10,11.44,160.0,136.25370052650692,0.4973437365984088,288,263532.89032258064,7.59,0.71,0.26,7.83,0.15,0.26,0.09,0.03,1.1
2018-05-11,11.73,203.0,136.66736843379329,0.49514044441427624,288,263684.2225806452,7.33,0.7,0.26,8.2,0.17,0.27,0.09,0.03,1.11
2018-05-12,11.72,209.0,136.7915314996369,0.4898792900897157,288,263835.5548387097,7.82,0.71,0.25,8.12,0.17,0.25,0.09,0.03,1.13
2018-05-13,11.61,206.0,135.58325795812155,0.4987522969471469,289,263986.88709677424,7.73,0.71,0.24,8.0,0.16,0.25,0.09,0.03,1.12
2018-05-14,11.55,177.0,136.43511374364562,0.5036683173891945,289,264138.2193548387,8.09,0.69,0.23,7.97,0.16,0.25,0.09,0.03,1.12
2018-05-15,11.6,157.0,136.53784301621883,0.5068522673490222,289,264289.55161290325,8.21,0.67,0.24,8.26,0.16,0.26,0.09,0.03,1.1
2018-05-16,11.67,177.0,136.45653137860083,0.5073582483800604,289,264440.8838709678,7.75,0.7,0.24,8.21,0.16,0.26,0.09,0.03,1.05
2018-05-17,11.42,175.0,136.1124447470346,0.5063973289413531,289,264592.21612903225,7.92,0.68,0.23,8.22,0.15,0.25,0.09,0.03,1.07
2018-05-18,11.43,261.0,137.00461755628174,0.5531294184341622,289,264743.5483870968,7.46,0.68,0.22,8.29,0.15,0.26,0.09,0.03,1.08
2018-05-19,11.71,235.0,134.31398886468168,0.5679839176529545,290,264894.8806451613,7.85,0.68,0.22,7.91,0.14,0.25,0.09,0.03,1.09
2018-05-20,11.56,223.0,133.15621859114012,0.5093420776757619,290,265046.2129032258,7.88,0.71,0.23,7.95,0.15,0.25,0.09,0.03,1.07
2018-05-21,11.36,163.0,131.54643007141132,0.5068415657658839,290,265197.5451612903,7.65,0.67,0.2,8.19,0.15,0.25,0.08,0.03,1.01
2018-05-22,11.19,153.0,131.83419795449043,0.5110339445680324,290,265348.87741935486,7.28,0.69,0.22,8.39,0.15,0.26,0.09,0.03,1.08
2018-05-23,11.69,209.0,130.80219054103125,0.4992242344213808,290,265500.2096774194,7.55,0.7,0.22,7.74,0.15,0.26,0.08,0.03,1.09
2018-05-24,11.91,213.0,130.7866994977003,0.4760393071257334,290,265651.54193548387,7.43,0.7,0.22,7.65,0.15,0.25,0.08,0.03,1.09
2018-05-25,12.04,285.0,132.1864385741951,0.48313543754428745,291,265802.8741935484,7.91,0.65,0.22,7.77,0.16,0.26,0.09,0.03,1.1
2018-05-26,12.24,240.0,132.32751307189545,0.46633098446301546,291,265954.20645161293,7.72,0.64,0.21,7.54,0.16,0.26,0.09,0.03,1.11
2018-05-27,11.69,233.0,134.42995736504477,0.48723380535801997,291,266105.5387096774,7.42,0.64,0.2,7.6,0.15,0.27,0.09,0.03,1.1
2018-05-28,11.86,159.0,133.9993127269426,0.47935732468135395,291,266256.87096774194,7.33,0.64,0.2,7.48,0.14,0.25,0.08,0.03,1.09
2018-05-29,11.85,193.0,132.21153979060762,0.4755527450902756,291,266408.2032258065,7.33,0.63,0.19,7.31,0.14,0.25,0.09,0.03,1.12
2018-05-30,11.79,157.0,132.37240447228274,0.47650298459931717,291,266559.535483871,7.54,0.65,0.19,7.57,0.15,0.26,0.09,0.03,1.13
2018-05-31,12.63,240.0,132.02277632534495,0.4461474220392958,292,266710.8677419355,7.61,0.65,0.2,7.92,0.15,0.25,0.1,0.03,1.13
2018-06-01,12.35,267.0,129.93663244371822,0.44881441325374966,301,266862.2,7.51,0.66,0.18,7.95,0.15,0.25,0.09,0.03,1.11
2018-06-02,12.44,238.0,130.16742650084726,0.4602030399983774,302,267077.0366666667,7.89,0.67,0.18,8.31,0.15,0.25,0.09,0.03,1.16
2018-06-03,12.92,287.0,129.2959704066812,0.4383191843237825,302,267291.87333333335,8.19,0.69,0.19,8.52,0.15,0.26,0.09,0.03,1.15
2018-06-04,13.18,275.0,131.09023393246187,0.42626218127222476,302,267506.71,7.61,0.67,0.19,8.34,0.15,0.26,0.09,0.03,1.18
2018-06-05,13.17,203.0,130.52365680222707,0.4251949089845487,302,267721.5466666667,7.67,0.7,0.18,8.1,0.15,0.25,0.09,0.03,1.14
2018-06-06,13.75,200.0,130.4893710663278,0.4112119578694638,303,267936.38333333336,7.98,0.69,0.19,8.31,0.15,0.26,0.09,0.03,1.16
2018-06-07,13.33,181.0,129.98513613531833,0.425805541094776,303,268151.22000000003,8.12,0.7,0.18,7.82,0.15,0.26,0.09,0.03,1.19
2018-06-08,13.33,198.0,129.9062559610264,0.4277574447204196,303,268366.0566666667,8.13,0.68,0.19,8.48,0.15,0.25,0.09,0.03,1.2
2018-06-09,12.64,194.0,127.47796980150085,0.46306156737620596,303,268580.8933333333,8.1,0.71,0.2,8.71,0.15,0.26,0.08,0.03,1.16
2018-06-10,12.44,180.0,126.42488477366253,0.4916141238438602,304,268795.73,7.4,0.7,0.2,8.29,0.16,0.25,0.08,0.03,1.15
2018-06-11,12.14,175.0,126.06450078673446,0.49328072328821,304,269010.56666666665,7.05,0.66,0.18,7.75,0.14,0.25,0.08,0.03,1.1
2018-06-12,12.69,194.0,126.75780044178164,0.46435713811917734,304,269225.4033333333,7.14,0.67,0.18,8.17,0.14,0.25,0.08,0.03,1.13
2018-06-13,12.54,160.0,124.82189318566934,0.4684206782116377,304,269440.24,7.06,0.69,0.18,8.21,0.14,0.24,0.08,0.03,1.15
2018-06-14,12.46,180.0,122.91009489227784,0.4470451542345244,305,269655.07666666666,7.16,0.66,0.17,7.77,0.14,0.24,0.08,0.03,1.14
2018-06-15,12.8,155.0,123.8104839929799,0.4264297334224599,305,269869.91333333333,7.31,0.7,0.18,8.26,0.14,0.25,0.09,0.03,1.14
2018-06-16,12.08,140.0,123.4724584543694,0.4495354007513405,305,270084.75,7.72,0.72,0.17,8.33,0.14,0.25,0.09,0.03,1.15
2018-06-17,11.82,194.0,122.04215044783346,0.4772903927913915,305,270299.58666666667,7.43,0.7,0.17,8.31,0.14,0.24,0.08,0.03,1.2
2018-06-18,11.09,125.0,123.09067880053256,0.48305347397261805,306,270514.42333333334,7.01,0.69,0.17,8.03,0.14,0.25,0.08,0.03,1.19
2018-06-19,11.68,191.0,123.18844744008715,0.5287584009541821,306,270729.26,7.03,0.72,0.18,8.18,0.15,0.26,0.08,0.03,1.21
2018-06-20,11.87,192.0,123.17164227789881,0.5285844901256826,306,270944.0966666667,7.47,0.74,0.18,8.44,0.15,0.25,0.08,0.03,1.09
2018-06-21,11.69,165.0,121.97419305252969,0.4829705063264784,306,271158.93333333335,7.24,0.71,0.16,8.23,0.14,0.24,0.08,0.03,1.09
2018-06-22,11.12,162.0,121.03468697046719,0.48882829113269255,306,271373.77,6.84,0.65,0.15,8.56,0.13,0.2,0.08,0.03,1.08
2018-06-23,10.98,154.0,119.17194501936577,0.49660723386498523,307,271588.6066666667,7.07,0.67,0.16,8.41,0.13,0.22,0.08,0.03,1.06
2018-06-24,10.9,212.0,118.52228313362383,0.5000424128900951,307,271803.4433333333,6.49,0.61,0.15,8.61,0.13,0.22,0.08,0.03,1.05
2018-06-25,10.63,168.0,119.45802659767611,0.5147959063098617,307,272018.27999999997,6.8,0.62,0.15,8.13,0.13,0.22,0.08,0.03,1.08
2018-06-26,11.22,206.0,119.13507706971677,0.48138097878567015,307,272233.11666666664,7.06,0.67,0.17,8.15,0.14,0.23,0.08,0.03,1.12
2018-06-27,10.95,146.0,117.61570833333334,0.47996181460515946,308,272447.9533333333,6.87,0.62,0.16,8.05,0.13,0.22,0.07,0.03,1.14
2018-06-28,10.5,139.0,118.23305128903412,0.49704346713869463,308,272662.79,6.6,0.63,0.15,8.12,0.13,0.22,0.08,0.03,1.18
2018-06-29,11.25,231.0,118.70752559912859,0.4774767494325068,308,272877.62666666665,6.63,0.64,0.16,7.85,0.13,0.23,0.07,0.03,1.21
2018-06-30,12.01,283.0,119.94976818566933,0.44895351962596325,308,273092.4633333333,7.26,0.67,0.18,8.14,0.13,0.23,0.08,0.03,1.22
2018-07-01,11.46,181.0,120.95726370733476,0.4621097682827559,299,273307.3,7.64,0.7,0.17,8.01,0.14,0.25,0.08,0.03,1.17
2018-07-02,11.35,201.0,120.93401440329218,0.47399499026364733,299,273637.1064516129,7.02,0.67,0.17,8.05,0.14,0.25,0.09,0.03,1.25
2018-07-03,11.42,188.0,122.18419613894942,0.4813028092345872,299,273966.9129032258,7.11,0.68,0.17,8.34,0.14,0.24,0.08,0.03,1.27
2018-07-04,11.89,174.0,119.80633629871703,0.46183750613325747,300,274296.7193548387,6.99,0.64,0.16,8.4,0.14,0.25,0.08,0.03,1.23
2018-07-05,11.64,182.0,118.39939699830548,0.4843132333215464,300,274626.5258064516,6.99,0.66,0.16,8.38,0.14,0.24,0.08,0.03,1.22
2018-07-06,12.22,226.0,121.20335760106512,0.48555482699275354,301,274956.33225806453,7.06,0.68,0.17,8.56,0.14,0.27,0.09,0.03,1.3
2018-07-07,11.78,173.0,123.51746111716292,0.5204399526621254,301,275286.1387096774,7.9,0.71,0.17,8.56,0.15,0.26,0.09,0.03,1.3
2018-07-08,11.6,197.0,124.01330322561124,0.5072637563077584,301,275615.9451612903,7.81,0.72,0.17,8.22,0.15,0.26,0.09,0.03,1.28
2018-07-09,11.34,163.0,126.99677269426293,0.5291667555832895,302,275945.7516129032,7.6,0.71,0.17,7.78,0.15,0.27,0.08,0.03,1.25
2018-07-10,11.39,157.0,128.70517081215206,0.5264933777843227,302,276275.5580645161,7.35,0.75,0.16,8.45,0.15,0.27,0.08,0.03,1.31
2018-07-11,11.39,167.0,128.36091118978453,0.5100894384994654,302,276605.364516129,7.42,0.76,0.17,8.24,0.16,0.26,0.09,0.03,1.33
2018-07-12,11.17,162.0,131.53128404139431,0.5301281239054776,303,276935.1709677419,7.56,0.77,0.17,8.69,0.16,0.27,0.08,0.03,1.34
2018-07-13,11.68,171.0,132.8599883502784,0.5058978303628671,303,277264.97741935484,7.92,0.76,0.17,8.46,0.15,0.27,0.08,0.03,1.41
2018-07-14,11.51,194.0,131.94523129992737,0.5145439125786776,303,277594.78387096775,7.85,0.76,0.17,8.7,0.15,0.27,0.09,0.03,1.49
2018-07-15,11.33,161.0,130.5642141128056,0.520128491115055,304,277924.59032258065,7.77,0.74,0.18,8.51,0.16,0.27,0.08,0.03,1.5
2018-07-16,11.13,164.0,132.3990390643912,0.5345347885568821,304,278254.39677419356,7.81,0.72,0.16,8.27,0.16,0.27,0.09,0.03,1.5
2018-07-17,10.79,193.0,131.94035112563546,0.5595874768566022,304,278584.2032258064,7.8,0.76,0.16,8.4,0.15,0.27,0.09,0.03,1.65
2018-07-18,10.92,137.0,133.55266476034856,0.5453156154371586,305,278914.0096774193,7.74,0.73,0.17,8.35,0.16,0.26,0.09,0.03,1.63
2018-07-19,10.94,148.0,132.1856733539095,0.5519527594922439,305,279243.81612903223,7.68,0.75,0.16,8.85,0.15,0.27,0.09,0.03,1.67
2018-07-20,11.39,198.0,132.7688015916243,0.5193507570630713,306,279573.62258064514,7.49,0.77,0.18,8.84,0.16,0.26,0.08,0.03,1.7
2018-07-21,11.16,148.0,133.91820285645124,0.5597165038987976,306,279903.42903225805,8.03,0.75,0.17,8.62,0.16,0.27,0.09,0.03,1.78
2018-07-22,10.99,118.0,135.0217066085694,0.554787682216906,306,280233.23548387096,8.13,0.77,0.19,8.74,0.17,0.28,0.08,0.03,1.7
2018-07-23,11.19,174.0,135.64422842532076,0.539775000735994,307,280563.04193548387,7.54,0.73,0.18,8.3,0.17,0.27,0.09,0.03,1.56
2018-07-24,11.37,195.0,135.58939954006294,0.5321723855224925,307,280892.8483870968,7.34,0.74,0.18,8.51,0.16,0.25,0.09,0.03,1.62
2018-07-25,11.5,245.0,135.13643936092956,0.5381846163203463,307,281222.6548387097,7.71,0.73,0.18,9.09,0.16,0.27,0.08,0.03,1.57
2018-07-26,11.75,183.0,134.76088789034134,0.5232101412652844,308,281552.4612903226,7.6,0.75,0.17,8.74,0.17,0.28,0.09,0.03,1.62
2018-07-27,11.83,256.0,136.07064596949894,0.5184027011197107,308,281882.26774193544,7.75,0.8,0.17,8.41,0.18,0.28,0.09,0.03,1.66
2018-07-28,11.96,201.0,137.85932882473975,0.5405260580284168,308,282212.07419354835,7.87,0.78,0.18,8.44,0.18,0.28,0.09,0.03,1.73
2018-07-29,12.17,244.0,136.56030077463086,0.531828218421433,309,282541.88064516126,7.79,0.76,0.17,8.65,0.18,0.29,0.09,0.03,1.69
2018-07-30,11.86,188.0,136.86784525538613,0.5448130723653668,309,282871.68709677417,7.97,0.78,0.18,8.95,0.18,0.29,0.09,0.03,1.65
2018-07-31,11.96,270.0,138.49355165214232,0.5364742760017184,310,283201.4935483871,7.9,0.78,0.17,9.1,0.18,0.3,0.09,0.03,1.68
2018-08-01,12.14,240.0,138.72683182038247,0.5688046954535104,310,283531.3,8.66,0.77,0.17,9.14,0.18,0.29,0.09,0.03,1.72
2018-08-02,12.41,229.0,139.7619322500605,0.5492712963030708,312,285132.35483870964,8.13,0.75,0.18,8.59,0.18,0.29,0.09,0.03,1.69
2018-08-03,11.17,154.0,136.02492771120794,0.5765355230209928,313,286733.40967741935,7.95,0.77,0.17,8.29,0.17,0.29,0.09,0.03,1.61
2018-08-04,10.91,137.0,136.36648105785525,0.5748137265496125,315,288334.464516129,7.17,0.76,0.18,7.91,0.17,0.29,0.09,0.03,1.6
2018-08-05,10.63,157.0,135.82650251149843,0.5711242179083292,317,289935.5193548387,7.18,0.74,0.18,8.62,0.18,0.29,0.09,0.03,1.64
2018-08-06,10.34,143.0,135.17595022391674,0.5837395743179459,319,291536.57419354835,7.02,0.73,0.17,7.58,0.17,0.27,0.09,0.03,1.52
2018-08-07,10.09,147.0,135.38389599975793,0.5719155731881964,320,293137.62903225806,7.06,0.76,0.17,7.63,0.17,0.28,0.09,0.03,1.61
2018-08-08,10.29,143.0,136.99134525538614,0.5832649986258204,322,294738.6838709677,6.48,0.72,0.17,8.39,0.17,0.28,0.09,0.03,1.47
2018-08-09,10.11,144.0,136.2817158678286,0.568178772378824,324,296339.7387096774,6.84,0.77,0.17,8.63,0.17,0.29,0.09,0.03,1.5
2018-08-10,9.66,155.0,135.23690616678772,0.5935638947929126,326,297940.79354838707,6.78,0.74,0.17,9.04,0.17,0.3,0.09,0.03,1.48
2018-08-11,9.84,163.0,133.85980180343742,0.5751506239379205,327,299541.8483870968,6.37,0.73,0.16,8.16,0.16,0.29,0.09,0.03,1.4
2018-08-12,9.66,143.0,133.47051222464293,0.5907522648898524,329,301142.9032258064,6.49,0.73,0.16,8.5,0.16,0.29,0.08,0.03,1.42
2018-08-13,9.76,143.0,133.89791409465022,0.57559169160611,331,302743.95806451613,6.58,0.73,0.16,8.52,0.16,0.3,0.09,0.03,1.43
2018-08-14,9.31,138.0,133.83531399782134,0.5940948183421856,333,304345.0129032258,6.37,0.72,0.16,8.76,0.17,0.31,0.09,0.03,1.39
2018-08-15,9.54,141.0,133.5001834906802,0.5950230565161583,334,305946.0677419355,6.29,0.72,0.16,8.76,0.17,0.31,0.08,0.03,1.43
2018-08-16,9.14,136.0,133.48234776688454,0.6358646655862751,336,307547.12258064514,6.45,0.72,0.16,8.9,0.16,0.32,0.08,0.03,1.44
2018-08-17,9.58,187.0,134.026913701283,0.6069286969446117,338,309148.17741935485,6.06,0.73,0.16,7.86,0.16,0.33,0.09,0.03,1.45
2018-08-18,9.99,183.0,134.19353092471553,0.5935781648227673,340,310749.2322580645,6.44,0.73,0.17,8.37,0.16,0.34,0.09,0.03,1.36
2018-08-19,9.61,146.0,132.92372328128786,0.6130648341528414,341,312350.2870967742,6.36,0.71,0.16,8.81,0.16,0.34,0.09,0.03,1.32
2018-08-20,9.69,188.0,133.895845043573,0.616093968509956,343,313951.34193548386,6.4,0.71,0.16,8.43,0.15,0.34,0.09,0.03,1.29
2018-08-21,9.61,152.0,134.58446362866133,0.6384897648512374,345,315552.39677419356,6.05,0.71,0.16,8.58,0.15,0.34,0.09,0.03,1.31
2018-08-22,9.86,196.0,134.57709120067778,0.6362889486736294,347,317153.4516129032,6.47,0.68,0.15,9.04,0.15,0.35,0.09,0.03,1.31
2018-08-23,10.41,356.0,134.98979233236503,0.6047817095979157,348,318754.5064516129,6.26,0.69,0.14,8.97,0.16,0.42,0.09,0.03,1.3
2018-08-24,10.54,144.0,135.88548741224884,0.6039213171767523,350,320355.56129032257,6.77,0.69,0.14,9.16,0.16,0.45,0.09,0.03,1.31
2018-08-25,10.01,178.0,137.0241077826192,0.6361878567025169,352,321956.6161290323,6.76,0.72,0.16,8.68,0.15,0.48,0.09,0.03,1.32
2018-08-26,10.56,283.0,136.606876755023,0.6042593056058286,354,323557.6709677419,6.42,0.72,0.14,8.84,0.16,0.44,0.1,0.03,1.29
2018-08-27,10.2,181.0,137.76142063059794,0.6243261543545694,355,325158.72580645164,6.28,0.67,0.15,9.12,0.16,0.43,0.1,0.03,1.25
2018-08-28,10.18,181.0,137.7758340595497,0.6231487664599464,357,326759.7806451613,6.45,0.67,0.15,9.15,0.15,0.42,0.1,0.03,1.24
2018-08-29,10.31,170.0,136.19253525175503,0.6144600167127954,359,328360.83548387093,6.69,0.66,0.15,8.72,0.16,0.39,0.09,0.03,1.21
2018-08-30,9.91,165.0,136.65659232026144,0.6372390574988402,361,329961.89032258064,6.03,0.64,0.15,8.55,0.16,0.39,0.09,0.03,1.22
2018-08-31,10.33,292.0,137.32574343379324,0.611011816699733,362,331562.94516129035,6.25,0.68,0.16,8.45,0.16,0.43,0.09,0.03,1.17
2018-09-01,10.65,276.0,139.19680289276204,0.6124831242251411,376,333164.0,6.66,0.68,0.16,8.78,0.16,0.43,0.09,0.03,1.22
2018-09-02,10.72,200.0,135.9262363229242,0.6150151929468666,376,332922.12666666665,6.51,0.69,0.15,8.78,0.17,0.42,0.09,0.03,1.2
2018-09-03,10.38,204.0,137.33091981360445,0.6021742765974968,376,332680.25333333336,6.32,0.71,0.15,8.9,0.17,0.44,0.09,0.03,1.22
2018-09-04,10.72,216.0,136.18992401960782,0.6067581688786503,375,332438.38,6.28,0.68,0.15,8.68,0.17,0.42,0.09,0.03,1.26
2018-09-05,10.38,259.0,137.37875587024934,0.632957174836486,375,332196.50666666665,6.35,0.65,0.15,8.74,0.17,0.41,0.09,0.03,1.21
2018-09-06,10.49,184.0,138.33070116194625,0.6184739964774769,375,331954.6333333333,6.71,0.64,0.15,9.51,0.17,0.41,0.09,0.03,1.2
2018-09-07,10.22,145.0,138.66308917332364,0.6432927234550696,375,331712.76,6.59,0.65,0.15,9.33,0.17,0.4,0.09,0.03,1.26
2018-09-08,10.44,218.0,136.41520621520218,0.6138524247868952,374,331470.88666666666,6.75,0.64,0.15,9.34,0.17,0.42,0.09,0.03,1.23
2018-09-09,10.02,177.0,137.23114149116435,0.6223929010552813,374,331229.0133333333,6.78,0.66,0.15,8.87,0.16,0.4,0.09,0.03,1.22
2018-09-10,10.27,226.0,137.67863882837088,0.6355320257290998,374,330987.14,6.76,0.65,0.14,8.65,0.17,0.4,0.09,0.03,1.22
2018-09-11,9.98,136.0,139.34908844710722,0.6449875228304682,374,330745.26666666666,6.57,0.65,0.14,9.16,0.17,0.39,0.09,0.03,1.2
2018-09-12,10.35,174.0,138.21670379448074,0.6249141847423653,373,330503.3933333333,6.48,0.61,0.13,9.48,0.17,0.39,0.08,0.03,1.19
2018-09-13,10.18,203.0,140.88273350883563,0.6435906109059841,373,330261.52,6.42,0.66,0.14,8.61,0.18,0.38,0.08,0.03,1.27
2018-09-14,10.68,199.0,141.50858756959573,0.6217229910677334,373,330019.64666666667,6.5,0.66,0.15,8.94,0.18,0.38,0.09,0.03,1.27
2018-09-15,10.54,195.0,142.4008875272331,0.6304140934246607,372,329777.7733333333,6.29,0.66,0.14,9.13,0.18,0.37,0.09,0.03,1.24
2018-09-16,10.3,179.0,142.70772046719927,0.627224314074337,372,329535.9,6.36,0.65,0.14,8.86,0.19,0.37,0.09,0.03,1.25
2018-09-17,10.78,210.0,143.2554961571048,0.6135681260154254,372,329294.0266666667,6.83,0.61,0.14,8.76,0.18,0.38,0.09,0.03,1.29
2018-09-18,10.56,185.0,142.90812999273783,0.6356086352498954,372,329052.1533333333,6.57,0.61,0.15,8.68,0.2,0.39,0.09,0.03,1.28
2018-09-19,10.56,166.0,145.72660378842897,0.623303724865423,371,328810.27999999997,6.8,0.61,0.15,8.65,0.2,0.4,0.09,0.03,1.26
2018-09-20,11.03,200.0,146.65502166545633,0.5979609785549508,371,328568.4066666667,6.8,0.59,0.15,8.43,0.21,0.39,0.09,0.03,1.31
2018-09-21,10.91,158.0,145.76156611595255,0.6143343327514518,371,328326.5333333333,7.14,0.59,0.15,9.3,0.21,0.41,0.1,0.03,1.31
2018-09-22,10.61,187.0,145.53882035221497,0.6005468988165407,371,328084.66,6.5,0.58,0.14,9.08,0.22,0.41,0.09,0.03,1.28
2018-09-23,10.65,260.0,144.7561191297507,0.5652253391001268,370,327842.7866666667,6.39,0.59,0.14,8.84,0.23,0.37,0.09,0.03,1.27
2018-09-24,10.5,180.0,146.05187627087872,0.5842831614685314,370,327600.91333333333,6.31,0.6,0.14,8.51,0.23,0.37,0.09,0.03,1.25
2018-09-25,10.37,170.0,148.93579638707337,0.6025015725200725,370,327359.04,6.73,0.59,0.14,9.24,0.23,0.37,0.09,0.03,1.26
2018-09-26,10.73,210.0,148.10671241830065,0.597448931560503,369,327117.1666666666,6.73,0.57,0.15,9.32,0.24,0.38,0.09,0.03,1.25
2018-09-27,10.91,186.0,148.1320004538853,0.5897102221431315,369,326875.29333333333,7.34,0.6,0.14,9.09,0.24,0.38,0.09,0.03,1.31
2018-09-28,11.2,202.0,148.24379000242072,0.5845420642280468,369,326633.42,7.37,0.64,0.15,9.04,0.25,0.39,0.09,0.03,1.35
2018-09-29,10.92,250.0,149.5832457939966,0.5889649652034502,369,326391.54666666663,7.46,0.66,0.16,9.24,0.25,0.39,0.09,0.03,1.4
2018-09-30,11.11,215.0,147.81960275962237,0.5799112471333466,368,326149.67333333334,8.01,0.67,0.17,9.61,0.24,0.38,0.09,0.03,1.42
2018-10-01,11.54,277.0,149.47550602154445,0.5562434351797894,356,325907.8,8.05,0.64,0.17,9.68,0.25,0.39,0.09,0.03,1.41
2018-10-02,11.35,170.0,149.76650689905594,0.5690935670331474,356,325397.39999999997,7.77,0.66,0.18,9.38,0.26,0.39,0.09,0.03,1.36
2018-10-03,11.32,167.0,150.53870282619224,0.5794374687102574,355,324887.0,7.59,0.67,0.18,8.97,0.26,0.39,0.09,0.03,1.42
2018-10-04,11.21,159.0,150.98724446259988,0.5779024224797206,355,324376.6,7.8,0.7,0.17,9.05,0.25,0.4,0.1,0.03,1.46
2018-10-05,11.16,230.0,151.98777450980393,0.58523342618905,354,323866.2,7.21,0.69,0.16,9.35,0.26,0.38,0.1,0.03,1.44
2018-10-06,11.66,247.0,152.8920514100702,0.5680976054239427,353,323355.8,7.12,0.69,0.17,9.61,0.27,0.4,0.1,0.03,1.41
2018-10-07,11.5,226.0,150.40276101428228,0.5726874000487012,353,322845.4,7.26,0.65,0.16,9.0,0.27,0.39,0.09,0.03,1.36
2018-10-08,11.13,220.0,152.0059492858872,0.5783596775272904,352,322335.0,7.36,0.63,0.16,9.84,0.26,0.4,0.09,0.03,1.45
2018-10-09,11.5,203.0,153.16221048172352,0.5731042219318182,352,321824.6,7.44,0.6,0.16,9.11,0.26,0.4,0.09,0.03,1.39
2018-10-10,11.45,203.0,152.70896253933674,0.5849849467524709,351,321314.2,7.62,0.62,0.16,9.19,0.26,0.4,0.09,0.03,1.43
2018-10-11,11.87,195.0,153.84858330307435,0.565989448034626,351,320803.8,8.28,0.65,0.18,9.35,0.27,0.4,0.09,0.03,1.48
2018-10-12,12.34,308.0,155.0708183248608,0.5461676537255983,350,320293.4,8.0,0.71,0.18,9.4,0.27,0.41,0.11,0.03,1.47
2018-10-13,12.5,260.0,154.57365904139436,0.5422884112222222,350,319783.0,8.14,0.7,0.18,9.53,0.27,0.42,0.1,0.03,1.43
2018-10-14,12.0,184.0,156.88917786250306,0.5657262324085686,349,319272.6,8.07,0.69,0.18,9.87,0.28,0.41,0.1,0.03,1.36
2018-10-15,11.77,174.0,155.8665423928831,0.5613265173387696,348,318762.2,7.91,0.67,0.18,10.26,0.27,0.42,0.09,0.03,1.48
2018-10-16,12.22,158.0,155.5961575889615,0.5516749670928031,348,318251.8,8.04,0.67,0.19,9.56,0.28,0.41,0.1,0.03,1.42
2018-10-17,12.3,156.0,153.95317156862745,0.5411414411291975,347,317741.4,8.35,0.65,0.19,9.38,0.29,0.4,0.1,0.03,1.5
2018-10-18,12.61,274.0,155.53200254175746,0.5276542627098251,347,317231.0,8.41,0.7,0.19,9.54,0.29,0.41,0.1,0.03,1.45
2018-10-19,12.28,162.0,155.9243705519245,0.5518309374359289,346,316720.60000000003,8.25,0.74,0.2,9.81,0.31,0.42,0.1,0.03,1.48
2018-10-20,12.37,220.0,154.1388356632777,0.535803465035357,346,316210.2,8.0,0.72,0.2,10.24,0.31,0.41,0.1,0.03,1.45
2018-10-21,11.92,169.0,154.3562783224401,0.54861210371748,345,315699.8,8.22,0.63,0.19,10.4,0.32,0.41,0.1,0.03,1.39
2018-10-22,11.98,199.0,155.08188801137737,0.5463195264052821,344,315189.4,8.02,0.61,0.19,9.63,0.32,0.4,0.1,0.03,1.44
2018-10-23,11.42,149.0,156.37250608206244,0.5606025720458898,344,314679.0,7.94,0.63,0.19,10.81,0.31,0.41,0.1,0.03,1.42
2018-10-24,11.86,160.0,157.33402653715802,0.6101333568150165,343,314168.60000000003,7.8,0.64,0.18,10.91,0.3,0.4,0.1,0.03,1.45
2018-10-25,11.87,211.0,155.73402729363352,0.5594292551506717,343,313658.2,7.86,0.63,0.18,10.99,0.3,0.41,0.09,0.03,1.49
2018-10-26,12.28,248.0,156.1903843197773,0.5576832928763277,342,313147.8,7.95,0.71,0.19,10.66,0.29,0.42,0.1,0.03,1.52
2018-10-27,11.81,191.0,155.13438471314453,0.5476960401975731,342,312637.4,7.65,0.65,0.18,11.45,0.27,0.41,0.1,0.03,1.53
2018-10-28,11.81,188.0,153.0796803134834,0.5842182154405692,341,312127.0,7.14,0.64,0.18,11.17,0.26,0.4,0.1,0.03,1.4
2018-10-29,11.17,160.0,154.09152196804646,0.6236275489403914,341,311616.60000000003,7.15,0.63,0.17,9.12,0.24,0.37,0.09,0.03,1.32
2018-10-30,11.14,129.0,151.91606681190993,0.6283231705267485,340,311106.2,7.84,0.64,0.17,10.87,0.25,0.37,0.1,0.03,1.41
2018-10-31,11.77,195.0,151.7343698559671,0.6074054096005607,339,310595.80000000005,8.06,0.65,0.16,11.67,0.25,0.38,0.1,0.03,1.49
2018-11-01,11.92,177.0,151.66764981239407,0.5539567960954903,350,310085.4,7.99,0.68,0.16,11.29,0.24,0.38,0.1,0.03,1.55
2018-11-02,11.49,172.0,153.07547013435,0.5803882382329368,353,312932.86333333334,8.27,0.72,0.18,11.69,0.27,0.41,0.1,0.03,1.52
2018-11-03,11.9,184.0,154.67408342411036,0.5712182892781985,357,315780.32666666666,8.19,0.71,0.18,11.67,0.28,0.42,0.1,0.03,1.54
2018-11-04,11.43,163.0,153.01407513313967,0.5847275918608192,360,318627.79000000004,7.66,0.72,0.18,10.79,0.3,0.42,0.1,0.03,1.49
2018-11-05,11.58,178.0,154.4497672476398,0.6031775835862172,363,321475.25333333336,7.6,0.74,0.18,10.92,0.29,0.42,0.11,0.03,1.51
2018-11-06,11.49,114.0,154.62923075526507,0.5761090080089674,366,324322.7166666667,8.05,0.76,0.18,11.07,0.29,0.43,0.11,0.03,1.5
2018-11-07,11.5,175.0,153.4365346465747,0.5788189096861471,370,327170.18,8.09,0.76,0.18,11.44,0.29,0.42,0.12,0.03,1.54
2018-11-08,11.73,229.0,153.99149518881626,0.5729275402052856,373,330017.64333333337,7.82,0.72,0.18,11.79,0.29,0.41,0.13,0.03,1.55
2018-11-09,12.15,173.0,152.8844681675139,0.5545526215689316,376,332865.1066666667,7.79,0.71,0.18,11.71,0.29,0.41,0.12,0.03,1.57
2018-11-10,12.08,240.0,152.05081224279834,0.580582096681839,379,335712.57,8.45,0.7,0.18,11.12,0.28,0.4,0.14,0.03,1.49
2018-11-11,11.78,265.0,151.59784849310094,0.5621797601275359,382,338560.0333333333,8.5,0.68,0.18,11.0,0.28,0.41,0.15,0.03,1.62
2018-11-12,12.42,294.0,151.47602665819417,0.539397203265903,386,341407.4966666667,7.91,0.65,0.18,11.74,0.26,0.41,0.14,0.03,1.58
2018-11-13,12.79,201.0,151.4065374909223,0.5233435766345602,389,344254.96,8.69,0.68,0.17,11.55,0.26,0.4,0.15,0.03,1.55
2018-11-14,11.99,202.0,149.9387771423384,0.5466432418491332,392,347102.42333333334,8.32,0.73,0.17,11.19,0.26,0.4,0.14,0.03,1.53
2018-11-15,12.45,214.0,150.00033175986442,0.533720288339921,395,349949.88666666666,8.04,0.7,0.17,11.7,0.25,0.39,0.14,0.03,1.48
2018-11-16,12.63,298.0,151.55246151053012,0.5285260978990167,398,352797.35,8.53,0.72,0.17,12.14,0.24,0.41,0.15,0.03,1.51
2018-11-17,12.81,241.0,152.41126942628904,0.5156577918819151,402,355644.81333333335,7.76,0.69,0.17,12.14,0.26,0.42,0.17,0.03,1.62
2018-11-18,12.48,217.0,152.55508281893003,0.5290232658140147,405,358492.2766666667,7.88,0.68,0.17,12.37,0.27,0.42,0.16,0.03,1.58
2018-11-19,11.91,193.0,149.70576161946263,0.5517063936134419,408,361339.74,7.94,0.69,0.17,12.24,0.27,0.42,0.15,0.03,1.58
2018-11-20,11.85,143.0,149.25520630597916,0.543385499033893,411,364187.20333333337,8.01,0.75,0.18,11.09,0.25,0.43,0.15,0.03,1.57
2018-11-21,12.43,200.0,150.0146596465747,0.4950571048072826,415,367034.6666666667,8.11,0.76,0.17,11.0,0.26,0.4,0.13,0.03,1.49
2018-11-22,11.94,168.0,148.2174196320504,0.5115732747523712,418,369882.13,7.84,0.67,0.16,11.12,0.23,0.39,0.12,0.03,1.47
2018-11-23,12.22,226.0,148.31323423505202,0.5040616299870306,421,372729.5933333333,8.34,0.7,0.16,10.62,0.24,0.38,0.12,0.03,1.43
2018-11-24,12.06,171.0,147.0826282377148,0.5089875933597652,424,375577.05666666664,7.88,0.74,0.17,11.14,0.25,0.41,0.11,0.03,1.45
2018-11-25,11.65,207.0,147.64314097676103,0.5160031237016811,427,378424.52,7.72,0.71,0.17,11.12,0.24,0.4,0.11,0.03,1.4
2018-11-26,11.5,169.0,147.6342442205277,0.5288929236471861,431,381271.98333333334,7.33,0.72,0.17,10.42,0.24,0.42,0.12,0.03,1.46
2018-11-27,11.82,169.0,147.3617504538853,0.5197345729484087,434,384119.44666666666,7.27,0.71,0.17,10.15,0.25,0.4,0.12,0.03,1.4
2018-11-28,12.03,164.0,147.0735216351973,0.5071247464597802,437,386966.91,7.09,0.68,0.17,10.55,0.24,0.42,0.13,0.03,1.54
2018-11-29,11.53,150.0,147.42651152868552,0.5324016845774208,440,389814.3733333333,7.35,0.66,0.17,10.5,0.25,0.4,0.13,0.03,1.5
2018-11-30,12.1,192.0,148.2538569958848,0.5091789488947697,443,392661.83666666667,7.43,0.62,0.18,11.26,0.25,0.42,0.13,0.03,1.51
2018-12-01,12.33,249.0,148.42457752360204,0.5351493066215084,432,395509.3,7.75,0.62,0.18,11.03,0.27,0.42,0.14,0.03,1.62
2018-12-02,12.43,256.0,146.5644372730574,0.5441343524731576,432,395698.25483870966,7.73,0.63,0.17,11.18,0.27,0.41,0.13,0.03,1.55
2018-12-03,12.1,162.0,142.53811247276687,0.5594338415628892,433,395887.20967741933,7.43,0.65,0.18,11.84,0.27,0.41,0.13,0.03,1.54
2018-12-04,12.48,225.0,140.3574831759865,0.5052836343002791,433,396076.164516129,7.75,0.66,0.17,12.08,0.27,0.42,0.14,0.03,1.6
2018-12-05,12.72,383.0,140.26494420237233,0.49233081428443437,433,396265.1193548387,7.97,0.72,0.17,11.31,0.27,0.43,0.13,0.03,1.58
2018-12-06,13.29,179.0,143.56168569958848,0.48393472235975976,409,396454.07419354835,7.89,0.71,0.17,11.44,0.27,0.42,0.14,0.03,1.51
2018-12-07,11.38,163.0,142.69414999394817,0.549816959441315,409,396643.0290322581,7.29,0.62,0.16,10.25,0.27,0.4,0.13,0.03,1.38
2018-12-08,10.64,226.0,143.0433839869281,0.5549723051289147,410,396831.98387096776,6.37,0.62,0.16,10.58,0.27,0.41,0.12,0.03,1.35
2018-12-09,10.41,224.0,140.9057545993706,0.5779511433701852,410,397020.93870967743,6.3,0.62,0.17,10.08,0.26,0.41,0.12,0.03,1.34
2018-12-10,10.56,178.0,140.18724881989834,0.5726738113021486,410,397209.8935483871,6.62,0.61,0.17,10.62,0.26,0.4,0.13,0.03,1.35
2018-12-11,10.8,160.0,141.68234728274024,0.5681685478753701,410,397398.8483870968,6.26,0.63,0.16,9.85,0.26,0.41,0.12,0.03,1.34
2018-12-12,10.63,144.0,142.97665613652867,0.5625566465300376,410,397587.80322580645,6.48,0.63,0.17,9.95,0.25,0.41,0.12,0.03,1.39
2018-12-13,11.01,175.0,145.50171638223188,0.5478403186304197,411,397776.7580645161,6.83,0.62,0.17,10.2,0.25,0.39,0.12,0.03,1.38
2018-12-14,10.94,163.0,145.67558293996615,0.5501575676463294,411,397965.7129032258,7.05,0.6,0.17,10.78,0.26,0.39,0.13,0.03,1.42
2018-12-15,11.14,258.0,146.2148896756233,0.539119857399138,411,398154.66774193547,7.4,0.59,0.16,10.34,0.25,0.4,0.12,0.03,1.37
2018-12-16,10.8,171.0,145.15992450375214,0.5503326663818638,411,398343.62258064514,7.16,0.58,0.17,10.11,0.25,0.39,0.12,0.03,1.37
2018-12-17,10.49,154.0,144.97974146695714,0.5684214856766276,411,398532.5774193549,6.62,0.59,0.16,10.15,0.24,0.4,0.11,0.03,1.32
2018-12-18,10.83,187.0,146.1674390583394,0.5441731277592126,412,398721.53225806454,6.98,0.59,0.16,10.37,0.26,0.39,0.11,0.03,1.37
2018-12-19,10.59,146.0,148.6927272452191,0.556419598056578,412,398910.4870967742,6.72,0.55,0.16,10.29,0.25,0.39,0.11,0.03,1.34
2018-12-20,10.9,259.0,148.04533197167754,0.5388302207428766,412,399099.4419354839,6.48,0.57,0.16,10.72,0.24,0.38,0.11,0.03,1.25
2018-12-21,10.53,202.0,148.44514590898083,0.5525061707307146,412,399288.39677419356,6.53,0.55,0.16,10.43,0.24,0.39,0.11,0.03,1.22
2018-12-22,10.82,263.0,147.41492992011618,0.5369956108267357,412,399477.35161290324,6.43,0.51,0.15,9.9,0.24,0.36,0.11,0.03,1.18
2018-12-23,10.66,236.0,145.18771719922537,0.5421605335210002,413,399666.3064516129,6.48,0.5,0.15,10.13,0.24,0.35,0.1,0.03,1.18
2018-12-24,10.54,190.0,148.17882162309368,0.5513702049056516,413,399855.2612903226,6.59,0.56,0.14,10.28,0.24,0.35,0.1,0.03,1.14
2018-12-25,10.79,206.0,149.3101026385863,0.5419601267471557,413,400044.21612903225,7.02,0.6,0.14,10.1,0.25,0.36,0.1,0.03,1.2
2018-12-26,11.17,228.0,150.92037593802954,0.5289567240196404,413,400233.1709677419,6.72,0.58,0.15,10.26,0.24,0.37,0.1,0.03,1.22
2018-12-27,11.02,260.0,153.096887285161,0.5322058579657523,413,400422.12580645166,6.76,0.59,0.14,10.11,0.24,0.37,0.1,0.03,1.18
2018-12-28,11.51,242.0,154.78010387920602,0.5189779236800554,414,400611.08064516133,7.25,0.57,0.15,10.15,0.24,0.38,0.09,0.03,1.21
2018-12-29,11.79,250.0,156.582297567175,0.5095873471859957,414,400800.035483871,7.04,0.54,0.14,9.64,0.24,0.38,0.09,0.03,1.19
2018-12-30,11.12,215.0,154.98028522149602,0.5343520600275887,414,400988.9903225807,6.72,0.53,0.13,9.76,0.23,0.36,0.09,0.03,1.13
2018-12-31,11.15,249.0,155.4788076131687,0.5213503812243312,414,401177.94516129035,6.64,0.52,0.14,9.65,0.24,0.35,0.09,0.03,1.13
2019-01-01,11.23,181.0,154.62596895424832,0.5183367692566598,414,401366.9,7.12,0.55,0.14,9.92,0.25,0.37,0.1,0.03,1.18
2019-01-02,10.9,197.0,154.32351340474466,0.5499569439676617,413,400398.9032258065,7.29,0.55,0.14,9.94,0.24,0.37,0.1,0.03,1.26
2019-01-03,11.24,228.0,153.1933216533527,0.5249922331171981,412,399430.90645161294,6.92,0.56,0.14,9.85,0.24,0.39,0.1,0.03,1.27
2019-01-04,11.66,202.0,154.2754694383926,0.5092965852379729,411,398462.9096774194,7.01,0.56,0.14,9.79,0.25,0.38,0.11,0.03,1.29
2019-01-05,11.57,275.0,155.90022152626483,0.5351668362893326,410,397494.9129032258,7.4,0.58,0.15,10.1,0.23,0.38,0.11,0.03,1.21
2019-01-06,11.59,252.0,156.4179308581457,0.534649677258748,409,396526.91612903227,7.63,0.55,0.14,9.73,0.25,0.4,0.11,0.03,1.26
2019-01-07,11.34,169.0,156.31653216533527,0.5379333468372308,408,395558.9193548387,7.37,0.57,0.14,9.4,0.25,0.39,0.11,0.03,1.26
2019-01-08,11.7,242.0,157.39917526022757,0.5261594736875801,407,394590.9225806452,7.28,0.57,0.14,9.86,0.25,0.4,0.11,0.03,1.32
2019-01-09,12.0,196.0,157.73356100217867,0.5155809406112852,406,393622.92580645165,7.49,0.64,0.14,9.89,0.26,0.42,0.12,0.03,1.35
2019-01-10,11.77,201.0,158.3774917392883,0.5310588229491835,405,392654.9290322581,7.77,0.63,0.14,9.8,0.26,0.42,0.11,0.03,1.39
2019-01-11,12.0,275.0,159.97996190389742,0.519947635245559,404,391686.9322580645,7.81,0.66,0.14,9.78,0.26,0.43,0.11,0.03,1.34
2019-01-12,12.67,317.0,160.81211410675382,0.4823790916082379,403,390718.93548387097,7.78,0.68,0.16,9.84,0.26,0.43,0.11,0.03,1.42
2019-01-13,12.02,217.0,161.9627664003873,0.5386053157817848,402,389750.93870967743,8.15,0.71,0.15,10.22,0.25,0.42,0.11,0.03,1.39
2019-01-14,12.47,260.0,161.1804697107238,0.4764647001730734,401,388782.9419354839,8.13,0.64,0.15,9.48,0.27,0.44,0.11,0.03,1.41
2019-01-15,12.41,261.0,159.7538279774873,0.47735562831026573,400,387814.94516129035,8.15,0.65,0.15,9.65,0.27,0.43,0.11,0.03,1.4
2019-01-16,13.06,289.0,159.67913087024937,0.4541510572563683,399,386846.9483870968,7.98,0.67,0.15,10.43,0.28,0.43,0.12,0.03,1.43
2019-01-17,13.07,252.0,161.53620143427742,0.45392575220898773,398,385878.9516129032,8.2,0.66,0.16,9.88,0.27,0.43,0.11,0.03,1.44
2019-01-18,12.73,231.0,159.35963362381986,0.48459165956346123,397,384910.9548387097,7.83,0.72,0.16,10.62,0.27,0.44,0.11,0.03,1.42
2019-01-19,13.17,222.0,159.7939544904381,0.46505346636595696,396,383942.95806451613,9.02,0.69,0.17,10.93,0.28,0.45,0.12,0.03,1.48
2019-01-20,12.37,212.0,159.01450644517064,0.4774730364420941,395,382974.9612903226,9.16,0.66,0.17,10.82,0.28,0.45,0.12,0.03,1.48
2019-01-21,11.97,213.0,161.09547349310088,0.5060886976974305,394,382006.96451612905,8.51,0.67,0.17,10.41,0.28,0.44,0.12,0.03,1.43
2019-01-22,12.42,271.0,161.76483971798595,0.49514926707084256,393,381038.9677419355,7.79,0.66,0.18,9.76,0.28,0.44,0.13,0.03,1.52
2019-01-23,12.49,167.0,159.34251700556766,0.4904414184860615,392,380070.9709677419,8.23,0.65,0.18,10.17,0.29,0.45,0.12,0.03,1.51
2019-01-24,12.8,169.0,159.27488435003633,0.48264575141117055,391,379102.9741935484,8.67,0.67,0.19,10.14,0.29,0.44,0.12,0.03,1.46
2019-01-25,13.06,267.0,162.05535224521913,0.4903299309272026,390,378134.97741935484,9.67,0.68,0.19,9.81,0.29,0.44,0.12,0.03,1.49
2019-01-26,12.92,237.0,162.69776715686274,0.48340161032504037,389,377166.9806451613,9.54,0.71,0.21,9.71,0.29,0.46,0.12,0.03,1.59
2019-01-27,12.95,214.0,162.0954775175502,0.49089276308718255,388,376198.98387096776,9.06,0.71,0.21,10.07,0.29,0.46,0.12,0.03,1.59
2019-01-28,12.77,177.0,161.05226873033163,0.47620317306661913,387,375230.9870967742,9.42,0.72,0.21,9.68,0.29,0.47,0.13,0.03,1.48
2019-01-29,13.19,233.0,160.413764070443,0.49775342667593725,386,374262.9903225806,9.18,0.72,0.21,9.76,0.27,0.48,0.14,0.03,1.53
2019-01-30,13.57,266.0,161.91690147664,0.47209346965454174,385,373294.9935483871,8.8,0.73,0.21,9.87,0.28,0.51,0.14,0.03,1.59
2019-01-31,13.51,212.0,162.60200635439358,0.47048668698540685,384,372326.99677419354,9.83,0.72,0.21,10.59,0.28,0.51,0.16,0.03,1.59
2019-02-01,14.07,234.0,163.52151095376425,0.4610773519092555,424,371359.0,9.85,0.72,0.21,10.2,0.28,0.51,0.18,0.03,1.56
2019-02-02,14.27,245.0,164.21169816630356,0.4616500516886215,425,372033.32857142854,9.8,0.73,0.2,10.05,0.3,0.51,0.18,0.03,1.57
2019-02-03,13.46,214.0,164.16921968046478,0.486315605177717,426,372707.65714285715,9.83,0.74,0.19,11.02,0.29,0.52,0.19,0.03,1.58
2019-02-04,13.14,145.0,164.39313401718712,0.5043646603357747,427,373381.9857142857,9.66,0.74,0.19,10.99,0.29,0.49,0.2,0.03,1.57
2019-02-05,12.66,188.0,164.36929575163396,0.5089241825877509,427,374056.3142857143,9.52,0.72,0.18,10.44,0.28,0.48,0.18,0.03,1.51
2019-02-06,13.96,254.0,166.23166418542726,0.4711905938040797,428,374730.64285714284,9.61,0.72,0.18,9.84,0.29,0.46,0.18,0.03,1.53
2019-02-07,13.46,194.0,165.39531965625756,0.5101281108690287,429,375404.97142857144,8.94,0.74,0.18,10.23,0.28,0.45,0.16,0.03,1.51
2019-02-08,12.82,204.0,164.99952717259748,0.49810991382328507,430,376079.3,9.3,0.68,0.18,10.6,0.29,0.48,0.16,0.03,1.47
2019-02-09,13.16,219.0,164.71895400629387,0.4869216167082704,431,376753.6285714286,8.99,0.64,0.17,10.67,0.29,0.49,0.16,0.03,1.54
2019-02-10,13.0,205.0,164.1648856511741,0.4996587760703812,431,377427.95714285714,8.65,0.6,0.17,10.83,0.29,0.5,0.14,0.03,1.43
2019-02-11,12.88,203.0,163.78926491769548,0.5022950635023841,432,378102.28571428574,7.75,0.61,0.18,10.79,0.29,0.5,0.14,0.03,1.39
2019-02-12,13.08,177.0,163.67234940087147,0.4914309921422181,433,378776.6142857143,8.19,0.69,0.2,10.82,0.3,0.51,0.15,0.03,1.46
2019-02-13,13.41,159.0,164.3479993040426,0.48744725581871506,434,379450.9428571429,8.57,0.71,0.19,10.61,0.3,0.5,0.15,0.03,1.42
2019-02-14,13.75,180.0,164.36837984144276,0.4720374218181819,434,380125.27142857143,8.96,0.75,0.2,10.15,0.3,0.51,0.17,0.03,1.51
2019-02-15,13.55,164.0,164.9563183551198,0.4827169669073917,435,380799.6,9.23,0.77,0.2,10.43,0.3,0.52,0.16,0.03,1.51
2019-02-16,13.46,215.0,162.86615746792543,0.4857576213165489,436,381473.9285714286,8.93,0.77,0.2,10.7,0.3,0.52,0.16,0.03,1.55
2019-02-17,13.5,234.0,163.38095291696925,0.4842986241524621,437,382148.2571428571,9.15,0.76,0.19,10.5,0.3,0.51,0.15,0.03,1.55
2019-02-18,13.91,284.0,163.12681203098523,0.4684722190321866,438,382822.5857142857,9.26,0.74,0.19,10.7,0.3,0.53,0.15,0.03,1.56
2019-02-19,14.76,297.0,164.7453224098281,0.44783172397643883,438,383496.9142857143,9.11,0.76,0.2,11.32,0.3,0.55,0.14,0.03,1.56
2019-02-20,15.05,157.0,165.25945739530383,0.4371351515540016,439,384171.2428571429,8.93,0.75,0.18,10.82,0.3,0.55,0.14,0.03,1.47
2019-02-21,14.43,144.0,165.6396460300169,0.4690539062002184,440,384845.5714285714,9.18,0.77,0.21,11.13,0.3,0.57,0.14,0.03,1.49
2019-02-22,14.09,195.0,166.68385278988137,0.46384412864175206,441,385519.9,9.07,0.77,0.2,10.77,0.31,0.57,0.14,0.03,1.59
2019-02-23,15.1,257.0,167.5386791938998,0.4405797262310606,441,386194.22857142857,9.36,0.77,0.21,11.28,0.31,0.61,0.14,0.03,1.6
2019-02-24,14.83,202.0,164.58889463810215,0.445096302824844,442,386868.5571428572,9.12,0.75,0.2,10.68,0.3,0.63,0.14,0.03,1.6
2019-02-25,14.7,194.0,167.01765837569596,0.4627738800607823,443,387542.8857142857,8.87,0.73,0.19,11.09,0.31,0.64,0.14,0.03,1.58
2019-02-26,14.9,166.0,166.73321250907773,0.4444119662878788,444,388217.2142857143,8.97,0.77,0.2,10.99,0.31,0.61,0.15,0.03,1.63
2019-02-27,15.16,168.0,166.72187067296053,0.45828425045471705,444,388891.54285714286,9.25,0.79,0.2,11.27,0.32,0.61,0.15,0.03,1.64
2019-02-28,15.0,186.0,168.5641219740983,0.4807598364242425,445,389565.87142857147,9.42,0.76,0.21,11.56,0.34,0.67,0.16,0.03,1.66
2019-03-01,16.34,254.0,168.20344166061489,0.43695021485556196,403,390240.2,9.88,0.76,0.21,11.44,0.34,0.69,0.16,0.03,1.67
2019-03-02,16.47,242.0,168.35219877148387,0.43437390717001323,402,389006.31935483875,9.74,0.76,0.2,11.41,0.34,0.66,0.14,0.03,1.6
2019-03-03,16.09,205.0,167.4881703582668,0.4407619127463445,400,387772.43870967743,9.59,0.7,0.19,11.11,0.33,0.62,0.13,0.03,1.58
2019-03-04,14.77,158.0,167.98759413580248,0.465128957216929,399,386538.55806451617,9.5,0.7,0.19,11.61,0.32,0.57,0.14,0.03,1.54
2019-03-05,15.27,169.0,167.58810708666184,0.4474563642587951,398,385304.67741935485,9.17,0.69,0.2,10.9,0.32,0.53,0.14,0.03,1.56
2019-03-06,15.08,161.0,166.85764669571532,0.45339043286103353,396,384070.7967741936,9.43,0.69,0.21,11.2,0.34,0.63,0.15,0.03,1.59
2019-03-07,15.44,122.0,167.96878827765673,0.44622329009999684,395,382836.91612903227,9.71,0.71,0.2,11.74,0.35,0.63,0.15,0.03,1.53
2019-03-08,15.93,215.0,168.58226582546595,0.4384540664142784,394,381603.035483871,10.01,0.74,0.21,10.43,0.36,0.64,0.14,0.03,1.53
2019-03-09,15.26,178.0,169.74240362503028,0.4448864509921854,393,380369.1548387097,10.08,0.73,0.21,11.75,0.33,0.65,0.14,0.03,1.57
2019-03-10,15.16,159.0,171.51209419632048,0.4508487513469921,391,379135.2741935484,9.85,0.72,0.2,11.55,0.34,0.64,0.15,0.03,1.56
2019-03-11,15.28,186.0,169.62613447107233,0.4471669020903638,390,377901.3935483871,9.75,0.74,0.2,11.33,0.35,0.67,0.16,0.03,1.51
2019-03-12,15.81,181.0,171.64460312273062,0.43761746739652113,389,376667.51290322584,10.11,0.74,0.21,11.23,0.35,0.68,0.16,0.03,1.55
2019-03-13,15.38,147.0,173.55458950617285,0.44622520340570127,367,375433.6322580645,10.6,0.77,0.21,11.18,0.34,0.72,0.16,0.03,1.58
2019-03-14,14.38,120.0,171.99266772573228,0.4722723541891066,366,374199.75161290326,9.59,0.76,0.21,11.27,0.35,0.69,0.16,0.03,1.54
2019-03-15,13.94,158.0,169.81941920842414,0.5199498729862495,365,372965.87096774194,9.02,0.8,0.22,11.41,0.34,0.72,0.16,0.03,1.48
2019-03-16,14.81,235.0,170.06247400750422,0.4784847615934037,364,371731.9903225807,9.19,0.78,0.22,11.13,0.34,0.73,0.16,0.03,1.51
2019-03-17,14.14,187.0,169.77838410796414,0.4999503507020323,362,370498.10967741936,8.78,0.74,0.22,10.37,0.35,0.72,0.15,0.03,1.5
2019-03-18,14.56,170.0,170.09286198862262,0.487178933012718,361,369264.2290322581,8.4,0.75,0.22,10.12,0.36,0.73,0.16,0.03,1.47
2019-03-19,13.91,154.0,168.6475831215202,0.500232120025668,360,368030.3483870968,8.4,0.77,0.21,9.48,0.37,0.74,0.17,0.03,1.5
2019-03-20,14.08,150.0,169.02411102033403,0.5064706163916,359,366796.4677419355,8.29,0.78,0.21,10.44,0.36,0.75,0.17,0.03,1.54
2019-03-21,14.19,205.0,169.19759531590418,0.5128041038818383,357,365562.5870967742,8.37,0.8,0.21,11.69,0.38,0.77,0.17,0.03,1.47
2019-03-22,14.12,208.0,168.52594801500848,0.5087044306786275,356,364328.70645161293,8.38,0.82,0.22,11.79,0.39,0.79,0.17,0.03,1.51
2019-03-23,13.61,183.0,167.21641863350274,0.5108065450595338,355,363094.8258064516,8.07,0.8,0.21,11.16,0.4,0.81,0.16,0.03,1.41
2019-03-24,13.52,159.0,166.14918215928344,0.5620501429983353,354,361860.94516129035,8.06,0.82,0.22,11.14,0.42,0.79,0.16,0.03,1.4
2019-03-25,13.7,188.0,166.42111568022275,0.5106393387860083,353,360627.06451612903,8.12,0.81,0.22,11.8,0.43,0.83,0.16,0.03,1.39
2019-03-26,13.74,130.0,167.19203231663036,0.4932758313321017,351,359393.18387096777,7.76,0.78,0.21,11.69,0.43,0.81,0.17,0.03,1.44
2019-03-27,13.78,308.0,167.50093582062456,0.4945106331853547,350,358159.30322580645,8.1,0.84,0.2,11.16,0.44,0.79,0.17,0.03,1.43
2019-03-28,14.4,340.0,167.11137654320984,0.4853817194459387,349,356925.4225806452,8.66,0.84,0.2,10.81,0.45,0.79,0.17,0.03,1.43
2019-03-29,15.74,285.0,164.3450072621641,0.44420205345810065,348,355691.5419354839,9.28,0.88,0.2,11.08,0.47,0.79,0.16,0.03,1.51
2019-03-30,15.76,237.0,163.78224648995402,0.45148777377277716,347,354457.6612903226,9.28,0.87,0.2,11.12,0.54,0.76,0.17,0.03,1.55
2019-03-31,16.01,244.0,165.51619517066086,0.4440177997356056,345,353223.7806451613,9.69,0.9,0.2,10.89,0.63,0.75,0.17,0.03,1.57
2019-04-01,15.37,198.0,163.33574618736387,0.4576471332900918,356,351989.9,9.14,0.89,0.2,11.35,0.6,0.77,0.18,0.03,1.46
2019-04-02,15.07,159.0,165.29030386105057,0.4615965547463825,356,352404.14666666667,9.26,0.86,0.2,10.46,0.57,0.75,0.18,0.03,1.5
2019-04-03,14.63,179.0,164.53137557492138,0.5235488229094801,357,352818.39333333337,9.32,0.86,0.2,11.36,0.58,0.75,0.18,0.03,1.46
2019-04-04,15.92,226.0,163.45553730936814,0.4412701020588622,357,353232.64,9.41,0.96,0.2,10.84,0.57,0.74,0.19,0.03,1.52
2019-04-05,15.3,174.0,165.42977217985958,0.4974071123169901,357,353646.88666666666,9.41,0.96,0.2,10.52,0.55,0.75,0.18,0.03,1.48
2019-04-06,15.37,202.0,165.94015068990555,0.4588782070975565,358,354061.13333333336,9.46,0.94,0.2,11.22,0.58,0.77,0.18,0.03,1.51
2019-04-07,15.33,198.0,165.3761094771242,0.4579018124543246,358,354475.38,9.65,0.96,0.2,11.27,0.57,0.78,0.18,0.03,1.5
2019-04-08,15.23,165.0,166.13882694868067,0.4610010025124341,359,354889.6266666667,9.19,0.95,0.19,11.3,0.56,0.77,0.18,0.03,1.47
2019-04-09,14.83,160.0,167.33996571653353,0.47032169802322144,359,355303.87333333335,9.07,1.01,0.22,11.33,0.54,0.79,0.18,0.03,1.58
2019-04-10,15.33,195.0,167.48070116194626,0.4643553434669183,359,355718.12,9.65,1.07,0.22,11.62,0.53,0.81,0.18,0.03,1.49
2019-04-11,15.58,190.0,168.33918902808034,0.4611705655797466,360,356132.3666666667,9.91,1.09,0.23,11.83,0.56,0.8,0.18,0.03,1.52
2019-04-12,16.23,234.0,168.71386692084246,0.4532586414599817,360,356546.61333333334,9.95,1.19,0.23,11.43,0.56,0.8,0.18,0.03,1.54
2019-04-13,16.18,191.0,168.61516948075527,0.4584306215811757,361,356960.86,9.94,1.31,0.23,11.06,0.55,0.79,0.19,0.03,1.52
2019-04-14,15.9,201.0,169.11965498668602,0.46169856338932813,361,357375.1066666667,9.53,1.31,0.23,11.57,0.54,0.78,0.19,0.03,1.58
2019-04-15,15.41,158.0,169.14858172960544,0.4689404298216672,362,357789.35333333333,9.35,1.35,0.22,10.47,0.53,0.77,0.2,0.03,1.56
2019-04-16,15.66,189.0,169.53772642822562,0.4574857504296822,362,358203.6,9.57,1.19,0.21,11.36,0.51,0.76,0.21,0.03,1.5
2019-04-17,15.14,138.0,168.84567404986686,0.4696273711691747,362,358617.8466666667,9.86,1.24,0.22,11.12,0.49,0.76,0.22,0.03,1.51
2019-04-18,14.92,148.0,170.45338601428227,0.4764385796237344,363,359032.0933333333,10.15,1.3,0.22,10.09,0.49,0.76,0.21,0.03,1.53
2019-04-19,15.5,197.0,169.9275456305979,0.48879945934343433,363,359446.34,9.97,1.3,0.22,10.43,0.54,0.77,0.21,0.03,1.57
2019-04-20,15.28,185.0,170.53522763858635,0.4773126203471724,364,359860.58666666667,9.82,1.27,0.22,11.15,0.54,0.75,0.23,0.03,1.52
2019-04-21,15.6,204.0,170.2015754659889,0.45356868047463583,364,360274.8333333333,9.48,1.21,0.23,10.77,0.55,0.76,0.23,0.03,1.48
2019-04-22,15.22,165.0,167.81123426531107,0.46664261323021416,364,360689.08,9.58,1.2,0.24,11.23,0.55,0.79,0.22,0.03,1.5
2019-04-23,15.54,176.0,168.1393815056887,0.48395334001881346,365,361103.32666666666,9.76,1.14,0.24,11.1,0.55,0.8,0.22,0.03,1.49
2019-04-24,15.38,164.0,169.6888510953764,0.4872238194910513,365,361517.5733333333,9.78,1.08,0.26,9.43,0.53,0.8,0.21,0.03,1.51
2019-04-25,15.5,159.0,168.06201279956426,0.4815545532617845,366,361931.82,10.14,1.13,0.26,11.21,0.53,0.82,0.2,0.03,1.54
2019-04-26,15.2,131.0,169.25662106632774,0.494117953890601,366,362346.06666666665,9.77,1.11,0.29,11.45,0.52,0.8,0.19,0.03,1.49
2019-04-27,15.47,184.0,170.02791866376185,0.4898318760644846,367,362760.31333333335,9.85,1.12,0.33,11.5,0.55,0.82,0.18,0.03,1.51
2019-04-28,15.99,217.0,170.08616684822078,0.46671972599849204,367,363174.56,9.87,1.05,0.32,11.58,0.54,0.84,0.17,0.03,1.57
2019-04-29,15.88,181.0,171.82543461026384,0.46657831622811363,367,363588.80666666664,9.78,1.1,0.34,11.3,0.55,0.83,0.17,0.03,1.5
2019-04-30,15.76,194.0,173.15950226942627,0.46837225065551463,368,364003.05333333334,10.72,1.11,0.4,11.71,0.54,0.83,0.18,0.03,1.55
2019-05-01,15.86,195.0,174.4256699043815,0.4611094737200435,356,364417.3,9.9,1.1,0.42,11.42,0.54,0.84,0.17,0.03,1.56
2019-05-02,15.51,159.0,171.3981745642702,0.47316005231100566,357,365222.44193548383,9.91,1.03,0.37,11.57,0.53,0.8,0.17,0.03,1.61
2019-05-03,15.62,222.0,173.33826546235784,0.470245920153522,358,366027.58387096773,10.39,1.03,0.35,10.91,0.53,0.8,0.17,0.03,1.58
2019-05-04,16.14,208.0,174.7665854514645,0.4615044718103785,359,366832.7258064516,10.06,1.02,0.38,11.53,0.53,0.82,0.18,0.03,1.56
2019-05-05,15.85,157.0,175.73600765553132,0.47703852759062015,360,367637.8677419355,10.43,1.09,0.4,11.44,0.55,0.82,0.18,0.03,1.61
2019-05-06,15.6,189.0,176.79673251028802,0.47754454007199054,360,368443.0096774193,10.37,1.18,0.4,11.31,0.56,0.81,0.18,0.03,1.64
2019-05-07,15.53,193.0,173.36438050714108,0.47447905066051516,361,369248.1516129032,10.33,1.18,0.39,12.02,0.53,0.78,0.18,0.03,1.61
2019-05-08,14.95,132.0,175.0195270818204,0.4933502641920638,362,370053.29354838707,9.63,1.12,0.41,11.67,0.49,0.73,0.17,0.03,1.57
2019-05-09,15.32,194.0,172.32856402808036,0.48966222771060774,363,370858.43548387097,9.94,1.16,0.4,12.21,0.47,0.7,0.18,0.03,1.53
2019-05-10,15.99,234.0,174.13981490559183,0.49378909502269847,363,371663.5774193548,10.28,1.17,0.41,11.44,0.47,0.73,0.17,0.03,1.6
2019-05-11,16.44,242.0,173.54769547325103,0.46323907642555434,364,372468.7193548387,10.34,1.11,0.39,11.42,0.49,0.72,0.17,0.03,1.6
2019-05-12,16.98,216.0,174.06490187000725,0.45113011637810335,365,373273.86129032256,11.01,1.17,0.39,12.54,0.52,0.71,0.17,0.03,1.57
2019-05-13,16.14,184.0,173.51074676228515,0.4812152464519119,366,374079.00322580646,10.52,1.22,0.39,12.14,0.51,0.72,0.18,0.03,1.61
2019-05-14,16.36,156.0,173.5054334604212,0.47438832420305926,367,374884.1451612903,11.12,1.27,0.39,11.54,0.52,0.75,0.18,0.03,1.58
2019-05-15,17.15,311.0,173.84866709029288,0.44632774367337485,367,375689.2870967742,10.82,1.24,0.38,11.93,0.52,0.75,0.17,0.03,1.62
2019-05-16,17.86,187.0,174.65690429072862,0.4342936695317617,368,376494.42903225805,10.86,1.29,0.37,11.66,0.54,0.79,0.18,0.03,1.64
2019-05-17,18.4,226.0,175.08994586661825,0.4282677903653762,369,377299.57096774195,11.41,1.3,0.38,11.45,0.56,0.78,0.18,0.03,1.62
2019-05-18,18.38,167.0,176.3770320140402,0.42460374274715545,370,378104.7129032258,11.63,1.28,0.4,12.24,0.57,0.79,0.18,0.03,1.63
2019-05-19,21.98,238.0,176.05582434640527,0.3585597937153397,371,378909.8548387097,12.05,1.26,0.39,12.27,0.59,0.81,0.18,0.03,1.68
2019-05-20,19.99,145.0,177.80376721738074,0.39872601235229127,371,379714.99677419354,11.63,1.25,0.39,12.27,0.61,0.78,0.18,0.03,1.66
2019-05-21,18.67,159.0,178.06392072137496,0.4125764753331615,372,380520.13870967744,12.48,1.22,0.39,12.39,0.63,0.82,0.19,0.03,1.66
2019-05-22,19.39,124.0,177.1420832425563,0.402234316960145,373,381325.2806451613,12.19,1.22,0.39,12.23,0.63,0.83,0.2,0.03,1.66
2019-05-23,18.48,149.0,177.5306458182038,0.41589770794335146,374,382130.4225806452,12.81,1.19,0.4,11.78,0.62,0.84,0.2,0.03,1.67
2019-05-24,19.27,139.0,177.6603707939966,0.4030229772205287,374,382935.56451612903,13.0,1.31,0.4,12.28,0.62,0.84,0.2,0.03,1.7
2019-05-25,18.51,180.0,179.64235197288795,0.4222026948711291,375,383740.70645161293,12.46,1.33,0.4,12.59,0.6,0.85,0.18,0.03,1.71
2019-05-26,18.3,181.0,180.39144081336238,0.4341434401078088,376,384545.8483870968,12.68,1.28,0.41,11.41,0.61,0.87,0.19,0.03,1.74
2019-05-27,17.58,156.0,181.4874441115952,0.4473171444524931,377,385350.9903225807,13.18,1.25,0.43,12.73,0.61,0.88,0.19,0.03,1.76
2019-05-28,18.43,181.0,177.66828682522387,0.40990748305317865,378,386156.1322580645,12.97,1.22,0.41,12.67,0.62,0.88,0.2,0.03,1.88
2019-05-29,18.58,175.0,179.54492828612925,0.419179847209045,378,386961.2741935484,12.75,1.22,0.42,12.69,0.61,0.88,0.19,0.03,2.04
2019-05-30,18.51,135.0,179.77786374364555,0.4242981496870176,379,387766.41612903227,13.04,1.25,0.42,12.46,0.62,0.91,0.2,0.03,2.04
2019-05-31,19.42,229.0,180.55660451464536,0.39989875171422246,380,388571.55806451617,13.04,1.28,0.42,13.21,0.62,0.93,0.21,0.03,2.3
2019-06-01,18.58,161.0,181.08544163035586,0.44595203312057957,393,389376.7,13.91,1.29,0.42,12.87,0.62,0.92,0.22,0.03,2.12
2019-06-02,19.09,211.0,183.028633775115,0.4241294314006203,394,389523.57,13.61,1.31,0.41,13.22,0.63,0.98,0.23,0.03,2.25
2019-06-03,18.76,142.0,182.82574074074074,0.4289696987692066,394,389670.44,13.58,1.33,0.4,13.32,0.63,1.0,0.22,0.03,2.05
2019-06-04,18.86,145.0,187.8445136770758,0.4445059533821359,394,389817.31,13.74,1.35,0.39,13.51,0.63,1.01,0.22,0.03,2.21
2019-06-05,19.0,170.0,189.07956666061486,0.45071722656800567,394,389964.18,14.54,1.4,0.41,12.36,0.64,1.01,0.21,0.03,2.18
2019-06-06,19.19,138.0,191.5758668300654,0.43550396656398,394,390111.05,14.03,1.43,0.41,13.66,0.65,1.04,0.22,0.03,2.08
2019-06-07,19.47,177.0,192.8665505325587,0.42403588839119455,394,390257.92,13.2,1.38,0.41,13.82,0.66,1.02,0.22,0.03,1.94
2019-06-08,19.45,177.0,190.97075783708547,0.42695915783461036,395,390404.79,13.67,1.38,0.41,12.94,0.66,0.99,0.22,0.03,2.04
2019-06-09,19.23,185.0,191.84034688937302,0.4307806981376117,395,390551.66000000003,14.03,1.3,0.41,13.44,0.63,1.02,0.22,0.03,2.06
2019-06-10,18.97,164.0,191.66102986564997,0.44382173061777536,395,390698.53,13.89,1.32,0.38,12.63,0.61,1.03,0.21,0.03,2.12
2019-06-11,18.93,143.0,191.26552178649237,0.4552151586136683,395,390845.4,13.93,1.26,0.41,13.49,0.6,1.0,0.2,0.03,2.03
2019-06-12,18.4,128.0,189.89715907165333,0.44419980832608386,395,390992.27,13.57,1.3,0.42,12.72,0.61,1.0,0.2,0.03,1.99
2019-06-13,18.94,164.0,193.4799315541031,0.45518749660080277,395,391139.14,13.19,1.31,0.43,14.85,0.63,0.99,0.2,0.03,1.93
2019-06-14,19.06,174.0,193.60921862139918,0.43819137848920553,395,391286.01,13.89,1.24,0.44,15.04,0.63,1.0,0.2,0.03,2.04
2019-06-15,19.03,152.0,193.41950574921324,0.4741898891504454,396,391432.88,13.39,1.26,0.42,14.94,0.63,0.98,0.2,0.03,1.97
2019-06-16,18.97,212.0,194.18261507504235,0.4625976945385387,396,391579.75,13.42,1.52,0.4,14.67,0.65,0.98,0.19,0.03,2.0
2019-06-17,20.12,204.0,193.63188056765918,0.4297765698061516,396,391726.62,13.05,1.42,0.39,14.8,0.65,0.94,0.2,0.03,1.9
2019-06-18,20.16,240.0,194.5984686516582,0.43057903665516595,396,391873.49,12.7,1.34,0.41,15.53,0.65,0.89,0.2,0.03,2.01
2019-06-19,19.91,271.0,191.9080865710482,0.42859760057063273,396,392020.36,13.13,1.4,0.41,15.26,0.61,0.92,0.19,0.03,2.04
2019-06-20,19.17,171.0,192.6183438937303,0.4590069711163317,396,392167.23,13.11,1.34,0.4,14.27,0.6,0.92,0.21,0.03,2.08
2019-06-21,18.68,140.0,194.77532661583152,0.4570675254671359,396,392314.1,12.65,1.4,0.43,14.65,0.59,0.94,0.2,0.03,2.05
2019-06-22,18.87,166.0,194.05632821955948,0.4424164728520584,397,392460.97,12.33,1.39,0.42,14.51,0.59,0.97,0.2,0.03,1.98
2019-06-23,18.62,132.0,197.69835657225852,0.4533102130574208,397,392607.83999999997,12.67,1.32,0.41,15.32,0.59,0.95,0.2,0.03,2.05
2019-06-24,18.47,174.0,196.9583809610264,0.45609537160590163,397,392754.71,12.54,1.38,0.4,15.0,0.58,0.97,0.19,0.03,2.03
2019-06-25,18.5,175.0,196.56855546477854,0.517362492835498,397,392901.58,12.52,1.33,0.4,15.26,0.57,0.94,0.19,0.03,1.95
2019-06-26,18.14,163.0,193.0315552227064,0.4756412652065715,397,393048.45,12.07,1.23,0.39,16.2,0.55,0.9,0.19,0.03,1.83
2019-06-27,18.09,210.0,192.2707156560155,0.47906925685092794,397,393195.32,10.72,1.22,0.36,15.88,0.54,0.84,0.18,0.03,1.81
2019-06-28,18.29,213.0,190.5248092168966,0.47047477860495285,397,393342.19,11.88,1.36,0.36,15.73,0.56,0.89,0.18,0.03,1.87
2019-06-29,18.75,216.0,193.9871298414427,0.4568095580285204,398,393489.06,11.87,1.28,0.39,16.8,0.55,0.87,0.18,0.04,1.89
2019-06-30,18.33,211.0,195.18971477850403,0.47637014617975243,398,393635.93,11.68,1.28,0.37,13.98,0.54,0.84,0.2,0.03,1.9
2019-07-01,17.85,147.0,194.74024785160975,0.47094294750577015,385,393782.8,11.78,1.33,0.37,15.78,0.55,0.83,0.2,0.03,1.92
2019-07-02,17.64,142.0,197.55937294238683,0.4845698868639222,386,394470.364516129,11.52,1.38,0.39,15.45,0.53,0.89,0.2,0.03,1.98
2019-07-03,17.4,145.0,198.427045781893,0.49104755232221736,386,395157.92903225805,11.35,1.43,0.38,15.4,0.54,0.9,0.2,0.03,1.98
2019-07-04,17.59,124.0,195.41773399297992,0.49406871437998706,387,395845.4935483871,11.73,1.41,0.39,15.34,0.56,0.93,0.21,0.04,1.98
2019-07-05,18.04,150.0,196.05502208908257,0.4633014799836239,388,396533.0580645161,11.85,1.42,0.39,15.85,0.59,0.92,0.2,0.03,2.02
2019-07-06,17.79,159.0,197.3637339324619,0.4739828244432995,388,397220.62258064514,11.78,1.34,0.39,16.41,0.57,0.91,0.2,0.04,2.06
2019-07-07,17.54,150.0,195.35638244371825,0.5068861131373616,389,397908.18709677417,11.29,1.27,0.39,16.27,0.59,0.94,0.2,0.03,2.0
2019-07-08,17.47,177.0,197.93085663277654,0.48739897247006875,390,398595.7516129032,11.38,1.22,0.39,17.1,0.56,0.92,0.19,0.03,2.07
2019-07-09,17.45,200.0,199.02631411885744,0.49489049239006605,390,399283.31612903223,11.41,1.27,0.38,17.74,0.55,0.9,0.19,0.03,2.1
2019-07-10,17.84,175.0,198.33597409828127,0.4967497683211168,391,399970.88064516126,11.35,1.25,0.39,17.91,0.56,0.96,0.2,0.03,2.13
2019-07-11,18.22,201.0,200.977867949649,0.48893969398985027,392,400658.4451612903,11.76,1.29,0.41,18.22,0.6,0.96,0.2,0.03,2.22
2019-07-12,18.67,141.0,203.17289354877752,0.47347454947681816,392,401346.0096774193,12.08,1.36,0.44,16.48,0.6,0.97,0.21,0.03,2.31
2019-07-13,18.43,148.0,202.03883139675622,0.48858247063443805,393,402033.57419354835,12.5,1.4,0.42,17.43,0.59,0.99,0.21,0.04,2.32
2019-07-14,18.47,167.0,202.34177732389256,0.4893252195669139,394,402721.1387096774,12.49,1.38,0.43,18.61,0.59,0.99,0.21,0.03,2.27
2019-07-15,18.76,165.0,199.60912312394098,0.4929765172147153,395,403408.7032258064,11.98,1.35,0.43,16.91,0.59,0.98,0.21,0.03,2.24
2019-07-16,18.65,156.0,202.25333430162186,0.4824364599577334,395,404096.26774193544,11.33,1.39,0.42,18.17,0.6,1.02,0.21,0.03,2.18
2019-07-17,18.09,159.0,204.5683941842169,0.48915061999793963,396,404783.83225806453,12.29,1.37,0.41,17.15,0.61,1.0,0.21,0.03,2.33
2019-07-18,18.62,173.0,204.44303561486322,0.4853600358126722,397,405471.39677419356,12.01,1.28,0.41,16.6,0.62,1.01,0.21,0.03,2.26
2019-07-19,18.7,136.0,206.53621036068748,0.4803513007325615,397,406158.9612903226,12.31,1.37,0.42,17.49,0.65,1.0,0.21,0.03,2.25
2019-07-20,18.96,147.0,207.20879717380777,0.4909185385989438,398,406846.5258064516,12.64,1.48,0.44,17.04,0.65,1.0,0.21,0.03,2.24
2019-07-21,18.22,158.0,206.4984362745098,0.5277824487173863,399,407534.09032258065,12.6,1.46,0.42,16.15,0.67,1.03,0.22,0.03,2.19
2019-07-22,18.56,152.0,206.1864791817962,0.5132173839498979,399,408221.6548387097,12.47,1.36,0.42,16.95,0.67,1.03,0.21,0.03,2.19
2019-07-23,17.88,171.0,204.42175202735413,0.5113391584701282,400,408909.2193548387,12.7,1.32,0.41,16.64,0.65,1.04,0.2,0.03,2.15
2019-07-24,18.04,131.0,204.20102027354153,0.507995403735505,401,409596.78387096775,12.62,1.39,0.42,14.0,0.66,1.04,0.18,0.03,2.13
2019-07-25,17.96,163.0,203.19159676833695,0.49907277950694623,401,410284.3483870968,11.92,1.45,0.42,15.6,0.66,1.03,0.18,0.03,2.13
2019-07-26,18.9,219.0,204.325188392641,0.47413274645284625,402,410971.9129032258,12.34,1.51,0.41,16.22,0.67,1.05,0.18,0.03,2.1
2019-07-27,18.57,188.0,205.18196259985476,0.5232804805841998,403,411659.47741935484,12.74,1.57,0.42,16.87,0.69,1.09,0.19,0.03,2.12
2019-07-28,18.85,171.0,206.21753410191238,0.47195009073522104,403,412347.04193548387,12.59,1.49,0.41,16.79,0.7,1.11,0.2,0.03,2.2
2019-07-29,18.09,179.0,205.18289990317112,0.5194424878581836,404,413034.6064516129,12.36,1.46,0.4,16.4,0.72,1.09,0.2,0.03,2.18
2019-07-30,18.65,159.0,203.37309071653357,0.4956845253886381,405,413722.1709677419,12.68,1.44,0.42,16.46,0.72,1.07,0.18,0.03,2.07
2019-07-31,18.92,183.0,203.40338701282982,0.48973632756486424,405,414409.73548387096,12.35,1.48,0.42,16.42,0.77,1.06,0.19,0.03,2.2
2019-08-01,18.87,233.0,204.406834513435,0.4751181610548632,406,415097.3,12.78,1.56,0.41,17.55,0.81,1.06,0.19,0.03,2.22
2019-08-02,19.08,213.0,205.7399219922537,0.4898638128317467,406,414962.72903225804,12.98,1.63,0.41,17.55,0.82,1.05,0.19,0.03,2.34
2019-08-03,19.04,180.0,206.44699361534737,0.49441213088756647,406,414828.15806451614,12.81,1.5,0.43,17.24,0.81,1.04,0.18,0.03,2.18
2019-08-04,18.93,148.0,208.60506587388045,0.4985726600595312,406,414693.5870967742,12.26,1.53,0.43,17.92,0.83,1.07,0.18,0.03,2.21
2019-08-05,18.41,144.0,206.14696402202856,0.5015067369317275,405,414559.01612903224,12.38,1.56,0.43,17.09,0.86,1.08,0.18,0.03,2.23
2019-08-06,18.6,150.0,206.67948105785524,0.5020679863097801,405,414424.4451612903,12.37,1.61,0.43,18.24,0.85,1.08,0.18,0.03,2.23
2019-08-07,18.74,177.0,208.21738289760347,0.4892606390172915,405,414289.8741935484,12.56,1.59,0.43,17.32,0.87,1.04,0.19,0.03,2.26
2019-08-08,19.12,208.0,208.6983012587751,0.4839908797970453,405,414155.30322580645,12.95,1.59,0.43,17.22,0.86,1.11,0.19,0.03,2.33
2019-08-09,19.98,252.0,209.7042565056887,0.4575366858554405,405,414020.7322580645,13.21,1.6,0.44,17.6,0.9,1.07,0.19,0.03,2.24
2019-08-10,19.24,189.0,212.0042606814331,0.47386557900532467,405,413886.16129032255,12.77,1.62,0.45,16.51,1.01,1.12,0.19,0.03,2.25
2019-08-11,19.4,177.0,211.37164457758414,0.47006679324062545,405,413751.59032258065,13.49,1.63,0.46,18.14,1.18,1.13,0.19,0.03,2.25
2019-08-12,19.2,161.0,213.1225989469862,0.47856780041893593,404,413617.0193548387,12.78,1.61,0.45,17.8,1.23,1.14,0.19,0.03,2.28
2019-08-13,18.93,135.0,211.54319259864442,0.4735896189602511,404,413482.44838709675,13.22,1.63,0.5,18.12,1.1,1.09,0.19,0.03,2.18
2019-08-14,17.88,155.0,212.10633000484145,0.506545433316234,404,413347.8774193548,13.3,1.53,0.51,17.18,1.1,1.1,0.18,0.03,2.16
2019-08-15,17.64,176.0,211.60802184701046,0.5209275414296891,404,413213.3064516129,12.84,1.47,0.48,16.74,1.0,1.09,0.18,0.03,2.1
2019-08-16,18.5,205.0,207.9833282498184,0.4935472842712843,404,413078.73548387096,13.2,1.52,0.51,16.99,1.05,1.07,0.18,0.03,2.09
2019-08-17,18.84,185.0,208.60328773299446,0.4875421034016358,404,412944.164516129,13.18,1.53,0.52,16.83,1.03,1.12,0.19,0.03,2.12
2019-08-18,19.05,297.0,209.32851921447596,0.488064217383815,404,412809.59354838706,13.74,1.53,0.53,17.66,0.98,1.17,0.19,0.03,2.16
2019-08-19,18.35,137.0,208.10979898934886,0.49582879076738606,404,412675.02258064516,13.15,1.48,0.52,18.4,1.0,1.18,0.18,0.03,2.12
2019-08-20,18.06,170.0,207.66146795570083,0.49585771226491565,403,412540.4516129032,12.92,1.44,0.53,18.38,0.98,1.16,0.18,0.03,2.09
2019-08-21,18.58,172.0,208.52889197530862,0.4914535226230522,403,412405.88064516126,13.51,1.39,0.52,17.9,0.94,1.15,0.19,0.03,2.22
2019-08-22,18.66,139.0,209.65958185064144,0.489433274001833,403,412271.3096774193,13.57,1.43,0.54,18.17,0.88,1.15,0.19,0.03,2.21
2019-08-23,19.22,290.0,209.09654354272575,0.4784436622230593,403,412136.7387096774,13.51,1.52,0.54,16.94,0.96,1.16,0.18,0.03,2.21
2019-08-24,19.04,206.0,208.99440229363353,0.4984708965068512,403,412002.16774193547,13.8,1.61,0.55,18.08,1.01,1.18,0.19,0.03,2.16
2019-08-25,19.06,189.0,209.35512412248846,0.5087575087528814,403,411867.5967741935,13.4,1.6,0.53,18.25,1.01,1.2,0.19,0.03,2.17
2019-08-26,19.14,187.0,209.37151065117402,0.5006801476257491,403,411733.02580645157,13.34,1.53,0.51,17.44,1.0,1.14,0.19,0.03,2.12
2019-08-27,19.44,157.0,209.92037230694746,0.4721184654602083,403,411598.4548387097,13.34,1.63,0.51,18.19,0.99,1.17,0.19,0.03,2.12
2019-08-28,18.98,107.0,209.5254326434277,0.481463376491874,402,411463.8838709677,13.73,1.62,0.51,17.3,1.0,1.18,0.18,0.03,2.15
2019-08-29,18.56,177.0,210.73756106269667,0.4929684465596132,402,411329.3129032258,13.65,1.54,0.47,18.14,1.01,1.18,0.2,0.03,2.09
2019-08-30,19.54,209.0,212.09334050472043,0.4658946512607931,402,411194.7419354838,13.73,1.66,0.49,18.03,1.07,1.18,0.2,0.03,2.15
2019-08-31,18.73,152.0,213.43728743040427,0.4956940981387116,402,411060.1709677419,13.72,1.63,0.52,16.98,1.09,1.17,0.2,0.03,2.21
2019-09-01,19.34,215.0,212.97471269063186,0.480968458506771,415,410925.6,14.16,1.64,0.53,18.11,1.08,1.15,0.2,0.03,2.2
2019-09-02,19.46,185.0,215.72536368312757,0.4912415013005741,415,410861.25666666665,14.19,1.69,0.55,17.55,1.07,1.16,0.21,0.03,2.25
2019-09-03,18.65,158.0,217.90500726216413,0.5006358260871123,415,410796.91333333333,13.72,1.71,0.51,18.01,1.08,1.17,0.2,0.03,2.15
2019-09-04,19.26,187.0,216.6760311970467,0.4889989529961843,415,410732.56999999995,14.23,1.65,0.54,18.4,1.07,1.18,0.2,0.03,2.17
2019-09-05,19.26,223.0,216.5038054345195,0.4848957415364583,415,410668.2266666666,14.2,1.75,0.55,18.86,1.09,1.25,0.21,0.03,2.27
2019-09-06,20.41,216.0,220.06090568264347,0.4584969990575771,415,410603.8833333333,14.98,1.72,0.55,19.51,1.1,1.26,0.22,0.03,2.33
2019-09-07,19.99,188.0,215.5936189179376,0.46392316810501644,415,410539.54,14.41,1.88,0.56,19.43,1.1,1.34,0.22,0.03,2.33
2019-09-08,20.13,242.0,214.54487633139675,0.4526040924523629,415,410475.19666666666,14.08,1.74,0.53,19.1,1.0,1.28,0.21,0.03,2.2
2019-09-09,20.54,248.0,211.81654302832243,0.45465167875039453,415,410410.85333333333,13.8,1.63,0.54,18.37,0.99,1.2,0.2,0.03,2.27
2019-09-10,20.62,210.0,209.40565522875815,0.45948429800710383,415,410346.51,14.22,1.61,0.55,18.82,1.03,1.16,0.2,0.03,2.18
2019-09-11,20.91,187.0,209.03135790365528,0.45575637043868844,415,410282.1666666666,14.25,1.64,0.54,16.8,1.0,1.13,0.2,0.03,2.17
2019-09-12,20.78,173.0,211.90702611353183,0.4674001032652557,415,410217.8233333333,14.63,1.55,0.54,17.43,1.0,1.17,0.21,0.03,2.09
2019-09-13,21.6,194.0,211.33335793391433,0.45768088852319877,414,410153.48,14.55,1.6,0.56,18.08,1.0,1.13,0.22,0.03,2.26
2019-09-14,21.8,234.0,214.16880927741465,0.45281696064658933,414,410089.13666666666,14.44,1.68,0.57,18.1,1.05,1.21,0.21,0.03,2.23
2019-09-15,21.72,259.0,214.88759262285163,0.44538807385268875,414,410024.79333333333,14.59,1.67,0.55,18.46,1.08,1.21,0.21,0.03,2.19
2019-09-16,22.67,198.0,212.22741642459448,0.42671979018733225,414,409960.44999999995,14.66,1.66,0.56,17.53,1.07,1.15,0.21,0.03,2.27
2019-09-17,22.05,164.0,214.23794196320506,0.44322208828611986,414,409896.10666666663,14.14,1.63,0.56,18.88,1.06,1.27,0.21,0.03,2.17
2019-09-18,21.33,158.0,217.4396561062697,0.4570139712610791,414,409831.7633333333,14.64,1.65,0.55,18.76,1.02,1.29,0.22,0.03,2.26
2019-09-19,21.03,135.0,215.6669819958848,0.457068936979227,414,409767.42,14.71,1.67,0.54,19.57,1.03,1.27,0.22,0.03,2.27
2019-09-20,20.99,165.0,214.69687693657713,0.4587207145368113,414,409703.07666666666,14.88,1.67,0.53,18.2,1.02,1.28,0.22,0.03,2.31
2019-09-21,20.47,164.0,216.84586779835388,0.4627610468958193,414,409638.73333333334,14.9,1.69,0.54,18.57,1.03,1.27,0.22,0.03,2.22
2019-09-22,20.36,200.0,216.553831033648,0.49524407478989363,414,409574.39,14.52,1.64,0.55,19.54,1.03,1.27,0.23,0.03,2.21
2019-09-23,21.28,212.0,217.65279502541756,0.45683766481254934,414,409510.04666666663,14.52,1.71,0.54,18.88,1.03,1.28,0.22,0.03,2.27
2019-09-24,21.77,166.0,218.67269178165094,0.4675653077624202,414,409445.7033333333,14.2,1.62,0.53,17.83,1.03,1.27,0.22,0.03,2.16
2019-09-25,20.92,158.0,218.5150776748971,0.47296559538920374,414,409381.36,14.65,1.68,0.52,17.88,1.07,1.3,0.23,0.03,2.26
2019-09-26,21.23,187.0,218.8774199951585,0.47040342122872214,414,409317.01666666666,14.62,1.6,0.54,17.54,1.05,1.25,0.22,0.03,2.29
2019-09-27,21.45,195.0,217.58179278625028,0.44147964341747337,414,409252.67333333334,14.86,1.7,0.54,18.0,1.05,1.27,0.24,0.03,2.3
2019-09-28,21.22,181.0,218.84794783345436,0.45801153458595234,413,409188.32999999996,15.44,1.64,0.55,18.02,1.07,1.25,0.25,0.03,2.23
2019-09-29,21.47,244.0,218.3910499576374,0.46285537088974854,413,409123.98666666663,15.48,1.6,0.58,17.83,1.09,1.31,0.26,0.03,2.28
2019-09-30,21.98,202.0,220.51945978576612,0.47766605770635273,413,409059.6433333333,15.11,1.66,0.6,17.08,1.12,1.3,0.28,0.03,2.24
2019-10-01,22.03,180.0,218.79471453643185,0.48430804492952356,400,408995.3,14.96,1.69,0.6,18.05,1.1,1.29,0.31,0.03,2.15
2019-10-02,21.01,136.0,218.6930393064633,0.46945758511851815,401,409546.4451612903,15.2,1.65,0.61,18.34,1.09,1.29,0.32,0.03,2.17
2019-10-03,22.6,189.0,219.567242858872,0.43179933515936253,401,410097.59032258065,14.85,1.66,0.63,19.06,1.07,1.3,0.31,0.03,2.24
2019-10-04,22.35,213.0,217.762014040184,0.4450802252240717,402,410648.73548387096,15.11,1.72,0.64,18.32,1.07,1.3,0.33,0.03,2.23
2019-10-05,21.83,143.0,224.5191715081094,0.45886792822491257,402,411199.88064516126,15.35,1.76,0.63,18.44,1.07,1.3,0.34,0.03,2.26
2019-10-06,21.76,189.0,225.76213480392155,0.46390528863761277,403,411751.0258064516,14.94,1.69,0.57,18.72,1.07,1.29,0.33,0.03,2.19
2019-10-07,22.39,208.0,225.4404063483418,0.4544016210873297,403,412302.1709677419,14.9,1.67,0.58,18.35,1.06,1.31,0.33,0.03,2.14
2019-10-08,21.98,173.0,224.5950948620189,0.4778792190996979,404,412853.31612903223,15.32,1.76,0.6,19.13,1.05,1.32,0.34,0.04,2.12
2019-10-09,22.75,206.0,221.10968981481486,0.4741553118061806,404,413404.4612903226,14.67,1.76,0.61,18.97,1.06,1.33,0.33,0.04,2.15
2019-10-10,22.26,134.0,219.77386504478338,0.44981686049101677,405,413955.6064516129,16.25,1.8,0.65,19.38,1.06,1.37,0.32,0.04,2.12
2019-10-11,22.42,167.0,221.33013988743647,0.4495146172540006,405,414506.7516129032,15.6,1.73,0.64,17.94,1.07,1.38,0.31,0.04,2.18
2019-10-12,21.17,180.0,225.53651180101667,0.48442729636030774,406,415057.89677419356,15.2,1.85,0.62,17.23,1.09,1.44,0.33,0.04,2.19
2019-10-13,21.64,177.0,225.35516240014525,0.4797239551762446,406,415609.04193548387,14.83,1.79,0.62,19.25,1.08,1.4,0.33,0.04,2.21
2019-10-14,21.28,215.0,224.1390604877753,0.4937732050392486,407,416160.18709677417,15.13,1.84,0.65,18.79,1.07,1.41,0.29,0.04,2.19
2019-10-15,21.34,193.0,223.5098699467441,0.49938597268087753,408,416711.33225806453,15.13,1.77,0.69,18.8,1.1,1.41,0.29,0.04,2.19
2019-10-16,21.5,141.0,224.6648088537884,0.4834691319981061,408,417262.47741935484,15.24,1.98,0.79,18.63,1.09,1.43,0.27,0.04,2.2
2019-10-17,21.8,179.0,222.3831152263374,0.47753489423244794,409,417813.62258064514,15.42,1.91,0.8,17.05,1.09,1.41,0.28,0.04,2.18
2019-10-18,21.95,166.0,219.21447370491404,0.4675275646247754,409,418364.76774193544,14.62,1.84,0.78,18.96,1.09,1.35,0.28,0.04,2.2
2019-10-19,21.01,97.0,216.01506611595258,0.4871797570601807,410,418915.9129032258,14.41,1.61,0.73,18.63,1.04,1.26,0.27,0.04,2.13
2019-10-20,19.82,123.0,216.94429402687,0.5166344093828066,410,419467.0580645161,14.25,1.54,0.69,18.18,0.99,1.15,0.28,0.04,2.04
2019-10-21,20.32,115.0,217.85216382231906,0.49461467063713377,411,420018.2032258064,13.74,1.52,0.68,16.96,1.04,1.16,0.28,0.04,2.09
2019-10-22,20.69,144.0,218.86832422536918,0.49365344522194776,411,420569.3483870968,14.16,1.56,0.65,17.94,1.04,1.2,0.27,0.04,1.96
2019-10-23,20.84,83.0,216.4968470406682,0.48937016682895795,412,421120.4935483871,14.31,1.58,0.66,14.09,1.0,1.17,0.27,0.04,1.91
2019-10-24,19.98,140.0,217.22242244613895,0.5149271760251537,412,421671.6387096774,13.9,1.55,0.67,16.98,1.0,1.14,0.26,0.04,2.01
2019-10-25,21.16,163.0,216.58382083635922,0.4747391865346193,413,422222.78387096775,14.33,1.53,0.64,17.63,1.02,1.19,0.28,0.04,2.06
2019-10-26,20.53,139.0,212.77197527838294,0.48646629608942227,561,422773.92903225805,14.33,1.48,0.64,18.09,1.03,1.21,0.28,0.04,1.96
2019-10-27,20.13,186.0,210.3450432098766,0.4921322588713025,562,423325.07419354835,14.04,1.5,0.62,16.98,1.02,1.21,0.27,0.04,1.82
2019-10-28,19.73,119.0,211.98529109174527,0.5019293403808667,563,423876.2193548387,14.07,1.49,0.67,17.26,1.01,1.19,0.27,0.03,1.81
2019-10-29,19.72,186.0,207.7311886952312,0.5150059099296294,563,424427.364516129,13.91,1.48,0.64,18.0,1.02,1.13,0.26,0.03,2.02
2019-10-30,20.45,142.0,206.26322984749456,0.5027142609988777,564,424978.5096774193,14.09,1.41,0.61,18.19,1.0,1.15,0.26,0.03,1.95
2019-10-31,19.78,114.0,208.5893371459695,0.5014695724831348,565,425529.6548387097,15.19,1.46,0.62,18.36,0.99,1.14,0.24,0.03,1.94
2019-11-01,19.46,194.0,208.52422963568145,0.5260864535829607,584,426080.8,14.73,1.49,0.68,17.31,1.0,1.17,0.25,0.03,1.96
2019-11-02,20.22,133.0,209.65347558097315,0.5604348336601045,586,427101.49333333335,14.79,1.55,0.69,18.58,1.02,1.18,0.26,0.03,2.06
2019-11-03,19.65,151.0,211.10675154320978,0.5369516173917505,587,428122.18666666665,14.4,1.58,0.69,16.66,1.04,1.23,0.26,0.03,2.04
2019-11-04,19.26,141.0,214.18312336601306,0.5457863472280247,589,429142.88,14.79,1.55,0.71,18.22,1.02,1.22,0.24,0.03,2.06
2019-11-05,19.48,149.0,215.55253982086666,0.5554960142795102,590,430163.5733333333,15.07,1.54,0.71,18.43,1.04,1.25,0.25,0.03,2.09
2019-11-06,19.31,122.0,217.84708275841197,0.5419499977456823,591,431184.26666666666,14.71,1.48,0.72,18.23,1.03,1.22,0.25,0.03,2.02
2019-11-07,19.68,157.0,214.5288924291939,0.5954858216554636,593,432204.95999999996,14.48,1.49,0.71,16.05,1.01,1.24,0.25,0.03,1.98
2019-11-08,19.89,176.0,213.606102124183,0.522376593808789,594,433225.6533333333,14.51,1.51,0.72,17.99,1.0,1.24,0.25,0.03,1.97
2019-11-09,19.29,142.0,214.60782991406435,0.5300700113931885,596,434246.3466666667,14.91,1.48,0.68,18.57,1.01,1.25,0.24,0.03,1.95
2019-11-10,19.08,141.0,215.9508342108448,0.5478427422030782,597,435267.04,14.73,1.43,0.66,17.02,0.99,1.23,0.24,0.03,1.87
2019-11-11,18.49,169.0,215.98099785160974,0.5415458106674175,598,436287.73333333334,14.41,1.47,0.63,16.8,1.0,1.2,0.24,0.03,2.01
2019-11-12,19.07,178.0,214.95199189058334,0.5202850170059425,600,437308.42666666664,14.75,1.47,0.64,17.65,0.98,1.16,0.23,0.03,1.88
2019-11-13,19.29,169.0,213.7274358811425,0.513179942039718,601,438329.12,15.07,1.62,0.63,17.24,0.96,1.18,0.24,0.03,1.92
2019-11-14,19.11,113.0,211.2860488077947,0.5463785608128952,603,439349.8133333333,14.74,1.51,0.64,16.67,0.95,1.24,0.23,0.03,1.96
2019-11-15,18.89,198.0,218.2739196925684,0.5225786115644524,604,440370.50666666665,14.87,1.55,0.66,15.74,0.96,1.22,0.23,0.03,1.87
2019-11-16,19.56,229.0,215.5231887254902,0.507522538802577,605,441391.19999999995,15.21,1.59,0.62,17.64,0.98,1.23,0.23,0.03,1.99
2019-11-17,19.17,216.0,217.84203422294843,0.5226298887968285,607,442411.8933333333,15.72,1.5,0.62,16.59,0.96,1.22,0.23,0.03,1.89
2019-11-18,18.71,154.0,217.45871196441544,0.5226966808859457,608,443432.58666666667,14.91,1.46,0.63,16.71,1.01,1.19,0.24,0.03,1.87
2019-11-19,15.44,397.0,202.94048532437665,0.595213692168339,569,444453.27999999997,12.07,1.18,0.5,14.27,0.79,0.97,0.19,0.03,1.58
2019-11-20,15.44,182.0,200.7377950556766,0.600711300868214,570,445473.9733333333,11.47,1.06,0.43,12.76,0.8,0.91,0.19,0.03,1.52
2019-11-21,16.8,170.0,199.87039239893488,0.5403518759381379,572,446494.6666666666,11.67,1.18,0.44,14.27,0.78,1.0,0.19,0.03,1.6
2019-11-22,16.62,152.0,200.66398925804893,0.5366615533195447,573,447515.36,11.24,1.14,0.45,14.09,0.8,1.07,0.19,0.03,1.61
2019-11-23,16.26,182.0,199.11909250181554,0.5471475849244039,574,448536.0533333333,11.95,1.1,0.46,12.42,0.89,1.04,0.2,0.03,1.53
2019-11-24,15.75,171.0,201.61283481602518,0.6119223923287671,575,449556.74666666664,11.54,1.09,0.44,12.91,0.82,1.05,0.21,0.03,1.6
2019-11-25,15.55,141.0,200.07668818082792,0.5686195546126079,577,450577.44,11.68,1.11,0.48,14.14,0.83,0.99,0.21,0.03,1.61
2019-11-26,14.98,163.0,200.9428942144759,0.5879199949032661,578,451598.1333333333,12.35,1.15,0.48,13.85,0.79,0.97,0.22,0.03,1.67
2019-11-27,15.31,216.0,198.49235363713385,0.5725586139724023,579,452618.82666666666,12.41,1.1,0.45,14.05,0.8,0.95,0.21,0.03,1.68
2019-11-28,16.76,216.0,201.4285523783588,0.5342563825364235,581,453639.51999999996,12.66,1.22,0.46,14.33,0.8,0.96,0.19,0.03,1.74
2019-11-29,16.43,259.0,199.3289486201888,0.5478141290199939,582,454660.2133333333,12.99,1.12,0.48,14.19,0.82,1.0,0.2,0.03,1.75
2019-11-30,18.09,229.0,203.51549721617044,0.49776035483538644,583,455680.9066666666,13.31,1.21,0.49,14.41,0.82,1.02,0.22,0.03,1.75
2019-12-01,18.28,255.0,190.4671401900266,0.5089400302009508,566,456701.6,12.83,1.22,0.48,14.36,0.78,0.99,0.21,0.03,1.77
2019-12-02,17.91,189.0,191.8572911220043,0.5128034096922186,567,458136.9032258064,12.74,1.35,0.48,11.69,0.81,1.0,0.18,0.03,1.84
2019-12-03,18.37,197.0,190.1190971314451,0.5110019923661628,569,459572.2064516129,13.09,1.27,0.59,14.65,0.77,1.04,0.18,0.03,1.81
2019-12-04,17.37,137.0,191.25245255386105,0.521506720032484,571,461007.5096774193,13.39,1.21,0.61,14.97,0.8,1.05,0.19,0.03,1.86
2019-12-05,17.06,165.0,193.48272866739293,0.5420529666023735,573,462442.8129032258,13.91,1.35,0.61,15.8,0.82,0.97,0.19,0.03,1.86
2019-12-06,18.17,205.0,193.81439796659402,0.5194673265162509,575,463878.1161290322,13.56,1.34,0.65,15.08,0.88,1.03,0.19,0.03,1.9
2019-12-07,17.11,305.0,195.00370948317595,0.533471728400785,576,465313.41935483867,13.83,1.32,0.63,16.1,0.93,1.01,0.2,0.03,1.98
2019-12-08,18.31,269.0,198.46262539336723,0.5405220436998529,578,466748.7225806451,14.39,1.34,0.61,15.74,0.9,1.09,0.2,0.03,1.8
2019-12-09,18.48,228.0,200.42377463083997,0.502949294540977,580,468184.0258064516,14.49,1.45,0.65,15.63,0.89,1.16,0.2,0.03,1.79
2019-12-10,17.95,187.0,201.34674219317355,0.5155274006408831,582,469619.3290322581,14.48,1.52,0.64,15.42,0.89,1.13,0.2,0.03,1.78
2019-12-11,17.93,154.0,202.18639457758417,0.513572620529821,583,471054.6322580645,14.05,1.37,0.66,15.72,0.91,1.16,0.19,0.03,1.79
2019-12-12,17.99,175.0,203.29670355240862,0.5181741623075559,585,472489.93548387097,14.08,1.51,0.65,14.05,0.9,1.1,0.2,0.03,1.96
2019-12-13,18.01,209.0,209.220709634471,0.5270352991814784,587,473925.2387096774,14.35,1.48,0.66,15.02,0.91,1.11,0.2,0.03,1.97
2019-12-14,18.49,250.0,207.74890438150564,0.5220484340198074,589,475360.54193548387,14.55,1.43,0.68,15.81,0.92,1.1,0.19,0.03,1.9
2019-12-15,18.6,210.0,209.16497878842898,0.5147948352111158,591,476795.8451612903,14.78,1.4,0.68,15.59,0.92,1.08,0.21,0.03,1.89
2019-12-16,17.89,146.0,207.54004626603725,0.5235493265861161,592,478231.14838709676,14.41,1.42,0.7,14.81,0.91,1.07,0.21,0.03,2.04
2019-12-17,17.86,150.0,208.57383293996605,0.5250977463125855,594,479666.4516129032,14.62,1.45,0.7,14.95,0.88,1.13,0.21,0.03,1.97
2019-12-18,18.34,181.0,209.5382454006294,0.509484977014628,596,481101.75483870966,14.55,1.37,0.72,14.65,0.86,1.1,0.21,0.03,1.84
2019-12-19,18.32,218.0,210.31787823771487,0.5100252101563183,598,482537.0580645161,14.92,1.39,0.69,14.36,0.82,1.09,0.2,0.03,1.89
2019-12-20,17.97,180.0,210.47554877753575,0.5156663181633138,600,483972.36129032256,14.87,1.33,0.67,14.84,0.79,1.05,0.2,0.03,2.04
2019-12-21,18.28,226.0,212.60885817598646,0.5187042136305305,601,485407.664516129,15.37,1.37,0.64,14.86,0.81,1.09,0.2,0.03,2.11
2019-12-22,18.22,262.0,207.34812242798355,0.5160434485236048,603,486842.96774193546,15.06,1.36,0.63,14.4,0.82,1.06,0.2,0.03,2.06
2019-12-23,18.24,255.0,209.2602496974098,0.5094092605819526,605,488278.2709677419,14.84,1.36,0.64,14.87,0.83,1.07,0.21,0.03,2.14
2019-12-24,19.1,249.0,212.25828083393856,0.49750329528268794,607,489713.5741935484,15.38,1.45,0.65,14.91,0.85,1.13,0.21,0.03,2.15
2019-12-25,19.44,229.0,214.4674628721859,0.49950907924504834,608,491148.87741935486,15.49,1.51,0.67,15.11,0.89,1.12,0.21,0.03,2.2
2019-12-26,18.88,223.0,217.35551349552165,0.513671427679508,610,492584.1806451613,15.62,1.66,0.7,15.31,0.87,1.16,0.22,0.03,2.18
2019-12-27,19.56,185.0,217.55627018276442,0.5147922009533229,612,494019.48387096776,16.18,1.63,0.69,15.06,0.89,1.14,0.21,0.03,2.1
2019-12-28,19.89,248.0,221.3635838477366,0.511076169021614,614,495454.7870967742,15.84,1.66,0.73,15.37,0.9,1.16,0.22,0.03,2.09
2019-12-29,19.08,235.0,221.82009988501574,0.5136456223951751,616,496890.09032258065,15.14,1.65,0.73,15.21,0.92,1.11,0.22,0.03,1.99
2019-12-30,19.11,220.0,221.9236738683128,0.5271587967411271,617,498325.3935483871,15.35,1.59,0.72,15.76,0.91,1.13,0.22,0.03,2.01
2019-12-31,19.65,213.0,223.38974400871462,0.5220766704870374,619,499760.69677419355,16.05,1.75,0.75,15.47,0.94,1.13,0.23,0.03,2.08
2020-01-01,19.84,239.0,224.8816221859114,0.5297663273446189,621,501196.0,15.75,1.69,0.73,14.99,0.96,1.15,0.23,0.03,2.14
2020-01-02,19.91,175.0,223.83594734931012,0.5104733216536179,623,502576.10322580644,15.17,1.64,0.72,15.33,0.97,1.16,0.24,0.03,2.14
2020-01-03,19.43,176.0,223.91929738562092,0.5140838800142327,624,503956.2064516129,15.37,1.68,0.74,15.66,0.98,1.21,0.26,0.03,2.12
2020-01-04,19.35,191.0,224.74638431977732,0.5145463101795992,626,505336.30967741937,16.29,1.79,0.76,15.45,0.99,1.24,0.29,0.03,2.13
2020-01-05,20.23,261.0,226.3444709513435,0.5073467020490873,628,506716.4129032258,16.1,1.76,0.77,16.59,1.02,1.24,0.27,0.03,2.16
2020-01-06,19.65,156.0,227.02113383563298,0.5142304141630756,629,508096.51612903224,16.0,1.82,0.79,15.76,1.02,1.22,0.27,0.03,2.13
2020-01-07,19.98,195.0,228.07397600459936,0.5181982733877926,631,509476.6193548387,16.31,1.8,0.84,14.91,1.03,1.21,0.26,0.03,2.19
2020-01-08,20.45,357.0,227.6023297022513,0.5001313263121411,633,510856.7225806452,16.0,1.74,0.89,15.92,1.05,1.23,0.26,0.03,2.16
2020-01-09,21.25,272.0,229.45875372185915,0.48454938801913877,635,512236.8258064516,16.7,1.85,0.85,15.08,1.01,1.21,0.28,0.03,2.12
2020-01-10,22.23,299.0,231.1434825102881,0.48475198045558704,636,513616.92903225805,17.02,1.95,0.86,15.17,1.05,1.23,0.3,0.03,2.21
2020-01-11,21.69,318.0,229.71064360929554,0.4809044788386134,638,514997.0322580645,17.6,2.04,0.89,14.97,1.06,1.22,0.3,0.03,2.19
2020-01-12,23.37,356.0,227.76375242072135,0.44714505742875216,640,516377.135483871,17.6,2.12,0.9,15.55,1.05,1.21,0.31,0.03,2.19
2020-01-13,22.66,201.0,228.54309265311065,0.45159508714228935,641,517757.2387096774,18.79,2.03,0.94,16.14,1.02,1.22,0.32,0.03,2.13
2020-01-14,22.14,223.0,229.46209773662554,0.4597226329078118,643,519137.34193548386,18.95,2.13,0.93,16.81,1.06,1.32,0.32,0.03,2.15
2020-01-15,22.62,207.0,229.8712797748729,0.45607589342971916,645,520517.4451612903,18.65,2.11,0.98,16.1,1.07,1.32,0.31,0.03,2.23
2020-01-16,23.91,290.0,231.6803998426531,0.45425053099434326,646,521897.54838709673,18.97,2.42,1.04,16.7,1.08,1.34,0.32,0.03,2.27
2020-01-17,24.1,198.0,230.92756378600828,0.4408653568267259,648,523277.6516129032,18.34,2.39,1.1,15.67,1.07,1.35,0.33,0.03,2.24
2020-01-18,23.24,186.0,232.9811589203582,0.45251456022050346,650,524657.7548387096,17.98,2.35,1.09,16.66,1.08,1.33,0.34,0.03,2.25
2020-01-19,22.49,217.0,228.18518651658198,0.4630413989777729,652,526037.8580645161,17.47,2.47,1.1,17.16,1.08,1.31,0.32,0.03,2.22
2020-01-20,22.77,196.0,227.04333908254662,0.46320608899341664,653,527417.9612903226,17.32,2.29,1.14,16.04,1.09,1.32,0.32,0.03,2.19
2020-01-21,21.97,174.0,231.07790005446623,0.46874790297024194,655,528798.064516129,17.05,2.29,1.22,16.71,1.07,1.3,0.33,0.04,2.21
2020-01-22,21.78,167.0,229.4913246489954,0.47507844415842937,657,530178.1677419355,16.7,2.34,1.14,15.92,1.04,1.32,0.34,0.04,2.27
2020-01-23,22.21,197.0,228.42061080852093,0.46237726609273627,658,531558.270967742,16.76,2.21,1.09,16.85,1.06,1.32,0.33,0.04,2.18
2020-01-24,22.28,179.0,229.83801618857416,0.4583635308869567,660,532938.3741935483,16.45,2.08,0.97,16.69,1.04,1.26,0.32,0.04,2.19
2020-01-25,21.86,246.0,228.05869734931014,0.4672528620347564,662,534318.4774193548,16.54,2.04,0.98,16.81,1.06,1.3,0.33,0.04,2.28
2020-01-26,22.59,281.0,227.00064442628903,0.4539923220376342,664,535698.5806451612,16.31,2.04,0.98,15.6,1.03,1.3,0.32,0.05,2.21
2020-01-27,21.85,190.0,227.22352414669572,0.4664321077966524,665,537078.6838709677,16.59,2.07,0.96,15.83,1.04,1.29,0.32,0.05,2.31
2020-01-28,21.58,141.0,226.31519819656262,0.46910762192313504,667,538458.7870967742,17.66,2.28,0.96,16.31,1.04,1.29,0.33,0.05,2.3
2020-01-29,21.27,156.0,229.99546526264828,0.4760539559190984,669,539838.8903225806,17.38,2.23,0.95,16.81,1.03,1.33,0.33,0.05,2.29
2020-01-30,22.04,229.0,225.99978307310582,0.4554762672353116,670,541218.9935483871,16.68,2.14,0.97,16.69,1.04,1.32,0.34,0.05,2.22
2020-01-31,22.95,247.0,231.91523263132416,0.4493961666279692,672,542599.0967741935,17.97,2.34,1.07,16.72,1.07,1.34,0.34,0.04,2.27
2020-02-01,22.88,313.0,234.62899597555065,0.477516220828259,720,543979.2,17.31,2.36,1.07,17.18,1.08,1.35,0.35,0.04,2.33
2020-02-02,23.1,296.0,235.13857413459212,0.45101563313506154,726,548360.375862069,18.31,2.3,1.05,16.34,1.09,1.36,0.36,0.04,2.26
2020-02-03,22.05,172.0,233.53354529774873,0.46906956400049366,732,552741.5517241379,18.09,2.36,1.04,17.18,1.1,1.36,0.37,0.04,2.23
2020-02-04,22.28,196.0,232.63302420721374,0.4924486805127546,738,557122.7275862069,18.72,2.42,1.1,16.58,1.09,1.38,0.37,0.04,2.3
2020-02-05,22.54,181.0,231.06726779230206,0.4770831280073095,744,561503.9034482759,18.73,2.64,1.08,18.06,1.11,1.4,0.38,0.04,2.26
2020-02-06,23.04,218.0,232.06220918058577,0.4746652270472937,749,565885.0793103448,19.17,2.86,1.06,17.16,1.13,1.42,0.39,0.04,2.31
2020-02-07,23.01,237.0,232.35810554345193,0.4782332591615884,755,570266.2551724138,19.59,2.92,1.1,17.38,1.13,1.43,0.41,0.04,2.24
2020-02-08,23.18,251.0,235.21496305374004,0.4661750262230955,761,574647.4310344828,19.56,2.88,1.06,17.08,1.13,1.44,0.39,0.04,2.27
2020-02-09,22.79,252.0,235.43455467804404,0.4857710025611992,767,579028.6068965517,19.31,2.94,1.04,17.88,1.16,1.43,0.4,0.04,2.24
2020-02-10,22.75,179.0,233.16260666303555,0.47457623466846677,773,583409.7827586207,19.53,3.04,1.1,17.9,1.17,1.48,0.4,0.04,2.16
2020-02-11,22.06,164.0,232.71788492495767,0.499225061978704,778,587790.9586206897,19.49,3.17,1.13,17.06,1.19,1.5,0.38,0.04,2.28
2020-02-12,21.45,140.0,232.28994647179857,0.5196249796102993,784,592172.1344827586,18.8,3.07,1.13,17.77,1.19,1.51,0.39,0.04,2.22
2020-02-13,23.57,340.0,232.50689832970227,0.48084429238588416,790,596553.3103448276,18.72,2.85,1.2,17.68,1.21,1.52,0.38,0.04,2.22
2020-02-14,23.74,206.0,233.73199543088845,0.5002943187679001,796,600934.4862068966,18.9,2.82,1.2,18.48,1.23,1.59,0.4,0.04,2.29
2020-02-15,23.06,233.0,232.92789784555794,0.49970614492934035,802,605315.6620689655,18.93,2.96,1.17,18.18,1.21,1.65,0.4,0.04,2.29
2020-02-16,24.45,360.0,234.16856430041156,0.45032774878563,807,609696.8379310345,17.95,2.81,1.12,17.6,1.2,1.77,0.41,0.04,2.2
2020-02-17,23.43,178.0,234.31579681069957,0.49323503178136935,813,614078.0137931034,18.9,2.59,1.14,16.92,1.21,1.82,0.42,0.04,2.27
2020-02-18,22.36,129.0,232.08856236383437,0.48747070806821224,819,618459.1896551724,18.26,2.61,1.13,17.01,1.23,2.03,0.42,0.05,2.21
2020-02-19,22.82,208.0,230.83489012950866,0.47828209334757527,825,622840.3655172414,18.55,2.56,1.17,17.35,1.38,2.01,0.43,0.04,2.28
2020-02-20,23.61,209.0,231.90906336238203,0.46530894754418956,831,627221.5413793104,18.26,2.6,1.18,17.86,1.45,1.94,0.45,0.04,2.25
2020-02-21,22.46,164.0,232.4749850823045,0.4785872056259713,836,631602.7172413793,18.13,2.68,1.19,17.46,1.46,1.97,0.47,0.04,2.25
2020-02-22,23.08,235.0,232.33566990438152,0.4779624227882816,842,635983.8931034483,17.87,2.6,1.13,17.73,1.48,1.86,0.48,0.04,2.29
2020-02-23,22.77,213.0,230.16627475187602,0.48135771440263336,848,640365.0689655172,17.86,2.52,1.15,16.99,1.41,1.73,0.51,0.05,2.2
2020-02-24,22.38,175.0,232.99403685548285,0.4876981379622187,854,644746.2448275862,17.71,2.37,1.07,17.11,1.43,1.68,0.51,0.06,2.26
2020-02-25,22.05,239.0,232.10992181069957,0.5143328858050978,860,649127.4206896552,17.48,2.44,1.03,16.6,1.37,1.67,0.5,0.05,2.2
2020-02-26,22.11,191.0,232.15571928709758,0.5222875932578529,865,653508.5965517241,17.62,2.51,1.13,17.07,1.27,1.63,0.51,0.05,2.23
2020-02-27,21.8,167.0,230.1479074074074,0.5293338424585361,871,657889.7724137931,17.56,2.28,1.13,16.34,1.29,1.6,0.52,0.05,2.19
2020-02-28,21.79,221.0,228.57221777414668,0.5268279653804409,877,662270.9482758621,18.12,2.25,1.13,17.5,1.26,1.61,0.52,0.04,2.33
2020-02-29,22.57,268.0,229.9607561123215,0.5073108445353012,883,666652.124137931,17.39,2.42,1.13,17.72,1.33,1.61,0.54,0.05,2.32
2020-03-01,22.04,224.0,228.43530876301136,0.5224654782760366,831,671033.3,17.48,2.36,1.12,17.16,1.3,1.73,0.53,0.05,2.28
2020-03-02,22.26,199.0,230.2732040062939,0.5028457222059038,839,677051.7161290323,17.01,2.35,1.1,17.47,1.34,1.73,0.49,0.04,2.29
2020-03-03,22.56,189.0,229.29246492979905,0.5156816079409418,846,683070.1322580646,17.33,2.4,1.15,16.64,1.37,1.79,0.48,0.04,2.4
2020-03-04,22.86,230.0,233.70145727426774,0.5129205628524999,854,689088.5483870968,17.66,2.42,1.18,15.92,1.41,1.7,0.47,0.04,2.43
2020-03-05,23.46,239.0,233.12375441781654,0.48442130080368395,861,695106.9645161291,18.2,2.42,1.22,18.29,1.37,1.63,0.45,0.04,2.45
2020-03-06,23.03,224.0,235.83538973614134,0.49755709208714644,868,701125.3806451614,18.42,2.42,1.22,18.16,1.39,1.66,0.45,0.04,2.46
2020-03-07,23.04,241.0,233.45147645848465,0.488378399530742,876,707143.7967741935,18.64,2.4,1.25,18.31,1.41,1.65,0.45,0.04,2.5
2020-03-08,22.56,224.0,235.04081139554586,0.5129753307607198,883,713162.2129032258,19.06,2.55,1.23,16.83,1.39,1.68,0.44,0.04,2.35
2020-03-09,22.6,165.0,235.08869828733967,0.49139819865990586,891,719180.6290322581,18.74,2.52,1.22,16.85,1.36,1.62,0.44,0.04,2.37
2020-03-10,22.02,192.0,230.59793506414906,0.5116139983470512,898,725199.0451612903,18.21,2.56,1.15,15.99,1.31,1.55,0.41,0.04,2.31
2020-03-11,22.69,284.0,230.25701046961993,0.4881054820305074,906,731217.4612903226,18.95,2.55,1.2,16.75,1.35,1.6,0.41,0.04,2.31
2020-03-12,23.03,249.0,230.46379953401114,0.49014120205877804,913,737235.8774193549,19.16,2.58,1.21,16.44,1.3,1.58,0.4,0.04,2.25
2020-03-13,22.6,265.0,229.44630691721133,0.4778924836261016,921,743254.2935483871,19.36,2.43,1.19,16.45,1.29,1.53,0.41,0.04,2.27
2020-03-14,23.11,289.0,229.8315730755265,0.47303118642102393,928,749272.7096774194,18.66,2.43,1.13,17.24,1.28,1.58,0.41,0.04,2.22
2020-03-15,22.75,233.0,225.8536344408134,0.4774709749264926,936,755291.1258064517,18.51,2.42,1.11,18.06,1.28,1.57,0.4,0.04,2.24
2020-03-16,22.53,239.0,220.94380301379812,0.4823623294864344,943,761309.5419354839,17.3,2.6,1.11,17.38,1.28,1.58,0.39,0.03,2.29
2020-03-17,22.08,201.0,220.48508372670057,0.483661010183199,950,767327.9580645161,17.0,2.42,1.05,17.12,1.26,1.52,0.37,0.03,2.18
2020-03-18,21.71,208.0,220.72111834301626,0.49436860575394587,958,773346.3741935483,17.11,2.39,1.09,17.75,1.25,1.52,0.36,0.03,2.27
2020-03-19,22.16,254.0,221.2252078189301,0.48405505868293647,965,779364.7903225806,17.62,2.34,1.12,16.73,1.21,1.49,0.35,0.03,2.22
2020-03-20,21.25,213.0,218.2700283526991,0.49428125366826153,973,785383.2064516129,16.77,2.21,1.08,15.68,1.18,1.4,0.34,0.03,2.24
2020-03-21,21.93,320.0,219.35518775720163,0.48834739274240563,980,791401.6225806451,16.51,2.26,1.05,16.18,1.2,1.38,0.33,0.03,2.2
2020-03-22,21.64,280.0,216.50833236504482,0.5109368482275113,988,797420.0387096774,16.45,2.25,1.02,16.56,1.17,1.37,0.35,0.03,2.16
2020-03-23,20.79,200.0,228.94467305131928,0.519899423754505,995,803438.4548387097,16.1,2.18,1.0,15.24,1.15,1.33,0.33,0.03,2.05
2020-03-24,20.21,185.0,228.35661934156383,0.5278663338136983,1003,809456.8709677419,15.07,2.01,1.01,15.53,1.13,1.31,0.31,0.03,2.15
2020-03-25,19.71,228.0,229.59435569474707,0.5308055666946366,1010,815475.2870967742,15.91,2.07,1.04,15.99,1.18,1.26,0.32,0.03,2.23
2020-03-26,20.78,273.0,229.97871166182523,0.49677110693598353,1018,821493.7032258065,17.02,2.03,1.02,15.94,1.19,1.3,0.32,0.03,2.31
2020-03-27,21.61,416.0,232.524672597434,0.4899276106890138,1025,827512.1193548387,18.35,2.09,1.02,16.89,1.24,1.43,0.34,0.03,2.37
2020-03-28,22.27,265.0,229.0712441600097,0.47715122518687075,1033,833530.5354838709,18.12,2.11,1.01,17.41,1.22,1.41,0.34,0.03,2.45
2020-03-29,21.03,285.0,228.6660984628419,0.4895470900784299,1040,839548.9516129033,17.54,2.11,1.0,16.67,1.2,1.37,0.34,0.03,2.34
2020-03-30,20.65,280.0,225.84100108932464,0.49690200554028413,1047,845567.3677419354,16.88,2.28,0.95,16.16,1.19,1.37,0.32,0.03,2.23
2020-03-31,20.9,315.0,224.06734976397968,0.5061901240967366,931,851585.7838709677,16.33,2.39,0.9,16.77,1.19,1.31,0.33,0.03,2.28
2020-04-01,20.1,256.0,214.4116836722343,0.5056466275811208,969,857604.2,15.15,2.16,0.84,16.57,1.2,1.3,0.32,0.03,2.18
2020-04-02,20.36,223.0,218.63196238804164,0.5103528588310932,965,854643.9033333333,15.14,2.13,0.93,16.31,1.18,1.31,0.33,0.03,2.09
2020-04-03,20.23,266.0,218.04471483902202,0.5130558153754883,962,851683.6066666666,15.17,2.08,0.92,15.74,1.17,1.36,0.32,0.03,2.1
2020-04-04,21.11,313.0,220.1289120975551,0.4998374225161397,959,848723.3099999999,16.92,2.13,0.89,16.0,1.19,1.36,0.32,0.03,2.2
2020-04-05,20.85,310.0,221.4442198620189,0.50353923162676,955,845763.0133333333,16.63,2.13,0.93,15.48,1.2,1.39,0.32,0.03,2.13
2020-04-06,20.87,264.0,223.99573462841926,0.5046419459582994,952,842802.7166666667,16.33,2.06,0.93,15.72,1.15,1.4,0.32,0.03,2.08
2020-04-07,20.84,227.0,222.48407416485108,0.5062055257621199,949,839842.4199999999,16.46,2.05,0.88,15.33,1.13,1.31,0.34,0.03,2.05
2020-04-08,20.32,276.0,222.8090297446139,0.5261640183816694,945,836882.1233333333,16.97,2.06,0.93,16.56,1.16,1.34,0.35,0.03,2.08
2020-04-09,20.53,284.0,221.61089497095134,0.520325148998671,942,833921.8266666667,16.79,2.14,0.94,17.1,1.2,1.38,0.35,0.03,2.09
2020-04-10,21.26,263.0,222.38478156015495,0.5107631732540047,938,830961.53,17.23,2.12,0.94,16.54,1.21,1.4,0.35,0.03,2.07
2020-04-11,21.04,220.0,227.31842801379818,0.5203167314821967,935,828001.2333333333,17.9,2.13,0.97,16.77,1.23,1.38,0.35,0.03,2.17
2020-04-12,21.14,282.0,226.67039448680703,0.5496445590005383,932,825040.9366666666,17.62,2.19,0.97,17.11,1.26,1.41,0.33,0.03,2.1
2020-04-13,21.25,274.0,228.0589576071169,0.5118021614035088,928,822080.64,16.81,2.23,0.93,17.08,1.23,1.4,0.33,0.03,2.1
2020-04-14,20.68,270.0,226.39173099733713,0.5116958217834079,925,819120.3433333334,17.35,2.21,0.99,16.43,1.23,1.38,0.32,0.03,2.08
2020-04-15,21.3,324.0,229.1181764100702,0.5137115488127069,922,816160.0466666666,18.82,2.16,0.99,16.65,1.24,1.38,0.34,0.03,2.16
2020-04-16,21.13,322.0,231.54705074437183,0.5159102146956231,918,813199.75,17.85,2.3,1.01,16.73,1.23,1.4,0.34,0.03,2.11
2020-04-17,22.11,449.0,231.76426373759384,0.4862066210428133,915,810239.4533333334,17.62,2.27,1.03,16.23,1.26,1.44,0.35,0.03,2.06
2020-04-18,22.46,404.0,231.5190033284919,0.48867314651624416,912,807279.1566666667,18.83,2.35,1.01,16.19,1.25,1.45,0.35,0.03,2.11
2020-04-19,22.05,297.0,232.53232837085451,0.5079568545577978,908,804318.86,18.68,2.3,0.98,15.71,1.25,1.39,0.35,0.03,2.1
2020-04-20,21.23,287.0,233.93847778988143,0.5246257380441584,905,801358.5633333334,18.74,2.27,0.99,15.96,1.26,1.37,0.34,0.03,2.12
2020-04-21,22.38,326.0,231.11245206971677,0.48995648267136804,902,798398.2666666667,18.37,2.26,0.99,14.5,1.27,1.35,0.35,0.03,2.07
2020-04-22,22.48,436.0,231.1631938997822,0.4953758959227989,898,795437.97,18.34,2.25,0.97,15.88,1.24,1.33,0.34,0.03,2.02
2020-04-23,23.04,416.0,232.39816615226337,0.4826306360076885,895,792477.6733333333,17.68,2.2,0.98,16.03,1.2,1.31,0.33,0.03,1.98
2020-04-24,23.37,340.0,231.59400759501332,0.4698902377915217,892,789517.3766666667,18.59,2.38,1.01,16.96,1.22,1.39,0.35,0.03,2.13
2020-04-25,24.03,394.0,229.25408817477614,0.44886787034689146,888,786557.0800000001,18.99,2.58,1.0,17.32,1.25,1.37,0.36,0.03,2.1
2020-04-26,22.69,320.0,232.78846329581214,0.4975939519770953,885,783596.7833333333,18.66,2.46,1.04,17.34,1.25,1.37,0.34,0.03,2.17
2020-04-27,24.58,494.0,234.39677317840713,0.46242117755472006,882,780636.4866666667,18.74,2.6,0.98,16.55,1.23,1.39,0.32,0.03,2.16
2020-04-28,25.72,399.0,235.30529384531596,0.4452491136739472,878,777676.1900000001,18.6,2.59,1.03,16.94,1.23,1.4,0.33,0.03,2.14
2020-04-29,27.77,373.0,236.11372043694013,0.4152525723063139,875,774715.8933333333,18.51,2.67,1.08,17.24,1.27,1.46,0.35,0.03,2.15
2020-04-30,27.22,292.0,238.649642580489,0.43391192230005304,872,771755.5966666667,18.87,2.65,1.1,17.14,1.3,1.46,0.36,0.03,2.19
2020-05-01,28.7,324.0,238.50605979181796,0.4024525119900933,840,768795.3,19.09,2.68,1.12,17.43,1.34,1.49,0.38,0.03,2.17
2020-05-02,28.45,285.0,236.84548054345194,0.430103457279581,837,765661.5,20.05,2.76,1.08,17.19,1.38,1.49,0.42,0.03,2.22
2020-05-03,28.94,279.0,240.96170760711695,0.4248713902262125,833,762527.7000000001,20.83,2.62,1.04,17.49,1.33,1.46,0.43,0.03,2.26
2020-05-04,27.37,264.0,240.71033372670055,0.4584919609038155,830,759393.9,21.2,2.65,1.06,17.15,1.41,1.48,0.43,0.03,2.2
2020-05-05,26.88,249.0,243.08437962962958,0.46386222782711384,827,756260.1000000001,22.25,2.63,1.1,17.32,1.37,1.5,0.45,0.03,2.31
2020-05-06,27.22,300.0,240.96147736625517,0.4537969846369143,823,753126.3,23.27,2.71,1.11,17.44,1.38,1.53,0.47,0.03,2.36
2020-05-07,25.76,263.0,242.79752027354152,0.47880908362553337,820,749992.5,22.72,2.62,1.09,17.2,1.39,1.5,0.45,0.03,2.36
2020-05-08,25.92,284.0,244.94350251149842,0.47945540901893663,816,746858.7000000001,22.77,2.79,1.15,17.51,1.39,1.57,0.46,0.03,2.39
2020-05-09,25.86,340.0,246.57762442507877,0.4894143462009018,813,743724.9,21.61,2.8,1.19,18.21,1.43,1.64,0.45,0.03,2.42
2020-05-10,26.8,270.0,243.8747468530622,0.46149303216464993,809,740591.1,21.93,2.79,1.16,17.97,1.47,1.73,0.46,0.04,2.48
2020-05-11,25.25,235.0,243.33986374364562,0.49078837559104554,806,737457.3,21.18,2.76,1.17,17.38,1.47,1.86,0.44,0.03,2.38
2020-05-12,24.89,245.0,245.6722736625515,0.48752472126522617,803,734323.5,21.77,2.57,1.14,16.86,1.47,1.94,0.45,0.03,2.45
2020-05-13,25.18,259.0,242.4245429375454,0.49823915766498067,799,731189.7000000001,21.27,2.69,1.13,17.24,1.46,1.85,0.45,0.03,2.53
2020-05-14,25.29,224.0,245.27693261316873,0.49629547817505754,796,728055.9,21.52,2.64,1.18,17.43,1.45,1.8,0.45,0.03,2.67
2020-05-15,26.29,278.0,246.17920328007747,0.4593560377156419,792,724922.1,21.64,2.59,1.2,17.16,1.47,1.76,0.45,0.03,3.24
2020-05-16,25.89,244.0,245.03006841563786,0.4682962432034327,789,721788.3,21.89,2.71,1.21,16.79,1.5,1.83,0.46,0.03,3.1
2020-05-17,26.44,311.0,245.30124055918665,0.45863468201451263,785,718654.5,22.68,2.69,1.24,16.94,1.49,1.81,0.46,0.03,2.95
2020-05-18,26.79,207.0,248.02726110505932,0.4577917174570905,782,715520.7000000001,21.87,2.67,1.24,16.89,1.49,1.81,0.47,0.03,2.97
2020-05-19,26.56,182.0,248.21926382837086,0.4690838112551878,779,712386.9,22.87,2.64,1.25,16.92,1.52,1.85,0.47,0.03,2.97
2020-05-20,27.06,249.0,249.12314624183006,0.4713123582262066,775,709253.1,23.51,2.72,1.32,17.23,1.44,1.82,0.47,0.04,2.97
2020-05-21,27.41,242.0,248.70848580852092,0.4601481934363697,772,706119.3,23.8,2.78,1.31,17.54,1.57,1.86,0.48,0.04,2.84
2020-05-22,26.56,243.0,245.34897052771728,0.47819881839037315,768,702985.5,23.25,2.75,1.34,16.91,1.57,1.9,0.49,0.04,2.82
2020-05-23,27.73,311.0,250.35510421205515,0.46027936979620876,765,699851.7,24.67,2.78,1.36,17.78,1.59,1.95,0.48,0.04,2.93
2020-05-24,26.92,248.0,248.28249092229487,0.48357407846651423,761,696717.9,25.33,2.76,1.33,17.36,1.52,1.98,0.46,0.04,2.9
2020-05-25,26.4,255.0,249.2775573408376,0.4716970758152459,758,693584.1,24.18,2.7,1.3,17.11,1.54,1.99,0.45,0.04,2.75
2020-05-26,25.84,236.0,242.4931818566933,0.47305763955272556,755,690450.3,23.42,2.63,1.21,16.89,1.49,1.89,0.43,0.04,2.76
2020-05-27,25.21,202.0,242.3643276143791,0.4760563339101954,751,687316.5,23.9,2.66,1.22,17.93,1.53,1.84,0.44,0.03,2.92
2020-05-28,25.71,238.0,242.5663900689906,0.4754501126695885,748,684182.7,24.38,2.84,1.21,18.1,1.53,1.81,0.47,0.03,2.93
2020-05-29,26.59,321.0,241.04888949406924,0.45837153477973275,744,681048.9,24.76,2.82,1.22,18.33,1.54,1.97,0.47,0.04,3.08
2020-05-30,27.65,314.0,245.46470697167754,0.4398054649052716,741,677915.1,25.26,2.89,1.3,18.03,1.56,2.01,0.49,0.03,2.92
2020-05-31,26.19,271.0,248.08108245582184,0.4972030559745239,738,674781.3,24.92,2.89,1.3,17.42,1.56,2.09,0.47,0.04,3.02
2020-06-01,26.7,229.0,249.32943442870976,0.45924360552355753,759,671647.5,23.55,2.79,1.3,17.15,1.59,2.39,0.48,0.04,2.97
2020-06-02,27.78,307.0,247.34356242435246,0.4570132637779712,757,670122.61,23.54,2.82,1.29,17.24,1.61,2.28,0.49,0.04,2.94
2020-06-03,27.03,199.0,249.71234701040916,0.4719642855493642,755,668597.72,23.68,2.84,1.33,17.82,1.62,2.48,0.47,0.03,3.05
2020-06-04,27.49,209.0,250.28366176470593,0.44337097546151744,753,667072.83,23.89,2.98,1.36,18.01,1.64,2.53,0.46,0.04,2.96
2020-06-05,27.5,258.0,251.6263810215445,0.4385732033737374,752,665547.9400000001,23.87,2.9,1.38,18.17,1.62,2.6,0.46,0.04,3.17
2020-06-06,27.81,235.0,253.29971502057614,0.4368308670880697,750,664023.05,24.94,2.9,1.37,18.17,1.67,2.61,0.45,0.04,3.18
2020-06-07,28.29,262.0,251.36791364076493,0.4413909753535681,748,662498.16,24.16,2.99,1.39,18.07,1.78,2.52,0.45,0.04,3.23
2020-06-08,27.82,245.0,250.89620185790366,0.4622321357389861,747,660973.27,24.51,3.04,1.37,17.59,1.74,2.42,0.45,0.04,3.24
2020-06-09,28.56,205.0,251.01651358629871,0.4387060447106285,745,659448.38,23.78,3.05,1.38,17.76,1.76,2.33,0.46,0.04,3.52
2020-06-10,27.7,182.0,250.08937161099004,0.4518505017835641,743,657923.49,23.87,2.89,1.39,18.11,1.82,2.42,0.47,0.04,3.55
2020-06-11,27.27,169.0,249.2761095073832,0.4803022160401463,741,656398.6,24.36,2.93,1.46,18.67,1.91,2.42,0.46,0.04,3.37
2020-06-12,28.07,281.0,248.61216684822082,0.4775338756554752,740,654873.71,24.47,2.9,1.43,17.93,1.87,2.53,0.46,0.04,3.75
2020-06-13,29.0,297.0,249.0065365831518,0.4657962419191919,738,653348.8200000001,24.89,2.99,1.42,18.54,1.87,2.43,0.46,0.04,3.69
2020-06-14,29.33,282.0,249.39728162067294,0.4251008730447739,736,651823.93,24.96,2.91,1.38,17.75,1.84,2.44,0.45,0.04,3.38
2020-06-15,29.65,239.0,245.26825196683617,0.426675716631321,734,650299.04,24.84,2.98,1.36,17.64,1.89,2.46,0.46,0.04,3.24
2020-06-16,28.35,190.0,246.71223426531108,0.4538468196650459,733,648774.15,25.47,2.87,1.36,18.13,1.89,2.39,0.45,0.04,3.18
2020-06-17,28.47,196.0,248.97957141128063,0.4606049642591559,731,647249.26,24.23,2.95,1.4,18.57,1.87,2.39,0.45,0.04,3.2
2020-06-18,28.94,179.0,249.2599456548052,0.44015810348957113,729,645724.37,25.02,2.89,1.38,18.51,1.88,2.37,0.44,0.04,3.28
2020-06-19,29.46,217.0,246.18589327644642,0.4230207258125687,728,644199.48,24.34,2.91,1.41,18.57,1.92,2.41,0.45,0.04,3.39
2020-06-20,30.25,246.0,245.02969704671995,0.4240515464191534,726,642674.5900000001,24.77,2.87,1.34,18.43,1.89,2.39,0.44,0.04,3.52
2020-06-21,29.62,208.0,240.69614890462356,0.4668756260000377,724,641149.7000000001,25.26,2.94,1.36,18.38,1.85,2.35,0.45,0.04,3.33
2020-06-22,28.63,177.0,241.49418315783103,0.45646964733424833,722,639624.81,24.68,2.83,1.32,18.89,1.8,2.2,0.44,0.04,3.22
2020-06-23,27.93,170.0,240.56296220648758,0.47732646656260275,721,638099.92,25.13,2.94,1.44,18.53,1.73,2.19,0.43,0.04,3.21
2020-06-24,28.33,214.0,240.19030625151288,0.46448381192561355,719,636575.03,26.44,2.95,1.34,18.39,1.76,2.16,0.43,0.04,3.25
2020-06-25,28.05,245.0,239.10466203703706,0.4613121169369637,717,635050.14,26.99,2.88,1.27,17.95,1.64,2.11,0.41,0.03,2.96
2020-06-26,28.67,243.0,239.0219201464536,0.44920542470907343,716,633525.25,25.51,2.88,1.23,17.83,1.65,2.04,0.41,0.04,2.99
2020-06-27,29.09,257.0,240.32569329460173,0.450183716802402,714,632000.36,25.88,2.88,1.21,18.15,1.69,2.04,0.44,0.04,2.96
2020-06-28,28.55,172.0,237.2900418482208,0.4496092079661347,712,630475.4700000001,26.46,2.91,1.24,18.55,1.66,2.06,0.43,0.04,2.86
2020-06-29,28.19,214.0,235.6130295933188,0.4629058620688803,710,628950.5800000001,26.67,2.82,1.19,16.8,1.63,2.07,0.42,0.04,2.88
2020-06-30,30.16,271.0,238.1679223553619,0.43331962747963415,709,627425.6900000001,27.39,2.87,1.22,16.53,1.63,2.03,0.43,0.04,2.83
2020-07-01,29.65,212.0,237.9671587388042,0.43732781747961724,684,625900.8,29.34,2.87,1.26,18.32,1.66,2.1,0.44,0.04,3.01
2020-07-02,30.99,267.0,238.42390707455823,0.4354242501990645,685,626354.2483870968,31.09,2.91,1.37,18.37,1.67,2.19,0.43,0.04,3.0
2020-07-03,31.64,284.0,239.84683602638586,0.4360569562629813,685,626807.6967741936,30.38,2.86,1.35,18.27,1.7,2.06,0.44,0.04,2.84
2020-07-04,32.63,224.0,242.4452549019608,0.42524519401745897,686,627261.1451612903,32.04,3.0,1.4,18.34,1.7,2.12,0.45,0.04,2.8
2020-07-05,31.89,212.0,246.4638748487049,0.4348154405086045,686,627714.5935483872,32.15,2.86,1.38,17.34,1.75,2.14,0.44,0.04,2.81
2020-07-06,30.29,151.0,241.85873653473732,0.4554853651935642,687,628168.0419354839,28.7,2.85,1.36,17.43,1.75,2.16,0.43,0.04,2.82
2020-07-07,29.61,157.0,243.95392919389977,0.46659592308400105,687,628621.4903225807,28.77,2.84,1.35,17.79,1.74,2.17,0.44,0.04,2.79
2020-07-08,29.86,186.0,243.47712018881626,0.4971661899955987,688,629074.9387096774,28.0,2.86,1.35,18.5,1.69,2.16,0.45,0.04,2.95
2020-07-09,29.19,174.0,245.10935754054702,0.46121053719269056,688,629528.3870967742,27.61,2.92,1.37,18.28,1.78,2.17,0.46,0.05,3.07
2020-07-10,30.62,175.0,244.63980195473252,0.48912459689741616,689,629981.8354838709,27.83,2.88,1.46,18.33,1.83,2.28,0.47,0.05,2.97
2020-07-11,31.23,233.0,243.21603706729607,0.44171649446585626,689,630435.2838709678,27.32,2.99,1.42,18.2,1.84,2.3,0.48,0.05,3.0
2020-07-12,31.88,227.0,245.19230437545386,0.4345078153524777,690,630888.7322580646,27.53,3.06,1.36,18.14,1.89,2.35,0.48,0.05,3.0
2020-07-13,31.6,181.0,247.1882136286613,0.4390672294277082,690,631342.1806451613,27.75,3.08,1.44,18.53,1.91,2.31,0.48,0.05,3.05
2020-07-14,31.2,172.0,248.63300266279353,0.45105696355318764,691,631795.6290322581,27.49,3.0,1.47,18.67,1.94,2.33,0.48,0.05,3.1
2020-07-15,31.59,146.0,250.9053934882595,0.44081761333635566,691,632249.0774193548,28.48,3.01,1.46,19.0,2.03,2.28,0.48,0.05,3.03
2020-07-16,30.98,178.0,250.2397190147664,0.46535126633946994,692,632702.5258064516,29.15,3.08,1.47,18.45,2.07,2.34,0.5,0.04,3.15
2020-07-17,31.6,189.0,252.36876252723312,0.4353704345885541,692,633155.9741935484,29.8,3.16,1.47,19.08,2.04,2.4,0.5,0.05,3.19
2020-07-18,32.53,180.0,253.12727127208908,0.42290092350712377,693,633609.4225806452,31.45,3.17,1.53,19.2,2.04,2.51,0.53,0.05,3.11
2020-07-19,31.81,177.0,254.09085039941897,0.43670541651652045,693,634062.8709677419,31.52,3.16,1.66,19.09,2.04,2.49,0.57,0.05,3.03
2020-07-20,32.46,251.0,251.50039224763984,0.43290778927648915,694,634516.3193548387,29.7,3.17,1.86,19.21,2.18,2.51,0.6,0.05,3.06
2020-07-21,32.1,164.0,251.7007505144033,0.44843088543308807,694,634969.7677419354,28.86,3.28,1.76,18.8,2.0,2.46,0.65,0.05,3.13
2020-07-22,31.15,158.0,257.5230337690632,0.4646116475257778,695,635423.2161290322,29.88,3.2,1.7,18.4,2.07,2.48,0.68,0.05,3.03
2020-07-23,30.83,151.0,256.33707973251035,0.46654679562047113,695,635876.6645161291,29.3,3.33,1.84,17.83,2.03,2.43,0.65,0.05,3.0
2020-07-24,31.08,172.0,255.79062336601314,0.46187408572021577,695,636330.1129032258,28.88,3.24,1.76,18.38,2.05,2.46,0.65,0.05,2.94
2020-07-25,30.51,149.0,257.81976022754776,0.4971457901944314,696,636783.5612903226,29.49,3.43,1.77,18.51,2.05,2.4,0.64,0.06,3.06
2020-07-26,31.2,135.0,259.3570593681917,0.4692504775514791,696,637237.0096774193,29.09,3.53,1.71,18.82,2.07,2.45,0.63,0.06,3.26
2020-07-27,31.08,149.0,258.90860481723547,0.44888926753614167,697,637690.4580645161,29.38,3.7,1.65,19.11,2.06,2.43,0.61,0.06,3.23
2020-07-28,31.13,169.0,257.636549231421,0.4501082638945206,697,638143.9064516128,30.34,3.77,1.71,19.5,2.07,2.4,0.62,0.06,3.1
2020-07-29,31.75,158.0,258.1408620793997,0.44656049584383983,698,638597.3548387097,29.44,3.74,1.82,19.07,2.04,2.42,0.58,0.06,3.03
2020-07-30,31.35,171.0,258.3164523117889,0.44972763603464483,698,639050.8032258064,31.01,3.68,1.91,19.85,2.05,2.45,0.58,0.06,3.11
2020-07-31,31.47,200.0,258.2404206003389,0.449048386898868,699,639504.2516129032,30.17,3.94,1.96,20.24,2.13,2.45,0.59,0.06,3.19
2020-08-01,32.03,174.0,261.4062467017671,0.4464591370393773,699,639957.7,30.93,3.94,1.92,19.99,2.13,2.45,0.59,0.06,3.23
2020-08-02,31.86,185.0,261.1922472766885,0.4444591093325573,698,638889.7193548387,30.92,3.85,1.9,20.35,2.17,2.45,0.57,0.06,3.11
2020-08-03,30.69,149.0,261.5016715686275,0.4587209806623025,697,637821.7387096774,30.31,3.71,1.87,20.18,2.08,2.43,0.59,0.05,3.07
2020-08-04,30.87,137.0,260.07455525296547,0.4615386430880577,696,636753.7580645161,29.77,3.82,1.75,19.64,2.08,2.42,0.59,0.05,3.05
2020-08-05,30.37,195.0,264.45851413096096,0.46484272197638066,695,635685.7774193548,29.6,3.63,1.74,19.48,2.03,2.4,0.59,0.05,2.96
2020-08-06,31.31,170.0,265.85217365649964,0.4565311011378201,655,634617.7967741935,29.71,3.65,1.69,19.39,2.1,2.43,0.59,0.05,3.35
2020-08-07,30.21,199.0,262.21252747518764,0.47003596726513064,654,633549.8161290322,27.84,3.5,1.68,19.23,2.1,2.45,0.56,0.06,3.1
2020-08-08,28.95,126.0,260.951779895909,0.496491796360264,653,632481.8354838709,27.98,3.46,1.64,18.45,2.09,2.33,0.55,0.05,2.94
2020-08-09,28.78,158.0,259.68648523359957,0.49971953801441527,652,631413.8548387097,27.71,3.43,1.64,19.53,2.06,2.29,0.57,0.05,2.76
2020-08-10,28.87,184.0,261.72877674897114,0.49784038464176356,651,630345.8741935483,27.87,3.31,1.67,19.91,2.02,2.25,0.61,0.05,2.75
2020-08-11,28.21,138.0,260.76357573832,0.5093744244817106,650,629277.8935483871,27.65,3.22,1.6,19.48,1.98,2.32,0.58,0.06,2.8
2020-08-12,28.05,142.0,262.2941415516824,0.5116993874423449,648,628209.9129032257,27.69,3.32,1.54,18.7,2.05,2.4,0.56,0.05,2.88
2020-08-13,28.83,162.0,259.14733439239893,0.49881094993664704,647,627141.9322580645,27.36,3.32,1.57,18.77,2.02,2.34,0.56,0.06,2.95
2020-08-14,29.13,171.0,257.3548119704672,0.4860076449836654,646,626073.9516129033,27.39,3.28,1.57,20.11,1.96,2.23,0.56,0.05,2.85
2020-08-15,28.47,154.0,256.0177160191237,0.4991329290246671,645,625005.9709677419,28.96,3.05,1.52,18.71,1.95,2.27,0.56,0.05,2.81
2020-08-16,28.42,147.0,253.9869455942871,0.49238331547199027,644,623937.9903225807,28.61,3.17,1.53,19.43,2.05,2.32,0.57,0.05,2.81
2020-08-17,27.59,142.0,252.63164548535462,0.5004687878284338,643,622870.0096774193,28.03,3.12,1.51,19.11,1.99,2.26,0.56,0.05,2.83
2020-08-18,27.61,147.0,249.4079064391189,0.5089799398040519,642,621802.0290322581,27.99,2.99,1.53,14.03,1.98,2.13,0.56,0.05,2.67
2020-08-19,28.41,199.0,251.63728706729603,0.4838969094585453,641,620734.0483870967,27.31,3.1,1.47,19.1,1.88,2.14,0.55,0.05,2.58
2020-08-20,27.39,151.0,257.4747536008231,0.5284802735383275,640,619666.0677419355,26.21,3.5,1.54,19.17,1.84,2.12,0.54,0.05,2.65
2020-08-21,27.45,140.0,254.5183985112564,0.5223997936763294,639,618598.0870967743,25.98,3.49,1.47,19.27,1.86,2.23,0.53,0.04,2.6
2020-08-22,27.2,159.0,256.8411162854031,0.5160264659448016,637,617530.1064516129,26.98,3.42,1.5,19.52,1.84,2.21,0.52,0.04,2.62
2020-08-23,25.91,163.0,256.82088843500367,0.5318667230621953,636,616462.1258064517,25.27,3.32,1.51,17.95,1.74,2.11,0.52,0.04,2.59
2020-08-24,26.04,193.0,252.1191311123214,0.5201228833083816,635,615394.1451612903,26.19,3.3,1.46,19.54,1.67,1.99,0.52,0.04,2.54
2020-08-25,26.74,203.0,254.52638755749211,0.5077490754492602,634,614326.1645161291,26.26,3.1,1.46,19.68,1.69,1.94,0.51,0.04,2.44
2020-08-26,26.37,178.0,253.6475491709029,0.5115370564075112,633,613258.1838709677,25.72,3.01,1.48,19.26,1.71,2.01,0.5,0.04,2.54
2020-08-27,26.37,190.0,254.39512950859358,0.5119405380126166,632,612190.2032258065,25.53,3.1,1.51,18.61,1.74,2.05,0.49,0.04,2.54
2020-08-28,26.78,168.0,253.19557616194626,0.5007367394927761,631,611122.2225806452,26.36,3.22,1.55,19.69,1.71,2.07,0.49,0.04,2.55
2020-08-29,27.74,267.0,253.7227785342532,0.4869239930580609,630,610054.2419354839,26.07,3.11,1.58,17.87,1.77,1.98,0.5,0.04,2.44
2020-08-30,26.68,218.0,251.2891876059066,0.507841644819511,629,608986.2612903226,24.91,2.91,1.5,19.09,1.7,2.0,0.48,0.04,2.41
2020-08-31,26.94,213.0,250.84460109537648,0.49601441181859357,628,607918.2806451613,25.1,2.98,1.53,20.01,1.71,1.96,0.49,0.04,2.56
2020-09-01,27.35,177.0,258.01992471556525,0.5032713680726867,647,606850.3,25.74,2.97,1.57,19.6,1.72,1.98,0.49,0.04,2.49
2020-09-02,27.19,142.0,254.29556962599852,0.49976632918950364,648,607077.5133333334,25.57,3.01,1.61,19.98,1.82,2.02,0.47,0.04,2.51
2020-09-03,27.54,190.0,250.79080265068987,0.48680427535508214,648,607304.7266666667,26.06,3.04,1.66,18.74,1.81,1.99,0.45,0.04,2.49
2020-09-04,26.86,196.0,251.8156558641975,0.5030462814357816,648,607531.9400000001,25.46,2.99,1.65,19.14,1.83,1.91,0.46,0.04,2.5
2020-09-05,28.82,320.0,249.0102986262406,0.48542939441106464,648,607759.1533333333,25.82,3.02,1.53,18.9,1.75,2.01,0.5,0.04,2.66
2020-09-06,28.34,225.0,251.53507446744135,0.4627699318181818,649,607986.3666666667,26.3,3.04,1.45,19.18,1.72,2.01,0.48,0.04,2.48
2020-09-07,27.99,172.0,246.86920642701523,0.46591996030740335,649,608213.5800000001,26.14,3.06,1.42,20.01,1.73,2.0,0.48,0.03,2.46
2020-09-08,28.29,212.0,248.66560052045511,0.48760771682315196,649,608440.7933333333,24.85,2.95,1.54,16.89,1.71,1.94,0.5,0.04,2.36
2020-09-09,27.24,147.0,246.56943942144764,0.49215886215891264,649,608668.0066666667,25.9,2.92,1.64,17.98,1.64,1.83,0.51,0.04,2.39
2020-09-10,26.85,152.0,245.83735000605176,0.48733524110267923,649,608895.22,26.25,2.98,1.68,17.78,1.74,1.82,0.5,0.04,2.43
2020-09-11,26.36,148.0,246.79372046719925,0.5194327612586364,650,609122.4333333333,25.29,2.91,1.64,19.19,1.74,1.89,0.48,0.04,2.48
2020-09-12,26.72,222.0,246.10418515492609,0.488692165852571,650,609349.6466666667,25.77,3.01,1.52,18.57,1.69,1.95,0.48,0.03,2.58
2020-09-13,26.74,229.0,245.97443805979188,0.49361985185041246,650,609576.86,26.13,2.88,1.48,18.5,1.63,1.98,0.48,0.03,2.58
2020-09-14,27.14,220.0,246.54956841563796,0.5139028990768004,650,609804.0733333334,25.73,2.77,1.52,18.18,1.66,1.99,0.51,0.03,2.58
2020-09-15,27.29,200.0,243.16355661462123,0.49094822061501214,651,610031.2866666666,24.36,2.96,1.72,18.35,1.7,1.95,0.5,0.03,2.52
2020-09-16,26.39,195.0,248.19613177801983,0.514584668489149,651,610258.5,25.01,2.93,1.83,18.15,1.72,1.96,0.49,0.03,2.5
2020-09-17,27.53,186.0,250.11019429314933,0.4862525971881653,651,610485.7133333334,25.86,2.86,1.67,19.02,1.74,1.89,0.5,0.03,2.49
2020-09-18,27.74,214.0,250.43367311183727,0.4867837447465729,651,610712.9266666666,25.76,2.96,1.64,18.22,1.75,1.92,0.5,0.03,2.64
2020-09-19,27.29,206.0,252.1195124061971,0.4994686531147325,652,610940.14,25.78,3.05,1.66,17.68,1.74,1.95,0.47,0.03,2.73
2020-09-20,27.46,253.0,248.835815177923,0.4974288641724319,652,611167.3533333333,25.54,2.94,1.64,18.49,1.74,1.95,0.48,0.03,2.65
2020-09-21,27.53,205.0,248.5897533284919,0.49543108402203856,652,611394.5666666667,25.82,2.98,1.62,18.4,1.76,1.96,0.47,0.03,2.66
2020-09-22,26.99,136.0,253.54466215807304,0.49961787885467096,652,611621.78,24.59,3.09,1.71,19.06,1.76,1.96,0.49,0.03,2.67
2020-09-23,26.93,155.0,256.34457038247393,0.4972918266147715,653,611848.9933333333,24.94,3.16,1.69,18.34,1.8,1.96,0.5,0.03,2.65
2020-09-24,27.23,204.0,253.45536325950135,0.5054892721029671,653,612076.2066666667,24.86,2.98,1.64,19.11,1.83,2.01,0.5,0.03,2.68
2020-09-25,27.39,257.0,254.35936604333094,0.4882750709140586,653,612303.4199999999,25.15,3.07,1.7,18.79,1.84,2.04,0.49,0.03,2.62
2020-09-26,27.78,172.0,254.78090774025662,0.4848130416416477,653,612530.6333333333,25.53,2.93,1.66,17.69,1.86,2.0,0.48,0.03,2.76
2020-09-27,27.8,240.0,253.79278041031225,0.4867485093909391,654,612757.8466666667,24.95,2.94,1.72,18.24,1.87,1.99,0.48,0.03,2.74
2020-09-28,27.68,232.0,253.84538135439365,0.48703920606161016,654,612985.0599999999,24.76,3.05,1.71,19.73,1.89,1.93,0.49,0.03,2.73
2020-09-29,28.18,174.0,252.68873789639306,0.48930067798338667,654,613212.2733333333,25.29,3.13,1.78,18.71,1.91,1.95,0.48,0.03,2.65
2020-09-30,28.6,193.0,253.28524273783586,0.4796965484945923,654,613439.4866666666,26.34,2.97,1.74,19.13,1.89,2.02,0.47,0.03,2.8
2020-10-01,28.93,178.0,252.30052363229237,0.5582797139193397,633,613666.7,26.1,3.03,1.79,19.54,1.93,2.03,0.49,0.03,2.79
2020-10-02,27.96,186.0,253.34022379569117,0.5850472086417358,635,615443.729032258,25.27,3.14,1.69,19.3,1.93,2.03,0.5,0.03,2.87
2020-10-03,28.15,211.0,256.79693842290004,0.5817610876192596,637,617220.7580645161,25.1,3.28,1.78,18.83,1.93,1.99,0.49,0.03,2.64
2020-10-04,28.65,237.0,255.624200677802,0.5792629851354638,639,618997.7870967742,25.38,3.14,1.61,19.11,1.96,2.03,0.47,0.03,2.8
2020-10-05,28.95,204.0,257.92467150810944,0.5661067133810281,641,620774.8161290322,25.65,3.31,1.57,19.64,1.98,2.09,0.46,0.03,2.73
2020-10-06,28.23,199.0,258.61717280924717,0.49854094992801434,643,622551.8451612903,24.98,3.13,1.52,19.26,1.91,1.96,0.47,0.03,2.77
2020-10-07,29.06,200.0,257.3774950980392,0.49207298606310257,644,624328.8741935483,25.65,3.13,1.64,18.58,1.97,2.05,0.47,0.03,2.87
2020-10-08,29.44,218.0,260.1761218228032,0.48591174334690046,646,626105.9032258064,25.7,3.26,1.57,19.73,1.94,2.04,0.47,0.03,2.81
2020-10-09,28.11,175.0,256.12855970104096,0.5030761748190827,648,627882.9322580645,25.67,3.22,1.61,19.68,1.96,1.99,0.47,0.03,2.88
2020-10-10,28.32,201.0,256.5651533526991,0.5038195137258372,650,629659.9612903226,25.05,3.14,1.59,20.38,1.99,2.06,0.47,0.03,2.92
2020-10-11,29.12,219.0,260.01461982570805,0.49376067288635883,652,631436.9903225806,25.35,3.42,1.65,21.12,2.04,2.09,0.45,0.03,2.79
2020-10-12,27.7,134.0,257.8315993706124,0.5194942308047361,654,633214.0193548386,25.61,3.32,1.61,21.22,2.05,2.07,0.47,0.03,2.72
2020-10-13,28.2,158.0,259.4206994069232,0.5366670865659856,655,634991.0483870967,26.09,3.28,1.6,23.07,2.12,2.08,0.47,0.03,2.77
2020-10-14,27.49,140.0,258.52864497095135,0.5261117371876485,657,636768.0774193548,26.53,3.27,1.63,24.1,2.13,2.19,0.47,0.03,2.74
2020-10-15,27.91,162.0,258.3982519063181,0.5167431957440235,659,638545.1064516129,26.48,3.37,1.57,22.83,2.09,2.2,0.47,0.03,2.78
2020-10-16,28.85,217.0,259.10437427378355,0.506590281762602,661,640322.135483871,26.04,3.3,1.59,24.15,2.1,2.19,0.46,0.03,2.74
2020-10-17,27.99,181.0,260.82013728516097,0.5183342816149359,663,642099.164516129,26.36,3.35,1.59,22.81,2.05,2.22,0.47,0.03,2.8
2020-10-18,27.67,154.0,259.4936077523602,0.5290157752910275,665,643876.193548387,26.26,3.28,1.63,22.58,2.07,2.24,0.47,0.03,2.8
2020-10-19,27.45,145.0,258.1685786734447,0.5330072851773157,666,645653.2225806451,26.19,3.31,1.62,23.3,2.02,2.21,0.46,0.03,2.86
2020-10-20,27.79,132.0,259.41222630718954,0.5262411619571415,668,647430.2516129032,27.34,3.27,1.6,22.16,1.97,2.21,0.47,0.03,2.84
2020-10-21,28.6,248.0,261.8315278080368,0.5126573235944655,670,649207.2806451613,27.83,3.19,1.65,23.49,1.95,2.21,0.46,0.03,2.78
2020-10-22,28.84,200.0,260.5068148753328,0.5075981547978187,672,650984.3096774194,27.13,3.14,1.55,24.03,1.95,2.2,0.47,0.03,2.87
2020-10-23,29.14,227.0,261.20660133744855,0.508784492946213,674,652761.3387096773,26.97,3.17,1.55,24.8,1.99,2.22,0.47,0.03,2.93
2020-10-24,29.47,246.0,259.7758244674413,0.5001233014189438,676,654538.3677419354,26.43,3.16,1.6,22.52,2.02,2.24,0.47,0.03,2.92
2020-10-25,29.48,232.0,260.4917528443476,0.49914030823715577,677,656315.3967741935,26.92,3.27,1.63,24.65,2.07,2.25,0.46,0.03,2.83
2020-10-26,28.81,220.0,257.13864624183003,0.5200993278360094,679,658092.4258064516,27.4,3.14,1.55,23.49,2.07,2.24,0.47,0.03,2.91
2020-10-27,29.12,258.0,257.1713393851368,0.5004450724321009,681,659869.4548387097,26.33,3.16,1.61,23.07,2.06,2.23,0.47,0.03,2.95
2020-10-28,28.48,173.0,257.99165477487287,0.5167890137087466,683,661646.4838709678,26.58,3.19,1.59,23.56,2.1,2.22,0.47,0.03,2.89
2020-10-29,28.43,142.0,253.1475501997095,0.5227631289617808,685,663423.5129032257,26.64,3.16,1.57,25.08,2.09,2.22,0.47,0.03,2.88
2020-10-30,29.11,289.0,256.5949073468894,0.4979146313259135,687,665200.5419354838,26.36,3.11,1.47,23.73,1.99,2.18,0.47,0.03,2.96
2020-10-31,28.69,231.0,258.252645999758,0.50458426602835,688,666977.5709677419,25.76,3.2,1.46,23.71,1.99,2.1,0.47,0.03,2.86
2020-11-01,28.14,194.0,258.66390111353184,0.5294952148632209,713,668754.6,25.79,3.07,1.53,23.91,1.93,2.07,0.47,0.03,2.82
2020-11-02,28.22,161.0,258.7177600762528,0.5426944743479719,715,670389.5733333334,25.14,3.06,1.52,22.83,1.99,2.11,0.46,0.03,2.87
2020-11-03,28.53,191.0,255.5469256838538,0.5283219364520161,717,672024.5466666666,25.43,3.05,1.64,23.15,1.99,2.03,0.46,0.03,2.91
2020-11-04,28.56,205.0,254.793052892762,0.5103307002526879,719,673659.52,25.5,3.11,1.68,23.25,2.04,2.08,0.46,0.03,2.85
2020-11-05,28.2,175.0,256.1034265311063,0.517337191173132,720,675294.4933333333,25.9,3.08,1.65,21.91,2.04,2.05,0.45,0.03,2.9
2020-11-06,29.24,172.0,258.79455310457513,0.5229006493455347,722,676929.4666666667,25.97,3.2,1.7,24.21,2.0,2.13,0.45,0.03,3.02
2020-11-07,28.87,188.0,260.0475091987412,0.5415200127486209,724,678564.44,25.49,3.19,1.65,23.44,2.03,2.11,0.46,0.03,2.89
2020-11-08,28.2,224.0,261.2892857661584,0.562419883207482,726,680199.4133333333,25.41,3.11,1.64,21.99,2.0,2.04,0.46,0.03,2.85
2020-11-09,28.66,187.0,259.67787009803914,0.50537748149823,727,681834.3866666667,26.5,3.1,1.61,23.32,1.96,2.07,0.46,0.03,2.87
2020-11-10,28.7,198.0,259.2856274207214,0.5026722723630536,729,683469.36,26.94,3.17,1.63,23.88,1.94,2.11,0.46,0.03,2.84
2020-11-11,28.33,188.0,258.483006989833,0.5203157282310619,731,685104.3333333334,25.91,2.99,1.66,23.25,1.96,2.17,0.45,0.03,2.9
2020-11-12,28.68,217.0,258.07455367949655,0.5125984135761075,733,686739.3066666666,26.26,2.94,1.6,23.54,1.98,2.15,0.46,0.03,2.98
2020-11-13,29.42,210.0,256.84910318324864,0.4971846303566681,734,688374.28,27.38,2.87,1.58,23.37,1.99,2.17,0.46,0.03,2.81
2020-11-14,28.93,202.0,256.8148413822318,0.4923934191517466,736,690009.2533333333,27.38,2.96,1.57,23.82,1.98,2.16,0.45,0.03,2.9
2020-11-15,28.61,209.0,259.0208353606875,0.49145159251142084,738,691644.2266666667,25.49,3.07,1.58,24.4,1.98,2.15,0.45,0.03,2.86
2020-11-16,28.55,188.0,257.9525593379327,0.48579451771580534,739,693279.2,25.67,3.07,1.5,22.1,1.97,2.11,0.46,0.03,2.83
2020-11-17,27.99,211.0,257.8149464717986,0.5037395849260065,741,694914.1733333333,26.04,2.99,1.54,22.35,1.95,2.11,0.46,0.03,2.77
2020-11-18,28.36,178.0,257.3858622912128,0.5052284988879396,743,696549.1466666667,25.91,2.92,1.56,22.8,2.0,2.08,0.45,0.03,2.99
2020-11-19,28.5,176.0,256.1331893004116,0.5025003654643205,745,698184.12,26.62,3.09,1.62,23.2,2.05,2.1,0.45,0.03,3.03
2020-11-20,27.91,209.0,254.1541631263616,0.5178198802850936,746,699819.0933333334,26.22,3.08,1.63,23.44,2.03,2.07,0.45,0.03,3.06
2020-11-21,28.57,168.0,251.12565849673197,0.5163984589782603,748,701454.0666666667,25.89,3.13,1.62,24.46,2.04,2.08,0.45,0.03,3.09
2020-11-22,28.71,220.0,253.56762860082313,0.4985907965759808,750,703089.04,27.7,3.04,1.65,23.45,2.01,2.1,0.45,0.03,3.18
2020-11-23,27.65,142.0,254.05953767247635,0.512126057419971,752,704724.0133333333,27.4,2.9,1.6,23.71,2.01,2.13,0.46,0.03,3.04
2020-11-24,27.74,202.0,255.22408929435974,0.5134132620826319,753,706358.9866666667,26.14,2.92,1.6,20.77,2.05,2.22,0.45,0.03,2.93
2020-11-25,27.01,162.0,254.22796683611722,0.5122564091858948,755,707993.9600000001,27.77,3.1,1.58,23.09,2.02,2.16,0.44,0.03,3.07
2020-11-26,28.02,285.0,251.8563295812152,0.488354431907542,757,709628.9333333333,25.91,3.16,1.56,23.68,1.96,2.09,0.43,0.03,2.95
2020-11-27,29.14,312.0,253.87048441660616,0.4652016987750449,759,711263.9066666667,25.45,3.02,1.56,23.79,1.92,2.09,0.42,0.03,3.15
2020-11-28,28.84,258.0,254.60964639312516,0.4781453083579896,760,712898.88,25.51,3.09,1.53,23.06,1.95,2.1,0.41,0.03,2.96
2020-11-29,28.28,226.0,253.01824025659644,0.47359922609624505,762,714533.8533333334,25.4,3.03,1.45,23.08,1.86,2.06,0.42,0.03,2.91
2020-11-30,27.83,178.0,252.0945532256112,0.4698873579039656,764,716168.8266666667,25.66,2.87,1.44,23.42,1.87,2.06,0.41,0.03,2.92
2020-12-01,27.75,194.0,251.84915955579763,0.4705452700801403,741,717803.8,25.41,2.99,1.51,23.9,1.96,2.07,0.42,0.03,2.88
2020-12-02,28.13,191.0,252.113501724764,0.4611893918222381,742,718623.3451612904,24.57,2.99,1.57,21.39,1.99,2.11,0.45,0.03,3.02
2020-12-03,28.59,272.0,249.05752450980393,0.4549778845287874,743,719442.8903225807,25.36,3.02,1.63,22.04,2.03,2.23,0.45,0.03,3.09
2020-12-04,23.64,331.0,243.92966975308647,0.551353976878579,743,720262.435483871,20.83,2.55,1.35,19.89,1.76,1.93,0.39,0.03,2.48
2020-12-05,24.23,231.0,242.02697558097316,0.5098339041140927,744,721081.9806451614,21.14,2.51,1.35,18.73,1.8,1.92,0.43,0.03,2.44
2020-12-06,24.43,197.0,241.1828353001694,0.49818800354173,745,721901.5258064517,21.15,2.45,1.29,19.29,1.76,1.91,0.43,0.03,2.43
2020-12-07,23.99,238.0,236.63185257806822,0.5123065523296384,746,722721.070967742,21.83,2.38,1.23,19.01,1.73,1.85,0.42,0.03,2.36
2020-12-08,24.03,173.0,236.72661086903895,0.5216255708517515,747,723540.6161290323,20.57,2.43,1.25,19.26,1.73,1.81,0.42,0.03,2.26
2020-12-09,22.84,162.0,237.16555464778506,0.5425871140638827,748,724360.1612903225,19.79,2.41,1.18,19.74,1.6,1.72,0.39,0.03,2.36
2020-12-10,22.37,204.0,234.60656251512953,0.578025302667812,749,725179.7064516129,18.75,2.36,1.18,18.09,1.54,1.73,0.36,0.03,2.31
2020-12-11,23.42,180.0,230.7830566751392,0.5400236000397493,749,725999.2516129032,19.7,2.37,1.18,17.08,1.69,1.72,0.38,0.03,2.35
2020-12-12,24.16,213.0,232.76738680101667,0.532606806181659,750,726818.7967741935,21.06,2.42,1.21,18.66,1.82,1.76,0.41,0.03,2.45
2020-12-13,24.44,206.0,234.63344689542484,0.5336861479100582,751,727638.3419354839,20.57,2.46,1.27,18.47,1.87,1.8,0.4,0.04,2.47
2020-12-14,24.21,177.0,233.89959797869764,0.5443108290675378,752,728457.8870967742,21.84,2.55,1.29,19.22,1.8,1.84,0.41,0.03,2.5
2020-12-15,23.84,146.0,235.07084885620915,0.5791662558011781,753,729277.4322580645,21.66,2.57,1.29,19.33,1.82,1.82,0.41,0.03,2.52
2020-12-16,23.72,190.0,239.4332129024449,0.5370753933124147,754,730096.9774193548,21.94,2.51,1.32,18.14,1.84,1.89,0.4,0.03,2.58
2020-12-17,23.53,162.0,239.91540595497457,0.5464894579098709,754,730916.5225806452,21.51,2.57,1.32,18.94,1.87,1.89,0.43,0.03,2.56
2020-12-18,24.6,197.0,240.77246741103846,0.5315085993542435,755,731736.0677419355,22.04,2.63,1.35,20.0,1.87,1.89,0.43,0.03,2.65
2020-12-19,24.01,224.0,239.62599742798352,0.5415630388961283,756,732555.6129032258,22.11,2.58,1.51,20.41,2.0,2.04,0.43,0.03,2.65
2020-12-20,24.26,225.0,242.9765393972404,0.5398983716905603,757,733375.1580645161,21.98,2.6,1.66,20.38,2.11,1.99,0.47,0.03,2.69
2020-12-21,24.2,200.0,245.65748526385863,0.5413739169362161,758,734194.7032258065,21.88,2.76,1.54,19.74,2.03,1.93,0.44,0.03,2.64
2020-12-22,23.51,252.0,246.91509295570083,0.5621942674554076,759,735014.2483870968,23.0,2.6,1.45,21.14,1.92,1.99,0.42,0.03,2.59
2020-12-23,25.08,252.0,251.02275205761313,0.5318081879381193,760,735833.7935483871,23.07,2.59,1.43,21.1,1.9,1.87,0.42,0.03,2.48
2020-12-24,24.81,286.0,254.72766206729605,0.5861955649334798,760,736653.3387096775,23.19,2.73,1.46,20.55,1.88,1.89,0.46,0.03,2.75
2020-12-25,26.26,264.0,259.77398853183246,0.5183227532979305,761,737472.8838709677,24.49,2.65,1.43,21.67,1.99,1.91,0.47,0.03,2.78
2020-12-26,25.86,280.0,258.67829526748983,0.5044690669076163,762,738292.429032258,23.94,2.7,1.51,21.58,1.97,2.01,0.47,0.03,2.91
2020-12-27,25.47,239.0,260.07500081699345,0.5644169174710999,763,739111.9741935483,24.83,2.76,1.55,21.56,1.87,1.98,0.46,0.03,2.73
2020-12-28,26.11,271.0,265.34266243040423,0.50875223062502,764,739931.5193548386,23.25,2.72,1.56,21.71,1.91,1.91,0.46,0.03,2.84
2020-12-29,25.67,194.0,268.18504684095853,0.5343564215531245,765,740751.064516129,23.01,2.69,1.54,21.18,1.96,1.92,0.48,0.03,2.74
2020-12-30,26.38,283.0,268.98728068264336,0.512295212871443,765,741570.6096774193,23.54,2.79,1.56,22.97,1.99,2.01,0.46,0.04,2.98
2020-12-31,27.4,263.0,271.6777028261922,0.4963983338755447,766,742390.1548387096,24.74,2.83,1.57,21.9,1.99,2.01,0.47,0.03,3.04
2021-01-01,26.8,270.0,267.6875318627451,0.5021162658082532,767,743209.7,25.14,2.9,1.72,22.55,1.95,2.07,0.47,0.03,3.04
2021-01-02,27.02,280.0,266.47183508835633,0.5003794896808532,767,743138.8451612903,24.27,2.76,1.78,21.57,1.98,2.12,0.47,0.03,3.03
2021-01-03,27.78,257.0,268.3908622609538,0.4912467100096073,767,743067.9903225806,24.67,2.84,1.8,22.57,2.0,2.15,0.46,0.03,2.89
2021-01-04,27.84,270.0,270.0106309912854,0.4812794124543058,767,742997.1354838709,24.85,2.78,1.82,23.21,1.97,2.15,0.46,0.03,3.08
2021-01-05,27.55,250.0,274.1669813907044,0.48947300330509763,767,742926.2806451613,24.93,2.73,1.8,22.25,2.0,2.09,0.47,0.03,3.01
2021-01-06,27.45,245.0,274.4566016097797,0.491785895414074,767,742855.4258064516,25.82,2.73,1.9,23.15,2.0,2.09,0.48,0.03,3.07
2021-01-07,28.25,267.0,279.52003038005324,0.4849310338753387,767,742784.5709677419,25.68,2.82,1.92,23.68,1.99,2.1,0.48,0.03,3.12
2021-01-08,29.53,340.0,277.91555918663767,0.4918591867851163,767,742713.7161290322,26.08,2.98,1.93,22.94,1.98,2.25,0.48,0.03,3.19
2021-01-09,28.96,210.0,277.88102272452187,0.5016148552731704,767,742642.8612903225,26.41,3.06,2.02,22.92,2.06,2.24,0.49,0.03,3.37
2021-01-10,28.08,218.0,279.12574800290486,0.5125522147769388,767,742572.0064516128,26.56,3.17,2.09,23.91,2.06,2.15,0.5,0.03,3.28
2021-01-11,27.63,240.0,280.5024363955458,0.5220497497435357,766,742501.1516129032,25.52,3.16,2.05,23.26,2.07,2.22,0.5,0.03,3.3
2021-01-12,28.4,260.0,279.4237040365529,0.5022361915784055,766,742430.2967741935,25.13,3.29,2.1,23.88,2.04,2.15,0.49,0.03,3.14
2021-01-13,28.25,208.0,283.9102876724764,0.5091116530204484,766,742359.4419354838,25.46,3.38,2.1,22.37,2.1,2.08,0.5,0.03,3.25
2021-01-14,28.4,189.0,283.82756442144756,0.5098754881852505,766,742288.5870967741,25.2,3.45,2.03,23.67,2.07,2.17,0.51,0.03,3.12
2021-01-15,29.31,307.0,291.004338174776,0.48968693173959016,766,742217.7322580644,25.33,3.39,2.1,24.03,2.15,2.17,0.51,0.03,3.25
2021-01-16,29.77,258.0,284.07833054950373,0.4806228779028275,766,742146.8774193547,25.73,3.56,2.09,23.53,2.11,2.16,0.51,0.03,3.28
2021-01-17,28.6,206.0,281.3231621580731,0.5056449641308585,766,742076.0225806452,25.83,3.62,2.03,22.99,2.14,2.14,0.51,0.03,3.25
2021-01-18,28.45,204.0,281.25394117647056,0.4947509716257894,766,742005.1677419355,26.18,3.53,2.07,21.6,2.17,2.13,0.51,0.04,3.29
2021-01-19,28.12,181.0,282.4837000423626,0.5063472369193238,766,741934.3129032258,27.07,3.34,2.04,24.24,2.16,2.08,0.51,0.04,3.38
2021-01-20,28.14,215.0,282.55343805979186,0.506184776107188,766,741863.4580645161,27.36,3.4,2.02,24.11,2.16,2.04,0.51,0.04,3.39
2021-01-21,27.93,174.0,283.5679146695715,0.5110312366608908,766,741792.6032258064,26.29,3.33,2.05,23.69,2.11,2.06,0.51,0.04,3.32
2021-01-22,28.47,245.0,283.0148389917695,0.5142659629651374,766,741721.7483870967,27.24,3.56,2.08,24.13,2.14,2.05,0.51,0.04,3.37
2021-01-23,29.36,232.0,281.7774148208666,0.48809208353069294,766,741650.8935483871,27.53,3.51,2.03,24.38,2.21,2.09,0.51,0.04,3.51
2021-01-24,28.42,162.0,284.5852027354151,0.501633347544004,766,741580.0387096774,27.76,3.39,2.07,24.1,2.22,2.04,0.51,0.05,3.48
2021-01-25,28.45,209.0,289.1065973432583,0.5207182860111618,765,741509.1838709677,26.1,3.39,2.03,23.47,2.22,2.01,0.52,0.04,3.46
2021-01-26,28.37,267.0,283.19532092713627,0.5090695603287492,765,741438.329032258,26.51,3.41,2.05,24.44,2.22,2.08,0.52,0.05,3.33
2021-01-27,27.71,159.0,279.2650135862987,0.5282520714042109,765,741367.4741935483,27.16,3.42,2.09,25.05,2.28,2.06,0.54,0.05,3.45
2021-01-28,27.07,231.0,277.60594308278866,0.5323832604631024,765,741296.6193548386,25.57,3.1,2.01,23.74,2.23,2.04,0.5,0.04,3.28
2021-01-29,27.82,276.0,278.1265078370855,0.5117262979056727,765,741225.764516129,26.96,3.42,2.04,23.84,2.25,2.08,0.51,0.04,3.39
2021-01-30,27.84,268.0,279.4792189239893,0.516073871222109,765,741154.9096774193,27.89,3.33,1.98,23.96,2.33,2.07,0.51,0.04,3.53
2021-01-31,28.02,321.0,282.26551301137744,0.5027087932528097,765,741084.0548387096,27.22,3.56,2.06,24.12,2.31,2.1,0.5,0.04,3.55
2021-02-01,27.68,290.0,281.2641333212298,0.5063691109052755,847,741013.2,26.53,3.5,2.04,23.38,2.31,2.04,0.5,0.04,3.63
2021-02-02,27.71,217.0,283.22910484749457,0.5112641953146159,847,741010.1499999999,27.25,3.44,2.16,24.21,2.32,2.06,0.49,0.04,3.77
2021-02-03,28.17,275.0,281.7035496247882,0.5086557717318275,847,741007.1,26.74,3.4,2.21,24.56,2.26,2.03,0.48,0.04,3.73
2021-02-04,28.46,279.0,284.0613210179134,0.49801130324808157,847,741004.0499999999,27.06,3.38,2.25,24.94,2.28,2.01,0.48,0.04,3.89
2021-02-05,28.95,281.0,283.9737078794481,0.5026088406898876,847,741001.0,27.91,3.37,2.23,24.96,2.35,2.06,0.5,0.04,3.89
2021-02-06,28.83,261.0,282.2180131021544,0.5013741247086246,847,740997.95,28.59,3.55,2.26,24.05,2.39,2.08,0.55,0.05,4.35
2021-02-07,28.34,267.0,282.46252239167274,0.5033116671211139,847,740994.9,28.01,3.38,2.26,24.84,2.32,2.11,0.55,0.04,4.26
2021-02-08,28.57,200.0,283.29537188332125,0.5078952436287562,847,740991.85,27.68,3.37,2.18,24.21,2.34,2.09,0.52,0.04,4.01
2021-02-09,27.95,246.0,279.72520984628414,0.5148941627257799,847,740988.7999999999,28.01,3.3,1.97,25.21,2.31,2.07,0.52,0.04,3.99
2021-02-10,28.39,183.0,279.1891951404018,0.4940932425125322,847,740985.75,27.45,3.36,2.09,24.81,2.32,2.13,0.5,0.04,3.78
2021-02-11,27.75,209.0,280.9894311002178,0.5231662012847483,847,740982.7,28.53,3.44,2.21,23.58,2.27,2.11,0.52,0.04,3.78
2021-02-12,27.15,278.0,280.3396422173808,0.5047982168940672,847,740979.65,26.66,3.35,2.13,22.39,2.18,1.99,0.51,0.04,3.66
2021-02-13,27.13,274.0,280.09462088477363,0.5030664874973154,847,740976.6,27.55,3.33,2.07,23.05,2.27,2.08,0.51,0.04,3.49
2021-02-14,26.54,217.0,279.68290973735174,0.518906921743259,847,740973.55,27.2,3.31,1.93,23.75,2.16,2.04,0.51,0.03,3.46
2021-02-15,26.44,271.0,279.0944294662309,0.5054162878211974,847,740970.5,27.03,3.36,1.97,24.39,2.15,2.03,0.5,0.03,3.5
2021-02-16,27.62,257.0,277.1266372549019,0.491694475406455,847,740967.45,26.13,3.41,2.07,24.81,2.22,2.07,0.5,0.03,3.77
2021-02-17,27.21,244.0,277.54506865771003,0.507546585648644,847,740964.4,26.13,3.43,2.11,25.07,2.25,2.1,0.49,0.03,3.69
2021-02-18,28.06,282.0,277.0777735415154,0.49308828630711565,847,740961.35,26.6,3.33,2.18,24.83,2.26,2.16,0.52,0.03,3.91
2021-02-19,28.1,243.0,283.0375838477367,0.4907607394533571,847,740958.3,27.44,3.37,2.23,24.82,2.28,2.18,0.52,0.03,3.98
2021-02-20,28.46,321.0,280.4905675986444,0.4842085639559353,847,740955.25,28.99,3.34,2.23,24.74,2.33,2.23,0.53,0.03,3.96
2021-02-21,27.53,178.0,286.01183808399907,0.4956739906583316,847,740952.2000000001,28.83,3.34,2.2,23.12,2.33,2.28,0.53,0.04,4.03
2021-02-22,26.99,261.0,279.6223164185427,0.506035516852143,847,740949.15,28.53,3.33,2.12,24.37,2.29,2.3,0.55,0.03,3.9
2021-02-23,27.59,234.0,280.81283206245456,0.5013795265894236,847,740946.1,28.65,3.46,2.21,24.93,2.33,2.29,0.56,0.03,3.81
2021-02-24,27.71,242.0,277.38753267973857,0.5112861072994092,847,740943.05,29.08,3.5,2.17,23.63,2.36,2.31,0.58,0.04,3.94
2021-02-25,28.29,296.0,277.50599509803914,0.4950003269410571,847,740940.0,29.45,3.59,2.31,24.35,2.41,2.38,0.59,0.04,3.83
2021-02-26,28.78,275.0,281.0320600338901,0.4964597143033596,847,740936.9500000001,30.13,3.8,2.4,24.92,2.42,2.43,0.61,0.04,3.99
2021-02-27,28.18,303.0,283.7830103788429,0.4955872365671052,847,740933.9,29.98,3.76,2.54,24.56,2.5,2.4,0.64,0.04,3.99
2021-02-28,28.31,258.0,283.5449499213265,0.5035459589394431,847,740930.8500000001,28.82,3.73,2.71,23.98,2.78,2.44,0.68,0.04,3.97
2021-03-01,28.0,246.0,282.3396679375454,0.5007136134475907,765,740927.8,29.61,3.77,2.61,25.54,3.14,2.44,0.68,0.04,4.0
2021-03-02,28.12,247.0,282.1817089990317,0.4994152526992657,764,740360.6612903227,29.88,3.96,2.98,25.06,3.29,2.47,0.71,0.05,4.13
2021-03-03,27.34,192.0,279.85703186274515,0.5198250713197661,764,739793.5225806452,30.12,4.52,3.3,24.89,3.3,2.54,0.8,0.05,4.09
2021-03-04,27.6,266.0,281.1546034858388,0.5287602635382059,763,739226.3838709678,31.67,4.62,3.31,25.2,3.31,2.59,0.78,0.05,4.18
2021-03-05,28.24,254.0,286.9366684519487,0.5118368392455788,762,738659.2451612904,34.2,4.94,3.17,24.9,3.41,2.55,0.82,0.06,4.17
2021-03-06,28.75,370.0,289.0005410917454,0.5081751908606061,762,738092.1064516129,32.89,4.88,2.99,25.6,3.72,2.6,0.79,0.06,4.2
2021-03-07,28.43,270.0,294.2933882534495,0.5333255410947497,761,737524.9677419355,33.46,4.79,2.99,24.75,3.7,2.63,0.77,0.06,4.13
2021-03-08,28.2,261.0,294.9823651355604,0.5187569076473202,761,736957.8290322581,35.69,4.76,3.14,25.43,3.72,2.62,0.76,0.06,3.98
2021-03-09,28.55,212.0,293.7452440994917,0.523030415956668,760,736390.6903225806,34.74,4.83,3.43,25.85,3.75,2.62,0.77,0.06,4.01
2021-03-10,28.48,259.0,295.5860901113532,0.5217535551700021,760,735823.5516129032,35.01,4.91,3.51,26.29,3.81,2.67,0.76,0.07,3.88
2021-03-11,29.14,260.0,296.807753570564,0.4996409887872083,759,735256.4129032259,37.99,5.12,3.63,25.29,3.96,2.72,0.75,0.08,3.91
2021-03-12,29.76,330.0,296.7072136286614,0.5008263846305584,758,734689.2741935484,37.65,5.18,3.6,25.96,3.99,2.81,0.75,0.08,4.03
2021-03-13,30.7,373.0,297.00376461510535,0.48946821077035413,758,734122.135483871,36.73,5.47,3.69,25.71,4.12,2.91,0.73,0.08,4.14
2021-03-14,29.85,312.0,296.0044747639797,0.50269942298253,757,733554.9967741936,35.23,5.81,3.67,25.92,4.4,3.06,0.74,0.07,3.98
2021-03-15,30.65,289.0,295.15660036916,0.49495283046757166,757,732987.8580645161,35.12,5.51,3.44,24.47,4.12,3.09,0.74,0.07,3.86
2021-03-16,30.35,206.0,296.2737490922295,0.5244574310686775,756,732420.7193548387,34.87,5.27,3.56,25.74,4.13,3.14,0.74,0.06,3.99
2021-03-17,31.26,362.0,295.77288686153474,0.5105595086147312,755,731853.5806451613,34.97,4.99,3.46,26.57,4.05,3.21,0.73,0.06,3.89
2021-03-18,31.82,245.0,295.58884425683857,0.48136953129635524,755,731286.441935484,36.51,5.3,3.51,25.76,3.91,3.23,0.71,0.06,3.98
2021-03-19,30.9,232.0,298.11933039820866,0.49097848449464704,754,730719.3032258064,38.02,5.3,3.58,25.07,4.04,3.42,0.7,0.06,3.86
2021-03-20,31.0,282.0,299.81134800895666,0.4767155259226594,754,730152.1645161291,36.69,5.21,3.49,24.96,3.89,3.38,0.72,0.06,3.99
2021-03-21,31.35,242.0,246.84720382473972,0.43150232033257246,753,729585.0258064517,37.77,4.85,3.26,24.94,4.05,3.27,0.73,0.06,3.87
2021-03-22,31.31,284.0,246.11763580246918,0.42966641725820764,753,729017.8870967742,36.89,4.89,3.39,25.42,3.91,3.35,0.71,0.06,3.97
2021-03-23,32.38,222.0,247.88791742314208,0.41054462930263064,752,728450.7483870968,37.91,5.04,3.43,24.44,3.83,3.34,0.71,0.05,3.94
2021-03-24,31.85,214.0,245.82177348099725,0.4275916613956156,751,727883.6096774194,37.22,5.13,3.49,25.72,3.69,3.3,0.72,0.05,3.99
2021-03-25,31.78,267.0,246.94602544783345,0.43250986909276545,751,727316.4709677419,38.67,5.23,3.43,24.74,3.66,3.27,0.72,0.06,4.08
2021-03-26,33.76,311.0,249.54679898934882,0.41331530992495286,750,726749.3322580645,39.12,5.19,3.47,25.87,3.82,3.4,0.76,0.06,4.11
2021-03-27,34.26,315.0,255.55836613410793,0.40436023144598876,750,726182.1935483871,38.98,5.02,3.58,26.25,4.0,3.41,0.76,0.06,4.19
2021-03-28,34.16,266.0,252.88493439845067,0.41197015734472386,749,725615.0548387096,38.71,5.15,3.55,25.81,3.98,3.42,0.79,0.07,4.18
2021-03-29,34.69,229.0,255.78958778140884,0.40189391390647544,748,725047.9161290323,37.57,5.01,3.52,24.42,3.93,3.41,0.78,0.07,4.03
2021-03-30,35.3,237.0,259.34015492616805,0.39248988292247877,748,724480.7774193549,36.84,4.96,3.48,27.01,3.98,3.46,0.79,0.07,4.12
2021-03-31,35.75,232.0,259.27432141128054,0.38496052800356506,747,723913.6387096774,39.14,5.06,3.45,25.67,4.04,3.48,0.78,0.07,4.13
2021-04-01,36.59,238.0,261.5333738501573,0.3793826905877656,772,723346.5,39.84,5.18,3.39,27.26,3.97,3.54,0.78,0.07,4.05
2021-04-02,35.54,237.0,260.2397657044299,0.3888212742428226,769,721231.2466666667,40.73,5.18,3.5,27.8,4.06,3.75,0.78,0.07,4.11
2021-04-03,36.41,288.0,257.3863313059792,0.4218525355618639,767,719115.9933333333,43.73,5.35,3.59,28.09,4.24,3.93,0.77,0.07,4.25
2021-04-04,36.26,210.0,254.98686607358994,0.4223034014780155,765,717000.74,43.07,5.3,3.51,25.35,4.16,3.91,0.78,0.08,4.22
2021-04-05,35.68,218.0,255.48700541636404,0.4297537767512738,763,714885.4866666667,41.64,5.28,3.62,26.9,4.21,4.11,0.78,0.08,4.17
2021-04-06,35.58,260.0,254.62822751755024,0.43385335375286477,760,712770.2333333334,40.73,5.21,3.52,26.34,4.11,3.81,0.8,0.08,4.19
2021-04-07,33.26,118.0,256.0180444504963,0.46008642401150773,758,710654.98,41.51,4.87,3.33,27.69,3.67,3.52,0.75,0.07,3.87
2021-04-08,33.03,223.0,255.6220999757927,0.4660074643301863,756,708539.7266666667,40.35,4.48,3.12,26.76,3.54,3.4,0.7,0.06,3.82
2021-04-09,33.95,326.0,255.60826624909222,0.4586512939331587,754,706424.4733333334,38.51,4.69,2.94,24.84,3.69,3.21,0.71,0.06,3.91
2021-04-10,33.96,273.0,256.6512194383927,0.45865036980751006,751,704309.22,38.24,4.8,3.12,25.46,3.7,3.07,0.7,0.06,3.87
2021-04-11,33.83,229.0,255.85401918421687,0.45859413062708004,749,702193.9666666667,37.64,4.65,3.02,26.17,3.7,3.12,0.7,0.07,3.85
2021-04-12,32.3,179.0,261.62326703582664,0.445272759284657,747,700078.7133333334,37.04,4.66,3.1,26.51,3.68,3.28,0.7,0.06,3.62
2021-04-13,32.95,198.0,258.8435778867103,0.43887633896226,744,697963.46,36.66,4.7,3.31,26.86,3.74,3.26,0.7,0.06,3.86
2021-04-14,32.36,67.0,268.4383001089325,0.44985490395347627,742,695848.2066666667,36.03,4.5,3.4,26.9,3.78,3.22,0.73,0.07,3.97
2021-04-15,32.37,297.0,269.4813596284194,0.44162450739326164,740,693732.9533333334,36.97,4.84,3.25,27.63,3.92,3.32,0.74,0.06,4.02
2021-04-16,33.78,282.0,265.25102680948925,0.43264183346070967,738,691617.7,37.02,4.96,3.17,28.02,3.94,3.36,0.73,0.05,3.99
2021-04-17,33.9,245.0,266.603394456548,0.4300806382492508,735,689502.4466666667,38.51,4.93,3.31,29.19,3.79,3.38,0.75,0.05,3.79
2021-04-18,33.92,225.0,270.1054015674171,0.4276859234145408,733,687387.1933333334,39.36,4.94,3.44,28.38,3.73,3.39,0.77,0.06,3.95
2021-04-19,34.15,253.0,265.1114150629387,0.42964946432262596,731,685271.9400000001,39.76,4.97,3.75,28.3,3.66,3.45,0.76,0.05,3.88
2021-04-20,32.89,201.0,266.28181039699825,0.4471136197586204,729,683156.6866666666,40.57,4.96,3.58,28.45,3.7,3.41,0.74,0.05,3.81
2021-04-21,34.66,303.0,267.27843842289997,0.42511375349430813,726,681041.4333333333,40.71,4.79,3.49,28.73,3.6,3.5,0.75,0.05,3.75
2021-04-22,34.33,222.0,265.0037523299444,0.4237757363336049,724,678926.18,40.89,4.83,3.75,29.33,3.82,3.44,0.76,0.05,3.98
2021-04-23,34.87,250.0,264.2584962781409,0.41635393448398894,722,676810.9266666666,41.32,4.86,3.76,30.93,3.85,3.33,0.77,0.05,4.0
2021-04-24,35.03,227.0,259.7249232933914,0.41310414836817416,720,674695.6733333333,42.53,4.93,3.68,30.91,3.78,3.38,0.75,0.06,3.71
2021-04-25,35.78,318.0,260.3441265129508,0.4043604043036161,717,672580.42,42.4,5.29,3.8,28.87,3.73,3.46,0.74,0.06,3.88
2021-04-26,34.98,219.0,260.15505213628666,0.4160259360729764,715,670465.1666666667,41.85,5.2,3.66,29.72,3.65,3.34,0.74,0.06,3.75
2021-04-27,36.5,318.0,261.94408012587746,0.40703742839549345,713,668349.9133333333,41.44,5.26,3.78,29.88,3.82,3.3,0.78,0.06,3.79
2021-04-28,35.33,252.0,262.44516581941417,0.42110300374682597,711,666234.66,42.32,5.04,3.86,31.25,3.86,3.34,0.81,0.06,3.81
2021-04-29,35.79,218.0,260.96007549624784,0.4196814421856328,708,664119.4066666667,43.48,5.23,3.92,30.84,3.82,3.33,0.79,0.06,3.88
2021-04-30,35.55,231.0,252.92373293391427,0.4180136036057022,706,662004.1533333333,40.15,5.11,3.74,31.79,3.89,3.57,0.79,0.07,3.85
2021-05-01,36.83,316.0,254.07894998184457,0.41327163674117223,681,659888.9,40.0,4.77,3.46,32.75,3.86,3.7,0.78,0.06,3.9
2021-05-02,35.97,194.0,256.964181402808,0.42225004536592853,677,656323.035483871,41.74,4.98,3.56,30.41,3.87,3.47,0.79,0.06,3.82
2021-05-03,36.97,216.0,256.968938543936,0.4241477229445455,638,652757.170967742,39.45,5.13,3.56,32.3,3.88,3.62,0.8,0.06,3.64
2021-05-04,35.42,260.0,256.38703461631565,0.4365036530834451,635,649191.306451613,39.69,4.99,3.43,29.89,3.72,3.51,0.81,0.06,3.71
2021-05-05,34.58,192.0,257.4557804103123,0.4417231768739172,631,645625.4419354838,39.03,4.93,3.54,29.54,3.85,3.53,0.84,0.06,3.83
2021-05-06,35.42,242.0,257.3083059791818,0.4326998653624856,628,642059.5774193548,40.17,4.9,3.53,33.32,3.81,3.59,0.85,0.05,3.66
2021-05-07,36.02,259.0,256.36328933672235,0.4283914992290507,624,638493.7129032258,39.29,4.99,3.64,31.44,3.84,3.66,0.84,0.05,3.72
2021-05-08,37.21,233.0,258.68060439360926,0.4024416713712292,621,634927.8483870968,41.44,5.07,3.7,30.94,3.8,3.67,0.83,0.05,3.9
2021-05-09,37.79,281.0,256.7041363471314,0.39659757898042214,617,631361.9838709678,41.85,5.0,3.54,31.5,3.99,3.59,0.85,0.05,3.89
2021-05-10,39.18,281.0,253.61755307431616,0.38714239110030246,614,627796.1193548387,41.23,4.96,3.57,31.84,3.93,3.47,0.85,0.05,3.65
2021-05-11,39.06,166.0,257.0342372306947,0.38679405101605563,610,624230.2548387097,42.81,5.06,3.62,32.87,3.88,3.58,0.85,0.05,3.9
2021-05-12,39.88,258.0,257.1078777535706,0.3821263339500478,607,620664.3903225807,44.37,5.1,3.67,33.7,3.87,3.59,0.85,0.05,3.76
2021-05-13,39.6,195.0,256.44942126603723,0.3861072461311451,603,617098.5258064516,45.61,5.28,3.67,33.87,3.99,3.61,0.87,0.05,4.09
2021-05-14,40.5,241.0,257.32482588961506,0.3927789028717407,600,613532.6612903225,46.9,5.25,3.73,32.72,3.99,3.69,0.91,0.05,4.04
2021-05-15,42.41,239.0,256.1550954369402,0.37681328554921295,597,609966.7967741935,48.04,5.32,3.67,33.53,4.1,3.85,0.97,0.05,4.3
2021-05-16,42.17,187.0,256.09826028806583,0.3776163982250307,593,606400.9322580645,47.55,5.18,3.64,35.14,4.1,3.81,1.05,0.05,4.13
2021-05-17,40.02,187.0,256.42983194141857,0.4025186845156647,590,602835.0677419355,47.71,5.1,3.8,35.52,4.04,3.75,1.04,0.05,4.01
2021-05-18,41.55,185.0,255.86168249213264,0.3710215725036976,586,599269.2032258065,51.39,5.24,3.73,36.5,4.09,3.78,1.0,0.05,4.29
2021-05-19,41.66,207.0,258.77270470225125,0.3787509750339674,583,595703.3387096775,54.05,5.2,3.61,38.54,4.16,3.81,0.95,0.05,4.11
2021-05-20,43.34,251.0,257.50583884047444,0.358546871992173,579,592137.4741935483,56.7,5.06,3.79,35.83,4.03,3.79,0.91,0.05,4.17
2021-05-21,43.61,213.0,253.86205286250302,0.35803584997995563,576,588571.6096774193,53.81,5.15,3.76,37.33,4.18,3.89,0.86,0.05,4.17
2021-05-22,43.68,179.0,252.1785451767127,0.3554501214073389,572,585005.7451612903,52.9,5.3,3.83,38.78,4.31,3.84,0.91,0.05,4.58
2021-05-23,42.89,176.0,251.59403352699104,0.362705601966459,569,581439.8806451613,53.5,5.33,3.7,35.35,4.34,3.93,0.96,0.06,4.47
2021-05-24,42.46,192.0,254.41124630839997,0.3654687914408768,565,577874.0161290322,53.21,5.41,3.8,36.02,4.33,3.76,1.0,0.05,4.53
2021-05-25,43.68,224.0,260.3665252360203,0.35569827912516233,562,574308.1516129032,54.11,5.49,3.74,36.32,4.33,3.89,1.1,0.05,4.42
2021-05-26,44.02,193.0,261.2970625151295,0.3564943257673467,558,570742.2870967742,55.37,5.5,3.81,35.63,4.12,3.9,1.13,0.05,4.58
2021-05-27,46.36,238.0,262.06872385620915,0.3417083119844577,555,567176.4225806452,55.2,5.78,3.77,37.91,4.51,3.99,1.11,0.05,4.68
2021-05-28,51.06,244.0,263.2222317235536,0.3139928128818996,551,563610.5580645162,55.83,5.61,3.59,39.27,4.44,3.77,1.1,0.05,4.75
2021-05-29,51.7,175.0,264.121084483176,0.30681322000447275,548,560044.693548387,55.78,6.52,3.84,39.43,4.43,3.87,1.06,0.05,4.73
2021-05-30,48.82,201.0,264.0350552227064,0.32803269575480054,544,556478.829032258,56.5,6.5,3.88,37.56,4.26,3.87,1.07,0.05,4.61
2021-05-31,47.55,179.0,262.0516460905349,0.3360849280961463,541,552912.964516129,55.8,6.22,3.82,38.45,4.43,3.93,1.08,0.05,5.06
2021-06-01,46.52,146.0,261.6835588235294,0.3503317281412658,555,549347.1,55.04,6.75,3.81,28.6,4.41,3.93,1.07,0.05,5.05
2021-06-02,46.55,139.0,259.2051947470346,0.3533959328715287,369,547904.4433333334,55.61,7.02,3.89,37.8,4.68,3.97,1.05,0.06,5.3
2021-06-03,46.46,161.0,261.86162454611474,0.35352398459781637,280,546461.7866666666,56.34,7.5,4.12,37.63,4.8,4.08,1.08,0.06,5.67
2021-06-04,50.67,364.0,264.37433103364805,0.3315539729327315,279,545019.13,57.49,8.14,4.39,39.92,4.96,4.15,1.07,0.11,6.43
2021-06-05,55.47,250.0,253.62891518397487,0.30355518000167275,278,543576.4733333333,59.69,8.17,4.71,38.87,5.35,4.17,1.13,0.13,7.08
2021-06-06,55.05,193.0,252.4678415637861,0.3135524008846063,278,542133.8166666667,59.86,7.62,4.8,41.08,5.18,4.25,1.1,0.11,6.36
2021-06-07,50.35,178.0,252.32693303679494,0.3492831521214988,277,540691.16,54.57,6.66,4.26,39.67,4.76,4.38,1.1,0.12,5.8
2021-06-08,48.83,178.0,251.7273060094408,0.372991419717337,276,539248.5033333333,54.99,6.76,4.29,39.2,5.25,4.92,1.07,0.11,5.9
2021-06-09,51.79,224.0,254.26213356330186,0.35841481744084797,275,537805.8466666667,56.08,6.62,4.42,41.53,5.67,5.83,1.07,0.11,5.89
2021-06-10,52.67,195.0,253.93248523359955,0.35950724759421293,275,536363.19,57.21,6.98,4.45,44.86,6.19,6.75,1.16,0.11,5.68
2021-06-11,53.01,155.0,254.16555089566685,0.35366329784423234,274,534920.5333333333,58.5,7.38,4.61,45.76,6.98,7.34,1.14,0.11,5.71
2021-06-12,53.57,206.0,254.32772670055672,0.34153837815825455,273,533477.8766666667,56.71,7.57,4.4,48.48,7.14,7.05,1.1,0.12,5.62
2021-06-13,54.01,168.0,252.16000523480994,0.3301286219280042,272,532035.22,56.55,7.19,4.65,48.74,7.13,6.04,1.06,0.13,5.39
2021-06-14,50.89,136.0,254.0726798898572,0.3506032443781323,272,530592.5633333334,57.28,6.86,4.46,48.63,6.83,5.58,1.03,0.12,5.29
2021-06-15,50.23,155.0,254.37022651900264,0.3594680544727572,271,529149.9066666666,56.13,6.41,4.39,45.01,6.38,5.61,1.01,0.12,5.31
2021-06-16,49.79,154.0,252.8154312515129,0.36302317110288196,270,527707.25,55.96,6.6,4.42,44.15,6.58,5.61,1.03,0.12,5.22
2021-06-17,51.94,128.0,254.1998500363108,0.34616254310555955,269,526264.5933333334,55.21,6.48,4.56,42.71,6.35,5.71,1.06,0.12,4.95
2021-06-18,49.79,138.0,251.75129992737837,0.3586097927264613,269,524821.9366666666,55.05,6.4,4.39,45.72,5.91,5.56,1.1,0.11,4.92
2021-06-19,47.05,138.0,250.7295525296538,0.37858684167048895,268,523379.28,55.74,6.6,4.23,45.31,5.66,5.16,1.11,0.11,4.53
2021-06-20,47.52,151.0,249.7604724642943,0.3696471830116438,267,521936.62333333335,56.09,6.44,4.3,44.0,5.71,5.13,1.1,0.11,4.68
2021-06-21,46.7,147.0,248.90512152021304,0.36916435107631196,266,520493.9666666667,56.29,6.69,4.09,41.15,5.75,4.87,1.03,0.11,4.9
2021-06-22,46.0,180.0,248.94058947591384,0.3790483291799438,266,519051.31,56.46,6.53,4.03,40.76,5.32,4.79,0.98,0.11,4.81
2021-06-23,45.85,200.0,248.39048880416362,0.37641859876844963,265,517608.6533333333,55.45,6.61,4.07,41.1,5.17,4.59,0.99,0.11,4.78
2021-06-24,45.77,184.0,249.11714019002665,0.3760381585368916,264,516165.9966666667,52.21,6.26,3.89,41.83,5.11,4.35,0.92,0.11,4.41
2021-06-25,45.26,161.0,249.0034786673929,0.3836342299550149,264,514723.34,51.63,6.11,3.77,37.31,4.95,4.07,0.93,0.1,4.17
2021-06-26,46.02,178.0,247.70141630355843,0.3748808505926953,263,513280.68333333335,51.45,6.33,3.87,42.29,4.96,4.18,0.93,0.1,4.31
2021-06-27,45.15,187.0,246.45074763979662,0.38408819747686734,262,511838.0266666667,50.73,6.56,3.96,41.51,4.91,4.42,0.95,0.11,4.35
2021-06-28,43.98,155.0,244.213413701283,0.39271110113017005,261,510395.37,51.19,6.69,4.09,42.66,4.82,4.48,0.93,0.1,4.34
2021-06-29,44.57,172.0,242.56965864802712,0.3856996481288345,261,508952.7133333334,50.38,6.49,4.18,42.21,5.04,4.47,0.96,0.1,4.26
2021-06-30,44.23,183.0,236.11120591261195,0.3875387084816711,260,507510.0566666667,52.0,6.35,4.22,40.57,4.95,4.43,0.95,0.11,4.42
2021-07-01,44.85,154.0,234.8174538247398,0.3806300404787047,251,506067.4,52.24,6.58,4.14,39.54,5.1,4.3,0.98,0.11,4.38
2021-07-02,43.41,145.0,235.14597143548778,0.38965613569203256,251,506261.4193548387,52.24,6.41,4.17,38.99,5.1,4.34,0.99,0.11,4.58
2021-07-03,43.75,196.0,234.4083618070685,0.38525550523177726,251,506455.43870967743,52.63,6.19,4.17,39.25,4.71,4.41,0.95,0.1,4.46
2021-07-04,42.56,187.0,232.37623868312753,0.39526722362439304,251,506649.45806451613,51.85,6.14,4.28,38.49,4.71,4.47,0.98,0.1,4.67
2021-07-05,42.81,198.0,233.4757286371339,0.38887133468596796,251,506843.47741935484,51.07,6.16,4.24,37.49,4.64,4.53,0.98,0.1,4.49
2021-07-06,42.85,149.0,232.6145315601549,0.3880143492633056,251,507037.49677419354,50.81,6.32,4.0,35.84,4.69,4.66,0.96,0.1,4.45
2021-07-07,41.88,159.0,231.9800691115952,0.38881720124749075,251,507231.5161290323,50.51,5.98,3.86,36.5,4.73,4.51,0.96,0.1,4.41
2021-07-08,41.84,201.0,230.55149745824252,0.3885432274504175,251,507425.535483871,49.63,5.9,3.67,37.24,4.58,4.42,0.93,0.1,4.35
2021-07-09,42.12,170.0,229.29407135076247,0.38246668654836136,252,507619.5548387097,49.88,5.98,3.69,38.38,4.85,4.5,0.94,0.11,4.51
2021-07-10,41.61,150.0,223.00730183369646,0.376430019457211,252,507813.5741935484,48.31,6.26,3.81,39.08,4.83,4.53,0.95,0.11,4.55
2021-07-11,40.99,172.0,218.57668775720163,0.38033586424953153,252,508007.5935483871,49.23,6.0,3.74,37.13,4.67,4.64,0.95,0.11,4.49
2021-07-12,40.25,183.0,222.6387404684096,0.38838734544922915,252,508201.6129032258,47.74,5.94,3.59,38.36,4.71,4.57,0.93,0.11,4.2
2021-07-13,40.84,198.0,222.06181433067053,0.3859343648791795,252,508395.6322580645,46.81,6.07,3.58,38.78,4.76,4.54,0.93,0.12,4.29
2021-07-14,39.46,141.0,221.68673172355363,0.388206613676084,252,508589.6516129032,47.61,6.02,3.55,38.37,4.53,4.64,0.9,0.12,4.44
2021-07-15,39.5,156.0,218.6680436637618,0.39331527770382396,252,508783.6709677419,47.8,5.86,3.67,39.15,4.61,4.72,0.9,0.12,4.18
2021-07-16,40.18,164.0,219.2900872670056,0.3868058789334299,252,508977.69032258063,48.57,5.67,3.4,36.86,4.63,4.47,0.9,0.12,4.16
2021-07-17,38.97,135.0,220.19683590534976,0.4057563908758431,252,509171.7096774194,48.33,6.03,3.5,37.31,4.81,4.44,0.92,0.11,4.31
2021-07-18,39.4,168.0,221.06604786976524,0.3968828186139437,252,509365.7290322581,47.61,5.95,3.67,36.04,4.8,4.41,0.93,0.11,4.43
2021-07-19,38.26,162.0,221.40978410191238,0.4034200198742826,252,509559.7483870968,47.65,6.02,3.35,35.66,4.65,4.23,0.89,0.12,4.31
2021-07-20,38.32,151.0,221.82800753449536,0.4060795526684038,253,509753.7677419355,48.52,5.93,3.46,35.93,4.6,4.15,0.88,0.12,4.26
2021-07-21,38.44,137.0,221.7501563483418,0.40893039810846626,253,509947.7870967742,47.45,5.58,3.41,35.36,4.54,4.08,0.88,0.11,4.2
2021-07-22,38.33,121.0,223.10663952432824,0.4100513063756597,253,510141.8064516129,47.1,5.64,3.37,35.64,4.6,4.11,0.88,0.12,4.17
2021-07-23,37.69,200.0,223.7228235899298,0.42038599048459213,253,510335.8258064516,47.29,5.5,3.43,34.27,4.6,4.17,0.88,0.12,4.24
2021-07-24,38.72,204.0,223.70120827281534,0.4138825160686192,253,510529.8451612903,48.36,5.61,3.5,35.28,4.66,4.24,0.86,0.12,4.28
2021-07-25,37.67,184.0,224.39448057371098,0.4251899173946334,253,510723.864516129,47.51,5.67,3.62,35.28,4.77,4.31,0.84,0.12,4.14
2021-07-26,38.44,153.0,225.00007122972642,0.41760894976758306,253,510917.8838709677,47.62,5.88,3.42,35.28,4.55,4.36,0.86,0.12,4.08
2021-07-27,37.52,92.0,224.71445639675622,0.42927559524783065,253,511111.9032258065,47.55,5.64,3.39,35.14,4.59,4.25,0.88,0.12,4.06
2021-07-28,38.81,219.0,224.34438410796415,0.4123122329100739,253,511305.9225806452,48.07,5.37,3.44,35.51,4.66,4.29,0.88,0.12,4.25
2021-07-29,39.39,192.0,224.44031723553624,0.39682669286262007,253,511499.9419354839,48.48,5.86,3.59,36.49,4.7,4.43,0.88,0.12,4.19
2021-07-30,39.98,185.0,224.48818442870976,0.3873287954313618,254,511693.9612903226,50.06,6.3,3.72,36.86,4.8,4.45,0.95,0.12,4.14
2021-07-31,41.06,200.0,224.02019671387066,0.3810164336547291,254,511887.9806451613,51.86,6.27,3.81,35.3,4.91,4.35,1.07,0.12,4.1
2021-08-01,39.73,190.0,225.11259888646813,0.3952891861541056,254,512082.0,51.33,6.44,3.75,36.08,4.56,4.22,1.03,0.12,4.11
2021-08-02,40.39,174.0,225.31102272452193,0.3859595537244679,254,512090.6741935484,50.98,6.48,3.87,35.29,4.51,4.34,0.95,0.12,4.17
2021-08-03,41.15,212.0,225.50634973372055,0.37892064043180956,254,512099.3483870968,51.9,6.02,3.75,36.04,4.78,4.31,1.0,0.12,4.23
2021-08-04,41.51,184.0,225.47126758048896,0.3707187406322943,254,512108.02258064516,52.0,6.29,3.96,36.11,4.95,4.3,1.0,0.12,4.29
2021-08-05,42.26,136.0,225.03966957153236,0.3692564312714951,254,512116.69677419355,51.79,6.39,3.74,36.34,4.92,4.3,1.01,0.12,4.18
2021-08-06,41.91,220.0,225.19027547809245,0.3705370260844201,254,512125.37096774194,52.15,6.31,3.88,37.12,5.04,4.3,0.96,0.12,4.33
2021-08-07,42.01,146.0,224.98580921689668,0.3689673635393476,254,512134.0451612903,51.84,6.45,3.73,36.0,5.13,4.39,0.93,0.12,4.31
2021-08-08,41.85,169.0,226.0758077644638,0.3692427235625704,254,512142.7193548387,51.26,6.46,3.85,37.56,4.86,4.25,0.91,0.12,4.23
2021-08-09,39.61,152.0,226.3256512648269,0.3869433904654477,254,512151.3935483871,49.66,6.47,3.89,38.98,4.73,4.1,0.91,0.12,4.36
2021-08-10,40.92,235.0,225.23571474824496,0.3704312003161509,254,512160.0677419355,50.03,6.22,3.88,40.31,4.86,4.09,0.9,0.12,4.35
2021-08-11,42.24,160.0,224.92804699225374,0.36424260772679856,254,512168.7419354839,52.15,6.46,3.92,38.91,4.95,4.18,0.9,0.12,4.34
2021-08-12,41.37,158.0,224.97068451948678,0.3832363277831886,254,512177.41612903227,49.07,6.53,3.82,39.17,4.91,4.18,0.92,0.11,4.49
2021-08-13,42.07,199.0,225.36910266884533,0.37624251471808057,254,512186.09032258065,49.87,6.78,3.74,38.64,5.01,4.17,0.88,0.12,4.31
2021-08-14,42.74,172.0,225.430091594045,0.3701397585871982,254,512194.76451612904,47.9,6.97,3.81,37.77,4.97,4.13,0.92,0.12,4.43
2021-08-15,42.9,164.0,225.96740171871224,0.36978179893372054,254,512203.43870967743,48.1,6.58,3.67,38.32,4.78,4.09,0.92,0.12,4.51
2021-08-16,40.11,138.0,226.14424676228518,0.39451019806667953,254,512212.1129032258,48.36,6.39,3.74,36.93,4.61,3.92,0.88,0.12,4.39
2021-08-17,39.04,116.0,226.2574917998063,0.4048599215123065,254,512220.7870967742,46.86,6.22,3.56,36.58,4.42,3.93,0.87,0.12,4.45
2021-08-18,38.35,118.0,225.79473096707818,0.4103438020492563,254,512229.4612903226,47.15,6.18,3.63,37.32,4.69,4.1,0.89,0.11,4.47
2021-08-19,39.12,165.0,223.595440238441,0.3958351093588455,254,512238.135483871,46.65,6.23,3.7,35.69,4.76,3.88,0.88,0.11,4.63
2021-08-20,40.29,191.0,224.04598907649483,0.38532358871904365,254,512246.80967741937,48.24,6.42,3.74,35.06,4.73,4.02,0.87,0.11,4.54
2021-08-21,40.77,172.0,223.8580719559429,0.3780794394026934,254,512255.48387096776,47.69,6.38,3.71,36.3,4.97,4.06,0.89,0.11,4.61
2021-08-22,40.38,158.0,223.8473809610264,0.382180077891791,254,512264.15806451614,47.64,6.35,3.72,36.87,4.84,4.09,0.93,0.11,4.71
2021-08-23,40.18,162.0,223.8070797627693,0.38898840103767285,254,512272.83225806453,48.01,6.17,3.61,39.04,4.8,4.01,0.9,0.11,4.48
2021-08-24,41.27,222.0,224.4886697228274,0.37982903349464475,254,512281.5064516129,48.91,6.48,3.64,36.82,4.75,3.86,0.89,0.11,4.3
2021-08-25,42.49,241.0,225.8210253570564,0.36865271991587345,254,512290.1806451613,49.86,6.76,3.79,34.95,4.86,4.01,0.93,0.11,4.48
2021-08-26,42.53,182.0,226.84242861897843,0.3634640549919582,254,512298.8548387097,50.36,6.58,3.77,39.47,4.68,4.0,0.9,0.11,4.42
2021-08-27,43.22,206.0,226.62379308884047,0.3598732069845435,254,512307.5290322581,49.73,6.71,3.85,37.05,4.69,3.94,0.91,0.11,4.49
2021-08-28,43.19,197.0,226.44128491890584,0.36104705403509824,254,512316.2032258065,50.06,6.71,3.86,37.47,4.68,4.03,0.95,0.11,4.51
2021-08-29,42.3,148.0,226.95557083635924,0.36745394749391247,254,512324.87741935486,48.55,6.74,3.73,36.98,4.77,4.0,0.9,0.11,4.39
2021-08-30,42.05,183.0,226.48814415395788,0.3693961421419584,254,512333.55161290325,48.39,6.6,3.46,35.62,4.78,4.05,0.89,0.11,4.27
2021-08-31,41.62,173.0,226.65912708787218,0.3734045312285366,254,512342.22580645164,48.2,6.68,3.69,35.01,4.78,4.0,0.91,0.12,4.21
2021-09-01,42.53,175.0,227.63013041636404,0.3636805572009233,262,512350.9,47.35,6.5,3.75,34.17,4.75,3.99,0.89,0.12,4.27
2021-09-02,40.57,126.0,228.47892895182764,0.3810279670779071,262,512353.73000000004,47.37,6.82,3.76,34.29,4.74,4.18,0.88,0.12,4.52
2021-09-03,42.85,175.0,228.53381309005084,0.36206972601984566,262,512356.56,47.97,6.65,3.84,32.44,4.87,4.21,0.9,0.12,4.8
2021-09-04,43.07,158.0,228.73113129387553,0.36245753339185127,262,512359.39,49.12,6.55,3.84,31.2,4.76,4.22,0.91,0.12,4.68
2021-09-05,43.75,191.0,229.36730374001453,0.3532730429533169,262,512362.22000000003,49.02,6.65,3.88,32.88,4.72,4.1,0.96,0.12,4.55
2021-09-06,43.59,174.0,229.37497064875333,0.35208921700625256,262,512365.05000000005,48.68,6.49,3.91,33.38,4.85,4.2,0.93,0.12,4.78
2021-09-07,42.66,139.0,229.09813026506893,0.36123846058794323,262,512367.88,49.11,6.72,3.92,33.65,4.68,4.04,0.94,0.12,4.63
2021-09-08,41.37,114.0,228.42117565359476,0.3717064909546802,262,512370.71,49.45,6.51,4.01,28.23,4.58,3.99,0.93,0.13,4.72
2021-09-09,42.76,152.0,228.4161139554587,0.3580414630702742,262,512373.54000000004,49.61,6.61,3.9,34.69,4.72,3.98,0.94,0.13,4.83
2021-09-10,43.17,182.0,228.5386975913822,0.3444108557122572,262,512376.37,49.55,6.7,4.04,34.73,4.63,4.16,0.94,0.13,4.77
2021-09-11,43.03,272.0,228.4453683732752,0.3483555352065571,262,512379.2,48.52,6.44,3.94,35.32,4.57,4.17,0.96,0.13,4.81
2021-09-12,41.74,156.0,229.8041274812394,0.3565613245725792,262,512382.03,47.84,6.31,3.75,33.74,4.43,4.02,0.94,0.13,4.69
2021-09-13,42.3,199.0,229.31416672718464,0.34978246322882844,262,512384.86,48.33,6.5,3.68,33.31,4.4,3.99,0.92,0.14,4.73
2021-09-14,42.28,183.0,228.18575904744614,0.3506300066672757,262,512387.69,48.72,6.42,3.66,33.49,4.57,3.94,0.95,0.14,4.79
2021-09-15,43.14,174.0,229.73040528927618,0.3450428669063554,262,512390.52,49.11,6.71,4.2,33.95,4.59,4.04,0.92,0.14,4.73
2021-09-16,43.58,167.0,229.7131419147906,0.3404792876486217,262,512393.35,48.3,6.6,4.31,35.27,4.57,4.19,0.89,0.15,4.83
2021-09-17,43.04,197.0,229.0080814270152,0.34450931233946847,262,512396.18,48.85,6.63,4.36,33.08,4.51,3.96,0.88,0.16,4.81
2021-09-18,43.48,178.0,229.1629256838538,0.3403380202327758,262,512399.01,49.12,6.72,4.29,34.48,4.66,4.06,0.86,0.15,4.88
2021-09-19,43.04,190.0,229.31059713144515,0.3425036605298705,262,512401.84,48.28,6.73,4.02,34.93,4.62,3.97,0.87,0.16,4.76
2021-09-20,42.58,166.0,229.53774936456068,0.34592652666135626,262,512404.67,47.58,6.51,4.1,35.21,4.54,3.96,0.88,0.15,4.67
2021-09-21,42.9,202.0,229.17801013677078,0.3437752362418236,262,512407.5,47.0,6.36,4.0,33.1,4.44,3.87,0.91,0.17,4.62
2021-09-22,34.95,392.0,231.22768494311302,0.41754546841445156,262,512410.33,39.21,5.26,3.21,27.46,3.63,3.26,0.75,0.13,4.05
2021-09-23,32.85,197.0,229.91686262406196,0.43945449546954696,262,512413.16,35.0,4.72,3.02,26.91,3.36,2.9,0.71,0.13,3.55
2021-09-24,33.06,138.0,229.40008493706125,0.4360707005445341,262,512415.99,35.62,4.69,3.0,25.8,3.58,3.01,0.72,0.13,3.65
2021-09-25,32.96,153.0,228.38334452916968,0.4389527844861474,262,512418.82,35.19,4.72,2.91,25.93,3.34,2.85,0.72,0.13,3.6
2021-09-26,32.71,119.0,227.98779218106998,0.445202593882592,262,512421.65,37.47,4.9,3.2,30.32,3.69,3.13,0.72,0.13,3.57
2021-09-27,32.15,157.0,227.69702553861043,0.4490919348331804,262,512424.48,37.99,4.67,3.18,30.37,3.29,2.99,0.69,0.13,3.57
2021-09-28,32.38,132.0,226.37293527596228,0.444354084751616,262,512427.31,38.01,4.75,3.31,29.64,3.59,3.08,0.72,0.13,3.52
2021-09-29,33.3,153.0,225.57539167271847,0.4322161228246149,262,512430.14,38.04,4.88,3.17,26.36,3.31,3.05,0.73,0.12,3.17
2021-09-30,33.86,171.0,225.81249095255387,0.42734180861836185,262,512432.97,38.42,4.91,3.2,27.91,3.46,2.93,0.72,0.12,3.23
2021-10-01,33.75,189.0,226.7061371338659,0.4260318783364681,254,512435.8,37.58,4.68,3.07,29.4,3.77,2.91,0.74,0.12,3.25
2021-10-02,34.71,173.0,226.29364524328253,0.4141094248857834,254,513588.24838709674,38.42,4.57,3.19,28.03,3.65,3.11,0.77,0.13,3.31
2021-10-03,33.63,155.0,226.70353746066334,0.420592834564158,255,514740.69677419355,38.81,4.83,3.22,28.4,3.71,3.18,0.72,0.13,3.29
2021-10-04,32.67,139.0,226.5727299685306,0.43424561732623357,256,515893.1451612903,38.64,4.82,3.29,26.06,3.73,3.19,0.69,0.12,3.28
2021-10-05,33.74,184.0,226.43889678649234,0.4257886014177369,256,517045.59354838706,37.31,5.03,3.38,26.02,3.63,3.15,0.69,0.13,3.36
2021-10-06,33.51,188.0,226.52467362624063,0.4281464720700479,257,518198.04193548387,36.85,4.95,3.35,28.29,3.52,2.98,0.67,0.13,3.32
2021-10-07,32.82,128.0,226.21538483418058,0.4356382428253372,257,519350.4903225806,36.87,5.01,3.34,27.5,3.49,2.99,0.69,0.14,3.88
2021-10-08,33.6,215.0,225.831295842411,0.422937976735499,258,520502.9387096774,38.15,5.14,3.46,27.77,3.61,3.14,0.7,0.14,3.89
2021-10-09,33.68,229.0,226.26439161220043,0.4239186503530328,258,521655.3870967742,37.54,5.46,3.55,27.86,3.8,3.16,0.71,0.14,3.9
2021-10-10,32.7,189.0,225.4666740801258,0.42735180028839526,259,522807.83548387093,37.51,5.32,3.67,27.45,3.66,3.13,0.72,0.13,3.82
2021-10-11,33.44,155.0,225.60008067053985,0.41608537947715896,260,523960.28387096775,37.13,5.51,3.79,28.82,3.62,3.05,0.73,0.13,3.59
2021-10-12,33.37,175.0,224.40252898813847,0.4161530408144732,260,525112.7322580644,37.3,5.39,3.81,26.77,3.74,3.04,0.72,0.13,3.52
2021-10-13,31.84,217.0,222.5740690510772,0.4278940572836695,261,526265.1806451613,36.91,5.55,3.64,30.11,3.98,3.06,0.71,0.12,3.62
2021-10-14,32.79,160.0,223.0188700375212,0.4188240140953314,261,527417.6290322581,36.74,5.54,3.81,28.35,3.97,3.07,0.7,0.13,3.65
2021-10-15,33.08,164.0,220.65034056523842,0.41564473556177295,262,528570.0774193548,37.1,5.65,3.83,28.26,3.89,3.14,0.76,0.12,3.83
2021-10-16,32.57,209.0,220.2623469801501,0.41609782283484975,262,529722.5258064516,37.09,5.54,3.84,27.33,3.87,3.16,0.76,0.12,3.89
2021-10-17,32.06,210.0,220.17805555555557,0.42152277711139163,263,530874.9741935483,36.24,5.44,3.85,27.39,3.6,3.17,0.77,0.12,3.73
2021-10-18,32.3,192.0,218.61606263616557,0.4178286579371299,264,532027.4225806452,35.6,5.4,3.71,28.51,3.71,3.04,0.74,0.11,3.67
2021-10-19,33.66,269.0,217.70518718228033,0.4029496902298707,264,533179.8709677419,36.57,5.82,3.73,27.24,3.85,3.13,0.7,0.11,3.63
2021-10-20,32.26,158.0,217.58716911764702,0.42093396968825203,265,534332.3193548387,36.42,6.44,3.7,26.9,3.88,3.12,0.74,0.12,3.71
2021-10-21,32.57,165.0,216.37935015734692,0.4143976835117643,265,535484.7677419354,36.13,6.14,3.88,25.21,3.97,3.1,0.71,0.11,3.66
2021-10-22,29.56,220.0,215.43703609900749,0.4445587612903835,266,536637.2161290322,33.72,5.31,3.45,24.32,3.52,2.77,0.66,0.11,3.28
2021-10-23,30.72,246.0,215.5912210723796,0.4299869840069873,266,537789.664516129,34.62,5.51,3.54,24.81,3.53,2.81,0.65,0.1,3.43
2021-10-24,30.97,228.0,214.6771739288308,0.42536291590614844,267,538942.1129032258,35.26,5.58,3.47,26.17,3.68,3.03,0.65,0.1,3.41
2021-10-25,29.78,188.0,214.380963023481,0.43949583577879175,268,540094.5612903226,35.98,5.32,3.35,25.33,3.59,2.92,0.66,0.11,3.27
2021-10-26,30.24,137.0,214.3843972403776,0.4312470885882343,268,541247.0096774193,35.66,5.4,3.35,24.2,3.29,2.8,0.66,0.1,3.19
2021-10-27,30.69,166.0,213.55913949406926,0.42227696080190275,269,542399.4580645161,36.41,5.27,3.5,24.44,3.47,2.83,0.63,0.1,3.1
2021-10-28,31.6,285.0,213.06119616920842,0.4127674820869991,269,543551.9064516128,36.26,5.3,3.5,23.74,3.37,2.94,0.66,0.1,3.13
2021-10-29,31.33,167.0,221.39421638223197,0.41920242993040074,270,544704.3548387096,35.15,5.26,3.28,24.19,3.46,2.82,0.64,0.1,3.21
2021-10-30,31.05,180.0,214.3512719377875,0.41936148408074786,270,545856.8032258064,35.37,5.51,3.32,25.56,3.4,2.82,0.63,0.1,3.18
2021-10-31,30.74,165.0,216.79766224885017,0.4277299376185138,271,547009.2516129032,35.86,5.45,3.44,26.82,3.43,2.66,0.62,0.1,3.32
2021-11-01,30.41,209.0,217.8604993343016,0.4354242329102327,281,548161.7,35.66,5.33,3.35,27.74,3.54,2.8,0.67,0.1,3.41
2021-11-02,31.45,204.0,218.47203413217136,0.42416149189538976,281,548110.1166666666,35.1,5.52,3.24,27.68,3.55,2.96,0.67,0.1,3.4
2021-11-03,32.67,222.0,218.84318560881144,0.41448905827108157,281,548058.5333333333,37.47,5.58,3.31,27.81,3.63,2.97,0.67,0.1,3.49
2021-11-04,32.9,139.0,218.95407074558221,0.4115865451078582,281,548006.95,37.28,5.64,3.48,27.09,3.74,2.96,0.63,0.1,3.53
2021-11-05,32.17,196.0,220.09167822561122,0.4186573488650567,281,547955.3666666666,37.21,5.85,3.56,27.03,3.64,3.07,0.64,0.09,3.61
2021-11-06,32.76,231.0,220.27045939239895,0.41238452707377243,281,547903.7833333333,37.56,5.88,3.5,26.55,3.67,3.16,0.63,0.09,3.68
2021-11-07,31.31,188.0,220.50401476640036,0.42921956757459245,281,547852.2,36.74,5.79,3.52,26.05,3.57,3.1,0.57,0.09,3.38
2021-11-08,29.94,173.0,220.96837509077702,0.4463999785127788,280,547800.6166666666,35.74,5.78,3.41,25.76,3.33,2.83,0.56,0.09,3.27
2021-11-09,29.44,160.0,220.8364250484144,0.454941107388854,280,547749.0333333333,35.1,5.74,3.26,25.56,3.48,2.76,0.59,0.1,2.93
2021-11-10,29.63,264.0,220.5109591503268,0.44906127051797157,280,547697.45,35.16,5.42,3.1,26.37,3.31,2.68,0.63,0.1,3.01
2021-11-11,29.64,170.0,220.4022103001695,0.4494537693118176,280,547645.8666666666,33.99,5.58,3.25,27.25,3.32,2.68,0.59,0.1,3.13
2021-11-12,29.41,185.0,220.5577068809005,0.4519617710867687,280,547594.2833333333,34.24,5.52,3.39,25.76,3.28,2.73,0.6,0.09,3.02
2021-11-13,29.68,211.0,220.72769583635923,0.44582396955807296,280,547542.7,35.27,5.69,3.45,25.98,3.41,2.91,0.61,0.1,3.11
2021-11-14,29.64,260.0,220.43971508109414,0.4459807550536478,280,547491.1166666666,35.24,5.62,3.47,25.85,3.22,2.84,0.64,0.1,3.13
2021-11-15,30.81,261.0,220.4940674776083,0.4324415522956979,280,547439.5333333333,35.51,5.64,3.48,26.59,3.28,2.83,0.64,0.1,3.16
2021-11-16,30.53,176.0,220.6883653473735,0.43551726697033927,280,547387.95,34.5,5.76,3.53,24.7,3.26,2.86,0.61,0.1,3.34
2021-11-17,30.41,179.0,220.64213117283956,0.439418367390864,280,547336.3666666666,34.73,5.78,3.46,24.49,3.39,2.69,0.63,0.1,3.17
2021-11-18,31.14,221.0,221.1180337690632,0.43279617830955214,280,547284.7833333333,36.43,5.79,3.51,25.14,3.48,2.87,0.63,0.1,3.23
2021-11-19,31.68,187.0,221.2476376180102,0.42424572875330246,280,547233.2,36.63,5.67,3.64,26.68,3.57,2.86,0.63,0.1,3.36
2021-11-20,31.54,203.0,220.79316984386352,0.42345447911993017,280,547181.6166666666,36.1,5.56,3.78,26.34,3.53,2.93,0.63,0.1,3.49
2021-11-21,31.54,216.0,221.59382728152994,0.42542360507246374,280,547130.0333333333,37.08,5.77,3.66,26.44,3.62,2.9,0.66,0.11,3.37
2021-11-22,32.21,194.0,221.56590308036792,0.41665255634783444,280,547078.45,37.48,6.08,3.66,26.61,3.65,2.94,0.62,0.1,3.43
2021-11-23,31.22,161.0,221.79446402202862,0.4274511077770588,280,547026.8666666666,36.6,5.96,3.73,28.71,3.71,2.87,0.62,0.1,3.33
2021-11-24,30.82,228.0,220.92568733357547,0.4338580814871403,280,546975.2833333333,37.09,5.79,3.43,28.1,3.44,2.89,0.61,0.11,3.17
2021-11-25,31.34,305.0,220.78679487412245,0.4243034055022744,280,546923.7,37.32,5.82,3.17,28.89,3.26,2.71,0.61,0.1,3.2
2021-11-26,31.67,267.0,221.00025529532806,0.4205695815973608,280,546872.1166666666,37.66,5.72,3.27,25.6,3.5,2.93,0.61,0.11,3.13
2021-11-27,31.7,187.0,221.55432262164126,0.41968871557460563,280,546820.5333333333,35.79,5.73,3.25,26.99,3.64,2.96,0.61,0.11,3.43
2021-11-28,31.47,202.0,221.71452841321715,0.421029271511851,280,546768.95,36.46,5.66,3.57,27.68,3.73,3.08,0.61,0.1,3.21
2021-11-29,32.01,212.0,222.25981000363106,0.4116662501492761,280,546717.3666666666,37.16,5.83,3.54,25.72,3.53,3.02,0.61,0.1,3.34
2021-11-30,31.45,189.0,223.3127260651174,0.4211905108381309,280,546665.7833333333,35.84,5.68,3.49,26.11,3.6,3.08,0.59,0.1,3.16
2021-12-01,32.64,202.0,225.14298592955697,0.411506199173005,271,546614.2,36.63,5.65,3.58,26.75,3.73,3.13,0.59,0.1,3.14
2021-12-02,32.44,202.0,225.78563156620672,0.41477143522662235,272,548412.9774193548,36.92,5.72,3.69,26.41,3.67,3.15,0.61,0.1,3.4
2021-12-03,32.81,149.0,227.4488149055919,0.4126423640096805,273,550211.7548387096,37.49,5.89,3.85,26.04,3.81,3.17,0.62,0.1,3.29
2021-12-04,33.89,240.0,228.21207746308403,0.4042450529387028,274,552010.5322580645,38.54,5.88,3.79,27.4,3.91,3.22,0.62,0.1,3.36
2021-12-05,33.65,161.0,230.30814763374488,0.4092922227188902,274,553809.3096774194,37.92,5.85,3.85,27.24,3.86,3.3,0.63,0.1,3.36
2021-12-06,33.41,189.0,230.85142035826672,0.41700155170122283,275,555608.0870967741,38.73,6.02,3.68,28.17,3.79,3.31,0.62,0.1,3.53
2021-12-07,34.26,161.0,230.5751927196805,0.4086522412701553,276,557406.864516129,38.35,5.91,3.69,25.08,3.88,2.98,0.63,0.1,3.56
2021-12-08,35.26,235.0,230.2539740982813,0.4010377541229296,277,559205.6419354839,37.88,5.98,3.86,29.74,3.86,3.21,0.61,0.1,3.46
2021-12-09,35.56,187.0,231.06182997458248,0.3989883378437554,278,561004.4193548387,38.34,5.84,3.8,28.72,3.85,3.12,0.63,0.1,3.58
2021-12-10,36.37,171.0,231.4328881929315,0.3857563123660064,279,562803.1967741936,38.62,6.11,3.83,28.03,3.76,3.2,0.64,0.09,3.64
2021-12-11,34.22,168.0,231.67356684216898,0.4101405955552255,280,564601.9741935483,38.75,6.12,3.79,27.43,3.77,3.16,0.67,0.1,3.58
2021-12-12,34.94,197.0,232.85824546114733,0.3984587454027455,281,566400.7516129032,38.83,6.22,3.68,26.3,3.54,3.0,0.67,0.09,3.61
2021-12-13,35.7,189.0,231.07794616920842,0.39571710422814527,282,568199.5290322581,38.81,6.05,3.59,27.67,3.6,2.96,0.68,0.1,3.5
2021-12-14,34.49,184.0,232.1582677620431,0.41205699675792806,282,569998.3064516129,39.48,6.01,3.9,27.74,3.73,3.02,0.69,0.1,3.65
2021-12-15,34.21,170.0,233.30632259138224,0.4190759476919838,283,571797.0838709677,38.75,6.15,3.78,26.72,3.78,3.11,0.65,0.09,3.52
2021-12-16,33.92,185.0,233.16394256838538,0.42266692090592917,284,573595.8612903226,37.96,5.87,3.8,25.55,3.84,3.16,0.66,0.1,3.48
2021-12-17,33.33,165.0,234.05755549503752,0.4325175174329114,285,575394.6387096774,38.56,6.09,3.91,24.85,3.84,3.14,0.68,0.1,3.53
2021-12-18,33.81,192.0,234.00528277051563,0.428772438782621,286,577193.4161290323,39.0,6.26,3.85,28.38,3.76,3.29,0.7,0.09,3.79
2021-12-19,33.81,183.0,234.3585567659162,0.4285662286518448,287,578992.1935483871,40.07,6.13,3.76,26.73,3.81,3.2,0.67,0.1,3.82
2021-12-20,35.17,217.0,234.28488238320017,0.4101888485974693,288,580790.9709677419,40.28,6.06,3.86,28.6,3.79,3.25,0.66,0.09,3.76
2021-12-21,34.79,193.0,234.39805186395546,0.40918029026589303,289,582589.7483870968,40.11,5.81,3.77,28.48,3.68,3.26,0.66,0.09,3.62
2021-12-22,34.46,185.0,234.73440634834182,0.41812015087358984,290,584388.5258064517,38.94,5.93,3.84,28.77,3.92,3.27,0.67,0.09,3.61
2021-12-23,34.94,211.0,235.2104717380779,0.4158000603005213,290,586187.3032258064,40.3,6.13,3.79,27.31,3.72,3.23,0.66,0.09,3.73
2021-12-24,36.62,285.0,234.93763023480994,0.39925331578437756,291,587986.0806451613,40.9,6.36,4.02,28.71,3.8,3.16,0.65,0.1,3.82
2021-12-25,38.19,254.0,234.9309863834423,0.3806841309643499,292,589784.8580645162,42.88,6.46,4.01,29.95,3.94,3.22,0.67,0.1,3.95
2021-12-26,36.72,187.0,235.40075587024933,0.39701808269590344,293,591583.635483871,42.22,6.63,4.05,29.88,3.88,3.2,0.67,0.1,3.89
2021-12-27,36.6,208.0,235.415698862261,0.3970026157133999,294,593382.4129032259,41.87,6.62,4.0,29.75,3.82,3.17,0.65,0.1,3.86
2021-12-28,37.44,210.0,235.5909448680707,0.38532841002033363,295,595181.1903225806,41.33,6.72,4.15,29.06,4.0,3.29,0.69,0.1,4.06
2021-12-29,38.33,195.0,235.4258218954249,0.3805342261984282,296,596979.9677419355,40.81,6.58,4.16,29.46,4.16,3.31,0.71,0.1,3.9
2021-12-30,37.68,183.0,235.02545324981844,0.3859771403645715,297,598778.7451612904,40.8,6.95,4.03,29.39,4.22,3.39,0.68,0.11,4.0
2021-12-31,39.65,262.0,235.21161204914063,0.36785860500736905,298,600577.5225806452,41.63,6.81,4.18,30.0,4.24,3.41,0.71,0.11,4.23
2022-01-01,39.84,185.0,237.73266025175505,0.36719660115622443,298,602376.3,42.43,7.02,4.31,30.42,4.34,3.51,0.72,0.11,4.31
2022-01-02,39.8,248.0,240.19061571048167,0.3679027776219643,299,603417.0129032258,42.11,6.75,4.39,29.89,4.4,3.59,0.72,0.11,4.16
2022-01-03,38.43,186.0,241.104917241588,0.3816800465095619,299,604457.7258064516,41.09,6.61,4.36,28.68,4.29,3.63,0.74,0.11,3.98
2022-01-04,37.83,200.0,240.8436660917453,0.3858018922281331,300,605498.4387096774,41.92,6.5,4.28,29.47,4.14,3.52,0.73,0.11,3.81
2022-01-05,38.66,192.0,240.78889412369892,0.37626639663029715,301,606539.1516129032,42.73,6.48,4.23,29.04,4.17,3.55,0.74,0.11,3.74
2022-01-06,38.55,153.0,240.69587136891798,0.3794229815598126,301,607579.864516129,43.14,6.53,4.44,29.94,4.38,3.65,0.8,0.11,3.84
2022-01-07,38.48,205.0,240.14523036189786,0.3811412292230505,302,608620.5774193549,42.52,6.44,4.53,30.39,4.5,3.73,0.84,0.11,4.14
2022-01-08,39.28,198.0,240.51118515492615,0.37213567831679645,302,609661.2903225807,43.25,6.99,4.57,29.75,4.51,3.62,0.83,0.11,4.26
2022-01-09,40.68,165.0,237.5516045146453,0.3589355295749295,303,610702.0032258065,43.14,6.82,4.55,29.38,4.53,3.73,0.81,0.12,3.97
2022-01-10,38.82,133.0,237.12765559186644,0.3733937331635572,303,611742.7161290323,42.32,6.61,4.36,28.73,4.51,3.69,0.83,0.12,3.85
2022-01-11,37.98,164.0,237.5677715746793,0.3809803108849114,304,612783.4290322581,41.94,6.57,4.52,29.18,4.6,3.62,0.83,0.12,4.01
2022-01-12,38.06,177.0,238.5326018518519,0.3802476798868865,304,613824.1419354839,42.67,6.51,4.62,30.45,4.54,3.55,0.83,0.12,3.85
2022-01-13,39.08,137.0,238.9322943597192,0.3711478922650021,305,614864.8548387097,43.54,6.49,4.47,30.77,4.63,3.66,0.81,0.12,3.98
2022-01-14,39.12,213.0,238.50810929557008,0.36726324941570915,305,615905.5677419355,42.26,6.7,4.61,30.53,4.28,3.5,0.83,0.12,3.88
2022-01-15,39.97,172.0,239.03665625756472,0.36428390376986247,306,616946.2806451613,43.66,6.85,5.07,29.78,4.63,3.56,0.82,0.12,3.91
2022-01-16,39.35,167.0,239.82917870975558,0.3684416999149197,306,617986.9935483871,45.28,6.55,5.03,28.44,4.72,3.58,0.84,0.12,3.84
2022-01-17,38.68,148.0,240.44682371096587,0.3788432369530663,307,619027.706451613,44.88,6.65,4.8,28.78,4.79,3.58,0.85,0.12,3.77
2022-01-18,38.07,181.0,240.56252202856453,0.38425116723806957,307,620068.4193548388,43.81,6.66,5.04,29.35,4.96,3.63,0.85,0.12,3.99
2022-01-19,37.74,139.0,240.68415746792542,0.39049309195584064,308,621109.1322580646,44.42,6.51,4.93,28.95,4.88,3.46,0.85,0.13,3.82
2022-01-20,37.74,165.0,240.4804786068748,0.38967714304890355,296,622149.8451612904,44.75,6.7,5.08,29.72,4.86,3.71,0.84,0.13,3.91
2022-01-21,37.9,190.0,240.41386144396031,0.39204615472359744,297,623190.5580645162,44.11,6.18,4.74,29.35,4.76,3.59,0.83,0.13,3.59
2022-01-22,36.5,184.0,241.91223620188816,0.40771779066045066,297,624231.270967742,43.4,6.23,4.56,30.54,4.71,3.5,0.85,0.14,3.7
2022-01-23,37.02,164.0,241.98566261195833,0.39808913156552866,298,625271.9838709678,42.0,6.2,4.4,27.55,4.61,3.47,0.83,0.14,3.62
2022-01-24,36.0,145.0,242.35838528806588,0.4065866463301851,298,626312.6967741936,42.11,6.03,4.43,28.34,4.64,3.48,0.83,0.14,3.64
2022-01-25,35.91,196.0,242.68388117283945,0.40758129242108665,299,627353.4096774193,42.2,6.13,4.51,28.66,4.61,3.48,0.83,0.15,3.61
2022-01-26,34.17,134.0,241.8717227063665,0.423096617007958,299,628394.1225806451,42.12,5.97,4.49,28.5,4.56,3.36,0.84,0.14,3.66
2022-01-27,33.68,131.0,243.11102227063668,0.4300541416549409,300,629434.835483871,39.26,5.96,4.46,28.01,4.39,3.38,0.8,0.16,3.65
2022-01-28,34.04,161.0,241.02959065601547,0.42298056794131794,300,630475.5483870968,39.28,5.92,4.33,28.75,4.38,3.41,0.79,0.15,3.72
2022-01-29,34.6,192.0,242.76877390462357,0.42143025775341014,301,631516.2612903226,39.07,6.0,4.36,27.9,4.37,3.34,0.8,0.14,3.7
2022-01-30,34.71,211.0,242.9358301258775,0.4241715633159057,301,632556.9741935484,39.42,5.7,4.3,28.17,4.24,3.35,0.77,0.14,3.49
2022-01-31,34.16,211.0,244.20512530259018,0.43127617243631083,302,633597.6870967742,40.17,5.66,4.35,27.76,4.17,3.45,0.79,0.14,3.53
2022-02-01,34.97,139.0,246.2485938332123,0.4221519505806666,335,634638.4,36.77,5.63,4.16,29.15,4.27,3.49,0.79,0.14,3.64
2022-02-02,35.38,190.0,246.87622600459932,0.42074064802526323,334,632740.2321428572,41.65,6.0,4.38,28.96,4.36,3.44,0.79,0.14,3.61
2022-02-03,36.3,214.0,247.5372443113048,0.4086886708235708,333,630842.0642857143,41.99,5.8,4.26,29.45,4.33,3.4,0.79,0.15,3.59
2022-02-04,34.53,216.0,248.99487838900993,0.4320318380899188,332,628943.8964285714,40.87,6.01,4.11,28.54,4.45,3.42,0.78,0.14,3.56
2022-02-05,36.15,236.0,249.42949591503262,0.41368746796424793,331,627045.7285714286,41.77,5.94,4.21,28.53,4.48,3.46,0.82,0.14,3.69
2022-02-06,35.24,177.0,248.99451074195107,0.42550664131377364,330,625147.5607142857,42.05,5.92,4.2,29.35,4.48,3.45,0.86,0.14,3.69
2022-02-07,34.68,163.0,249.71866584967322,0.4324520545483072,329,623249.3928571428,41.52,6.11,3.98,27.61,4.4,3.47,0.84,0.14,3.46
2022-02-08,34.73,162.0,247.83458336359232,0.43012782078643,328,621351.225,41.49,5.77,3.9,27.46,4.34,3.49,0.84,0.14,3.49
2022-02-09,34.37,149.0,246.34358902202862,0.42696853237213467,327,619453.0571428571,42.09,5.74,3.98,28.88,4.39,3.49,0.82,0.14,3.38
2022-02-10,35.53,199.0,245.0803281590414,0.40726878344847367,326,617554.8892857142,42.95,6.24,4.1,29.42,4.51,3.49,0.86,0.15,3.38
2022-02-11,35.93,211.0,244.78510814572743,0.40273531023348236,325,615656.7214285714,43.63,6.2,4.11,28.4,4.46,3.5,0.87,0.15,3.61
2022-02-12,35.81,348.0,245.36361791939004,0.4027736722135213,324,613758.5535714285,43.09,6.52,4.14,27.47,4.47,3.51,0.86,0.14,3.7
2022-02-13,36.64,268.0,246.96047080004843,0.393885882895124,323,611860.3857142857,43.87,6.57,4.05,27.42,4.47,3.5,0.82,0.15,3.56
2022-02-14,37.16,194.0,247.029542211329,0.3912117088146977,322,609962.2178571428,43.49,6.99,4.19,27.61,4.49,3.54,0.82,0.15,3.54
2022-02-15,36.69,208.0,248.68464845073836,0.3971627965100096,321,608064.05,43.56,7.15,4.27,29.03,4.53,3.54,0.82,0.15,3.68
2022-02-16,35.86,170.0,249.21365967683366,0.4051237092279679,320,606165.8821428572,43.68,7.12,4.17,26.37,4.51,3.54,0.82,0.15,3.71
2022-02-17,36.55,221.0,250.11538801137738,0.39736006433476906,319,604267.7142857143,44.67,7.39,4.31,28.64,4.53,3.53,0.81,0.15,3.54
2022-02-18,37.47,182.0,251.3049302227064,0.38918777917718594,318,602369.5464285715,44.28,7.44,4.42,28.17,4.45,3.42,0.78,0.15,3.58
2022-02-19,36.31,187.0,251.68735766158315,0.40125131028007466,317,600471.3785714286,44.99,7.48,4.41,28.97,4.57,3.5,0.76,0.15,3.53
2022-02-20,37.02,196.0,251.77295010288069,0.3951051963236872,316,598573.2107142857,44.78,7.64,4.28,29.39,4.51,3.49,0.76,0.15,3.55
2022-02-21,36.28,175.0,252.04715864802714,0.4040153823432885,315,596675.0428571429,45.2,7.55,4.15,28.25,4.49,3.43,0.77,0.15,3.58
2022-02-22,35.99,150.0,253.69269665335267,0.40496067400623537,314,594776.875,45.44,7.66,4.29,28.0,4.49,3.52,0.76,0.15,3.63
2022-02-23,36.06,201.0,254.56544589687726,0.40537401858771843,313,592878.7071428571,46.02,7.24,4.05,28.25,4.44,3.39,0.75,0.15,3.53
2022-02-24,36.16,183.0,253.97125426652147,0.40276766138950293,312,590980.5392857143,47.26,7.22,4.07,27.38,4.41,3.48,0.73,0.15,3.67
2022-02-25,36.85,245.0,254.31278313362384,0.39625338367217283,311,589082.3714285714,48.84,7.61,4.19,29.01,4.44,3.51,0.75,0.14,3.56
2022-02-26,36.15,206.0,254.47403585693536,0.40020436553569333,310,587184.2035714285,48.73,7.33,4.13,29.46,4.42,3.43,0.75,0.15,3.78
2022-02-27,36.84,210.0,255.57188232268214,0.3960025374974966,309,585286.0357142857,47.93,7.33,4.19,28.86,4.37,3.43,0.77,0.15,3.9
2022-02-28,36.81,249.0,255.16437884289513,0.394123194329456,308,583387.8678571428,47.94,7.2,4.27,28.07,4.36,3.46,0.75,0.16,3.89
2022-03-01,36.52,170.0,254.9406348039216,0.3951826170107015,277,581489.7,47.47,7.23,4.12,28.67,4.14,3.39,0.76,0.16,3.97
2022-03-02,37.81,173.0,255.61749195110144,0.3817634960251235,277,581086.264516129,46.8,7.54,4.5,28.79,4.34,3.5,0.76,0.16,3.92
2022-03-03,37.99,224.0,256.1163604756717,0.3820560021778665,277,580682.829032258,49.32,7.53,4.43,30.28,4.43,3.52,0.78,0.15,3.94
2022-03-04,38.58,190.0,256.41142662188327,0.3798802737581511,276,580279.3935483871,50.24,7.69,4.25,31.35,4.28,3.39,0.79,0.15,4.01
2022-03-05,38.56,255.0,256.97628888283714,0.3774429811916043,276,579875.9580645161,50.93,7.65,4.41,31.04,4.5,3.54,0.79,0.15,3.96
2022-03-06,39.05,202.0,257.5815594287097,0.3700280226853371,276,579472.5225806452,52.01,7.49,4.4,30.6,4.54,3.51,0.79,0.15,3.94
2022-03-07,38.66,204.0,257.66136943234085,0.37192248195880084,276,579069.0870967741,51.79,7.22,4.16,29.27,4.5,3.49,0.78,0.15,3.87
2022-03-08,38.48,187.0,259.09603661341083,0.37672476122313914,276,578665.6516129032,48.76,7.17,4.28,30.82,4.55,3.49,0.79,0.14,3.67
2022-03-09,38.24,175.0,259.42220503510043,0.3810567089246664,275,578262.2161290322,50.48,6.93,4.31,31.3,4.48,3.45,0.8,0.14,3.79
2022-03-10,40.57,209.0,260.0281668784798,0.36123135688906716,275,577858.7806451613,49.65,7.23,4.4,30.65,4.63,3.49,0.79,0.14,3.97
2022-03-11,40.02,184.0,259.31400511377393,0.36813279652356107,275,577455.3451612903,51.53,7.57,4.62,30.74,4.7,3.65,0.81,0.14,4.19
2022-03-12,41.23,197.0,259.0475537400145,0.35628199202059474,275,577051.9096774193,52.61,7.63,4.53,30.52,4.71,3.72,0.83,0.14,4.28
2022-03-13,39.98,172.0,260.07295113168726,0.3694845842660361,275,576648.4741935483,50.83,7.61,4.44,29.08,4.71,3.7,0.84,0.14,4.26
2022-03-14,39.83,163.0,259.5909439603002,0.3714142702718181,275,576245.0387096774,51.06,7.66,4.45,30.16,4.68,3.69,0.84,0.14,4.21
2022-03-15,40.34,167.0,260.4961286008231,0.36682306551509486,274,575841.6032258064,52.96,7.42,4.45,30.77,4.81,3.7,0.84,0.15,4.13
2022-03-16,40.23,182.0,260.9867969922537,0.3678743829861924,274,575438.1677419355,52.15,7.29,4.29,30.75,4.68,3.47,0.84,0.15,4.23
2022-03-17,40.02,158.0,264.0715903534253,0.37374290844415464,274,575034.7322580644,51.35,7.68,4.58,30.56,4.83,3.71,0.91,0.15,4.26
2022-03-18,41.29,227.0,267.5037670358267,0.362900236502384,274,574631.2967741935,53.64,7.48,4.56,31.7,4.92,3.7,0.98,0.16,4.41
2022-03-19,40.99,202.0,269.07467108448316,0.3697161070186807,274,574227.8612903225,52.57,7.39,4.6,32.2,4.53,3.71,0.97,0.16,4.54
2022-03-20,40.22,210.0,270.9388900084725,0.37650249593193175,273,573824.4258064516,51.27,7.5,4.39,31.77,4.88,3.71,0.92,0.16,4.68
2022-03-21,39.58,131.0,269.4982575647543,0.3825563571011925,273,573420.9903225806,51.95,7.38,4.45,30.98,4.53,3.79,0.94,0.16,4.85
2022-03-22,40.29,177.0,270.6135554950375,0.3775268483927851,273,573017.5548387096,53.4,7.44,4.32,31.78,4.54,3.77,0.9,0.16,4.7
2022-03-23,40.3,213.0,270.856021090535,0.3769111225803597,273,572614.1193548386,52.32,7.64,4.5,33.12,4.49,3.81,0.89,0.17,4.51
2022-03-24,40.51,190.0,270.16683741830064,0.37627883630304443,273,572210.6838709677,52.18,7.88,4.59,33.04,4.48,3.81,0.87,0.17,4.6
2022-03-25,41.89,226.0,270.1998230452675,0.364625020034201,272,571807.2483870967,52.65,7.87,4.48,30.35,4.75,3.81,0.86,0.17,4.84
2022-03-26,41.52,165.0,271.2051039699831,0.36556570325471893,272,571403.8129032258,53.33,7.87,4.46,32.14,4.75,3.79,0.9,0.17,4.94
2022-03-27,41.34,157.0,270.89651192205275,0.3664249136443126,272,571000.3774193547,52.63,7.97,4.4,32.33,4.88,3.83,0.89,0.17,4.81
2022-03-28,39.6,121.0,270.7995652384411,0.3849017861998848,272,570596.9419354838,52.39,7.82,4.45,30.86,4.71,3.73,0.93,0.17,4.69
2022-03-29,38.89,154.0,269.4311367707577,0.3932591141451969,272,570193.5064516128,50.77,7.89,4.34,31.22,4.8,3.8,0.93,0.17,4.52
2022-03-30,41.47,179.0,269.63922101186154,0.3703496782189647,271,569790.0709677419,53.47,7.94,4.6,31.61,4.87,3.89,0.95,0.18,4.64
2022-03-31,42.06,203.0,271.71301470588236,0.36622522808198676,271,569386.6354838709,54.93,7.83,4.86,31.22,4.95,3.99,0.97,0.18,4.75
2022-04-01,42.7,236.0,272.6701381626726,0.36042961232401444,280,568983.2,56.59,8.11,4.86,33.46,4.97,4.14,0.98,0.18,4.93
2022-04-02,44.04,192.0,274.0092801077221,0.34861822915771373,280,568849.1499999999,56.48,8.19,4.73,33.11,4.96,4.13,0.97,0.18,4.76
2022-04-03,43.01,189.0,274.2241435185185,0.35470231542018743,280,568715.1,57.26,8.59,4.87,32.57,4.87,4.28,0.97,0.2,4.59
2022-04-04,44.39,195.0,273.56925741345924,0.34434631714295866,280,568581.0499999999,57.0,9.36,5.27,33.74,4.94,4.28,1.01,0.2,4.7
2022-04-05,43.85,129.0,274.0755419692569,0.35208194357654216,280,568447.0,56.55,9.43,5.33,32.24,5.0,4.21,1.01,0.22,4.74
2022-04-06,42.95,145.0,275.26174367586543,0.3581036639547288,280,568312.95,60.67,9.44,5.4,32.32,5.03,4.25,0.98,0.23,4.71
2022-04-07,44.06,157.0,276.1794503146938,0.3487794664444054,280,568178.8999999999,58.87,9.57,5.39,30.95,4.96,4.3,0.97,0.25,4.68
2022-04-08,43.72,159.0,276.65821132897605,0.35236160681949313,280,568044.85,57.91,10.03,5.46,32.88,5.14,4.28,1.0,0.25,4.86
2022-04-09,45.46,221.0,276.599089748245,0.3401820205600627,280,567910.7999999999,58.56,9.77,5.57,33.22,5.37,4.35,0.99,0.25,4.69
2022-04-10,44.7,191.0,277.5391124122489,0.346149964519132,280,567776.75,58.0,9.32,5.5,32.36,5.26,4.39,0.99,0.24,4.68
2022-04-11,47.24,215.0,276.9158998123941,0.32783246830488233,279,567642.7,57.51,9.24,5.37,32.54,5.02,4.41,0.97,0.22,4.59
2022-04-12,45.86,120.0,276.68543742435253,0.3399632954404466,279,567508.6499999999,59.04,9.07,5.49,30.52,5.16,4.43,1.0,0.21,4.66
2022-04-13,44.54,145.0,277.9387669450496,0.34975171605564576,279,567374.6,62.21,8.68,5.66,31.01,5.23,4.5,0.99,0.22,4.7
2022-04-14,45.92,159.0,278.82726773178405,0.3406598264506904,279,567240.5499999999,64.96,8.8,5.49,32.04,5.17,4.49,0.98,0.22,4.75
2022-04-15,45.54,216.0,279.52848266158315,0.342035072922186,279,567106.5,66.64,8.6,5.42,31.11,5.16,4.6,0.98,0.23,4.68
2022-04-16,45.55,140.0,280.48657988380535,0.3427323852962508,279,566972.45,66.61,8.75,5.38,33.14,5.19,4.63,0.98,0.24,4.7
2022-04-17,44.53,157.0,281.36536401597675,0.35061018374635144,279,566838.3999999999,65.08,8.32,5.1,32.04,5.12,4.57,0.97,0.24,4.46
2022-04-18,43.79,118.0,284.7080700193658,0.3581324546534693,279,566704.35,63.03,8.59,5.22,33.75,4.88,4.31,0.96,0.25,4.41
2022-04-19,42.23,145.0,285.63465901113534,0.37180831501466727,279,566570.2999999999,61.96,8.46,5.25,32.36,5.13,4.22,1.01,0.25,4.59
2022-04-20,43.1,142.0,287.80563032558706,0.3617884179027114,279,566436.25,60.97,8.65,5.08,33.15,5.25,4.3,1.03,0.24,4.56
2022-04-21,43.96,127.0,289.5795911401597,0.35643808093146273,279,566302.2,61.52,8.54,5.05,32.35,5.23,4.39,1.03,0.24,4.36
2022-04-22,44.48,148.0,288.5788218651658,0.35257843948746737,279,566168.1499999999,61.57,8.45,5.13,32.22,5.18,4.43,1.05,0.24,4.48
2022-04-23,46.1,219.0,288.60402520576133,0.3402472705231326,279,566034.1,61.72,8.64,5.18,30.96,5.34,4.45,1.04,0.25,4.81
2022-04-24,45.38,158.0,287.84459504357295,0.3452512974181034,279,565900.0499999999,63.07,8.61,5.3,33.08,5.32,4.72,1.04,0.25,4.8
2022-04-25,45.47,126.0,284.69776991043335,0.3449405945872104,279,565766.0,63.39,8.56,5.38,33.24,5.24,4.72,1.05,0.25,4.65
2022-04-26,47.21,181.0,281.48285448438634,0.33055743537822396,278,565631.95,63.56,8.62,5.39,33.37,5.21,4.5,1.04,0.24,4.58
2022-04-27,46.72,133.0,279.09471502057613,0.3359813100304138,278,565497.8999999999,64.97,8.67,5.37,33.21,5.29,4.46,1.0,0.23,4.46
2022-04-28,46.32,156.0,278.2706917816509,0.34017677033133464,278,565363.85,64.21,8.19,5.41,34.86,5.26,4.25,0.97,0.23,4.47
2022-04-29,46.69,149.0,276.46363195957395,0.3375238811334529,278,565229.7999999999,63.5,8.5,5.56,34.45,5.3,4.3,0.96,0.24,4.62
2022-04-30,46.19,200.0,277.8013698257081,0.3411298025884228,278,565095.75,62.82,8.57,5.4,35.39,5.39,4.55,0.96,0.24,4.56
2022-05-01,45.61,151.0,280.2322209816025,0.34780317175916303,269,564961.7,63.18,8.33,5.27,35.1,5.34,4.6,0.95,0.24,4.59
2022-05-02,45.59,184.0,279.4734416303559,0.3467570517873683,269,565195.9193548387,62.97,8.22,5.03,35.3,5.22,4.36,0.97,0.25,4.53
2022-05-03,45.22,132.0,279.5703505204551,0.35075192555373513,269,565430.1387096774,62.62,8.28,5.39,34.59,5.29,4.33,0.96,0.25,4.23
2022-05-04,42.88,234.0,278.30379172718466,0.36570983517802536,269,565664.3580645161,61.63,7.96,4.94,30.85,4.94,4.15,0.91,0.24,4.2
2022-05-05,44.65,162.0,279.5487557794723,0.34732252293614835,270,565898.5774193548,61.99,7.89,4.85,36.28,5.1,4.2,0.91,0.24,4.2
2022-05-06,44.97,216.0,275.92115659041394,0.3450002356400534,270,566132.7967741935,61.97,7.79,4.93,34.57,5.14,4.28,0.93,0.24,4.34
2022-05-07,47.33,275.0,275.70682455821833,0.33248074575374453,270,566367.0161290322,62.38,7.63,4.89,32.77,4.86,4.31,0.93,0.23,4.2
2022-05-08,45.34,194.0,275.350778171145,0.34353964658394137,270,566601.235483871,61.79,7.85,4.92,31.94,4.92,4.14,0.93,0.23,4.2
2022-05-09,46.08,193.0,275.55510233599614,0.336558908551343,270,566835.4548387097,60.66,7.92,4.98,34.63,5.09,4.3,0.94,0.23,4.33
2022-05-10,45.63,192.0,273.3692100883564,0.338084083075194,270,567069.6741935484,62.38,7.83,4.77,34.21,5.04,4.37,0.92,0.23,4.18
2022-05-11,47.02,191.0,272.70019716775596,0.32635649601936156,270,567303.8935483871,62.22,7.63,4.84,36.04,5.0,4.29,0.91,0.23,4.06
2022-05-12,47.19,214.0,272.03608796296294,0.32437237566548965,270,567538.1129032258,60.92,7.8,4.83,34.81,4.89,4.26,0.9,0.24,4.24
2022-05-13,46.42,160.0,269.0119033224401,0.32626772099005186,271,567772.3322580645,61.96,8.25,4.78,33.0,5.14,4.16,0.95,0.25,4.4
2022-05-14,46.56,203.0,268.2184399661099,0.32515425107166235,271,568006.5516129032,62.23,8.05,5.03,33.9,5.09,4.18,0.94,0.25,4.5
2022-05-15,43.65,146.0,268.01395890825466,0.3430277573607144,271,568240.770967742,62.03,7.69,4.89,35.96,5.03,4.06,0.91,0.24,4.42
2022-05-16,43.22,183.0,267.18806538973615,0.3476079598958748,271,568474.9903225807,62.68,7.43,4.76,35.2,5.1,4.1,0.93,0.25,4.35
2022-05-17,44.4,152.0,266.78408511861534,0.3378549927053046,271,568709.2096774193,63.95,7.64,4.88,35.62,4.99,4.13,0.94,0.25,4.35
2022-05-18,44.74,152.0,267.0904634773663,0.33782534799893515,271,568943.429032258,63.94,7.57,4.69,32.97,5.03,3.98,0.94,0.24,4.41
2022-05-19,44.92,146.0,265.6709610263859,0.332763842123257,271,569177.6483870967,64.94,7.5,4.84,32.25,4.78,4.14,0.93,0.24,4.42
2022-05-20,45.33,178.0,266.0801583151779,0.3283292479108459,271,569411.8677419354,65.62,7.76,4.72,34.42,4.84,4.03,0.93,0.25,4.27
2022-05-21,45.34,161.0,266.53023962115714,0.3324063971239358,271,569646.0870967741,66.88,7.74,4.66,35.39,4.79,4.1,0.97,0.25,4.32
2022-05-22,44.94,168.0,265.6582428286129,0.3341494382026419,272,569880.3064516129,66.99,7.83,4.73,32.68,4.97,3.9,0.94,0.26,4.25
2022-05-23,45.11,115.0,263.67115477487283,0.3316611396590352,272,570114.5258064516,65.95,7.51,4.86,31.82,4.9,3.94,0.97,0.26,4.42
2022-05-24,44.44,112.0,266.46125184580006,0.3376890516229616,272,570348.7451612903,67.97,7.87,4.81,33.17,4.88,4.0,0.96,0.27,4.49
2022-05-25,44.35,135.0,265.32473414427506,0.33766317321399697,272,570582.964516129,68.58,8.05,4.74,33.71,4.99,3.85,0.96,0.27,4.46
2022-05-26,45.18,144.0,263.3555692931493,0.3319577348198851,272,570817.1838709677,68.81,7.87,4.89,33.04,4.94,3.76,0.95,0.27,4.38
2022-05-27,43.95,167.0,264.92984634471077,0.3402195589636951,272,571051.4032258064,68.81,8.06,5.01,33.27,5.05,3.8,0.98,0.27,4.62
2022-05-28,45.31,159.0,267.2076907831034,0.33278789673613357,272,571285.6225806451,69.99,8.08,4.99,33.08,5.07,3.8,0.98,0.28,4.59
2022-05-29,44.9,146.0,267.9639359114016,0.3368613523702212,272,571519.8419354839,70.07,7.76,5.01,33.2,5.11,4.13,0.97,0.27,4.36
2022-05-30,44.23,121.0,268.43686955337694,0.3418196966924758,272,571754.0612903226,71.29,7.8,4.93,33.79,5.07,4.01,0.99,0.27,4.39
2022-05-31,44.08,184.0,267.69064748244983,0.3451405217644457,273,571988.2806451613,70.36,7.96,5.38,34.48,5.12,4.03,1.0,0.27,4.39
2022-06-01,45.83,169.0,268.1118336964415,0.3347352117544157,282,572222.5,70.47,8.15,6.72,34.48,5.27,4.2,1.0,0.28,4.61
2022-06-02,44.43,143.0,268.69438313967555,0.34429598067237477,282,572963.52,68.9,8.33,7.44,33.72,5.34,4.23,0.99,0.27,4.63
2022-06-03,43.88,176.0,270.2618664972161,0.34987376931834513,282,573704.54,69.5,7.96,7.55,32.12,5.28,4.12,0.98,0.26,4.37
2022-06-04,45.09,180.0,271.58582864318566,0.3424801859411513,283,574445.56,69.15,8.16,7.36,32.9,5.18,4.23,0.98,0.27,4.46
2022-06-05,45.31,182.0,271.58543412611954,0.33985073764522433,283,575186.58,70.37,8.06,7.43,33.08,5.32,4.1,0.95,0.27,4.66
2022-06-06,44.51,138.0,271.3596049080126,0.3468441442439713,284,575927.6,67.19,8.12,7.29,32.49,5.26,4.08,0.95,0.27,4.29
2022-06-07,45.29,208.0,271.68595869644156,0.3407078772993589,284,576668.62,68.28,8.47,7.35,32.33,5.38,4.21,0.94,0.27,4.38
2022-06-08,45.09,181.0,271.2035256293876,0.3428937868472495,284,577409.64,67.63,8.4,7.23,34.47,5.36,4.0,0.96,0.27,4.6
2022-06-09,44.43,163.0,270.752959452917,0.347201749975786,285,578150.66,68.57,8.19,7.03,34.24,5.45,4.19,0.97,0.27,4.43
2022-06-10,46.35,175.0,270.3652137496974,0.3332799064343538,285,578891.6799999999,70.55,8.53,7.12,34.43,5.37,4.21,1.02,0.26,4.85
2022-06-11,46.53,209.0,271.5288423202614,0.3321050102488272,285,579632.7,70.44,8.51,7.34,34.2,5.37,4.35,1.0,0.26,4.77
2022-06-12,45.12,170.0,272.1203786310821,0.34137220524862233,286,580373.72,68.87,8.48,6.91,34.1,5.08,4.3,0.97,0.26,4.68
2022-06-13,45.1,146.0,269.7323269486807,0.3410382325900815,286,581114.74,68.29,8.41,7.03,36.24,5.01,4.3,0.99,0.25,4.63
2022-06-14,44.33,149.0,267.90649996974105,0.3440593445392425,286,581855.76,67.16,8.13,6.74,35.28,4.91,4.3,0.96,0.25,4.69
2022-06-15,45.32,197.0,268.10221145001213,0.3357820136369973,287,582596.78,66.04,8.22,6.49,34.27,5.05,4.27,0.93,0.24,4.52
2022-06-16,45.57,167.0,268.99410890220287,0.3339350231685484,287,583337.8,65.64,7.91,6.3,34.43,5.06,4.38,0.93,0.23,4.92
2022-06-17,46.01,189.0,270.56277520576134,0.3324773047684639,288,584078.82,67.83,8.06,6.22,34.26,5.04,4.31,0.93,0.23,5.11
2022-06-18,45.5,192.0,270.314721768337,0.3341781777714646,288,584819.84,67.5,8.06,5.98,35.21,5.13,4.14,0.94,0.23,5.3
2022-06-19,44.52,178.0,271.21007265190025,0.34072138175889044,288,585560.86,66.18,8.02,6.0,35.14,5.1,4.14,0.94,0.23,5.29
2022-06-20,42.67,177.0,269.1551945352215,0.35689917623321993,289,586301.88,67.83,7.76,6.01,36.27,5.16,4.25,0.91,0.23,4.81
2022-06-21,43.23,150.0,271.2491342290002,0.3525341614333803,289,587042.9,64.15,7.65,5.89,33.53,5.12,4.11,0.89,0.23,4.72
2022-06-22,42.98,198.0,270.752441963205,0.3546533985368194,289,587783.9199999999,64.44,7.62,5.82,32.58,4.93,4.08,0.88,0.23,4.72
2022-06-23,44.55,215.0,271.6962457334786,0.34082798434128747,290,588524.94,63.81,7.69,5.89,33.0,5.08,4.05,0.9,0.22,4.64
2022-06-24,43.95,198.0,272.3945958605664,0.3428737822063476,290,589265.96,64.23,7.69,5.59,34.62,4.97,3.77,0.9,0.22,4.83
2022-06-25,42.64,156.0,275.55078528201403,0.35457429965024645,290,590006.98,64.51,7.39,5.46,35.53,4.9,4.04,0.96,0.23,4.75
2022-06-26,43.67,196.0,275.4263963023481,0.34702873026069664,291,590748.0,62.93,7.46,5.54,35.08,4.98,3.94,0.91,0.23,4.61
2022-06-27,41.83,140.0,276.47075490196085,0.35953177199926173,291,591489.02,63.69,7.63,5.61,34.87,4.8,3.96,0.95,0.24,4.91
2022-06-28,42.64,137.0,276.48676918421694,0.3527545160846391,292,592230.04,63.69,7.52,5.36,36.14,4.9,3.94,0.96,0.23,4.93
2022-06-29,42.73,161.0,275.04932053376905,0.3512324544248588,292,592971.0599999999,64.63,7.55,5.21,34.77,4.93,4.09,0.99,0.25,5.07
2022-06-30,43.24,150.0,274.63538501573464,0.345899770837474,292,593712.08,64.52,7.84,5.64,35.31,4.97,4.09,1.04,0.24,4.94
2022-07-01,44.38,197.0,275.2587875211814,0.3369400174607638,273,594453.1,66.65,7.93,5.49,34.56,5.11,4.15,1.06,0.25,5.32
2022-07-02,43.74,179.0,275.59566354998793,0.3409799993397426,273,595968.9612903226,66.21,7.54,5.4,35.21,5.03,4.17,1.1,0.25,4.89
2022-07-03,41.82,141.0,275.0652299987897,0.35447207903778305,274,597484.8225806451,66.11,7.23,5.27,34.25,4.76,4.01,1.11,0.26,4.74
2022-07-04,42.42,191.0,274.25910545267493,0.3490750591404922,275,599000.6838709677,65.68,7.14,5.13,34.42,4.71,3.98,1.16,0.28,4.54
2022-07-05,42.42,183.0,274.284104000242,0.35035434128349385,276,600516.5451612903,65.02,7.07,4.88,35.17,4.75,4.0,1.17,0.28,4.37
2022-07-06,40.52,197.0,273.58705752239166,0.36659301143055373,276,602032.406451613,63.81,6.99,5.01,34.4,4.87,4.09,1.15,0.27,4.5
2022-07-07,40.67,155.0,273.3070137678528,0.3646660359958164,277,603548.2677419354,62.09,7.25,5.1,33.43,4.84,4.04,1.14,0.28,4.4
2022-07-08,41.81,194.0,275.89813341200676,0.35615152185531684,278,605064.1290322581,62.86,7.3,5.51,33.56,5.02,4.11,1.14,0.29,4.84
2022-07-09,43.2,201.0,274.77293209876547,0.3444251074961872,278,606579.9903225807,63.52,7.79,5.49,32.21,5.0,4.09,1.12,0.29,4.74
2022-07-10,43.76,239.0,275.9842283042847,0.33944259007716593,279,608095.8516129032,64.41,7.49,5.51,34.65,5.12,4.18,1.07,0.31,4.74
2022-07-11,43.32,151.0,276.7532264282256,0.34121456197836064,280,609611.7129032258,63.15,7.36,5.44,35.3,5.31,4.17,1.06,0.32,4.78
2022-07-12,43.78,192.0,274.7735360990075,0.3376441853719782,280,611127.5741935484,63.52,7.61,5.41,35.33,5.18,4.18,1.01,0.32,4.75
2022-07-13,45.23,125.0,273.5211345013314,0.32571034625957884,281,612643.435483871,63.13,7.56,5.58,35.57,5.29,4.16,1.01,0.32,5.1
2022-07-14,43.68,203.0,274.532813241346,0.3366442896259039,282,614159.2967741935,62.3,7.16,5.56,34.69,5.12,4.2,1.02,0.32,4.77
2022-07-15,43.9,159.0,275.5730162793513,0.33369278196349267,282,615675.1580645161,63.34,7.19,5.36,32.27,5.04,4.29,1.02,0.32,4.85
2022-07-16,43.24,195.0,275.9511779835391,0.33949094898040305,283,617191.0193548388,64.1,7.38,5.49,33.5,5.12,4.33,1.05,0.32,4.95
2022-07-17,43.5,147.0,276.22537832849184,0.3369124807905138,284,618706.8806451613,63.51,7.45,5.54,34.68,5.18,4.19,1.11,0.33,4.74
2022-07-18,43.12,174.0,276.62841221859117,0.3388654108030104,285,620222.7419354839,63.18,7.15,5.42,33.87,5.16,4.25,1.13,0.33,4.6
2022-07-19,42.72,183.0,276.95852121157105,0.34401313509039977,285,621738.6032258065,64.52,7.42,5.28,35.19,5.15,4.17,1.1,0.32,4.51
2022-07-20,44.11,104.0,277.1912610748003,0.332421891735419,286,623254.464516129,66.12,7.86,5.53,32.29,5.11,4.27,1.15,0.32,4.66
2022-07-21,42.38,180.0,277.23785369765193,0.3448741830301679,287,624770.3258064516,64.18,7.21,5.24,33.0,5.16,4.11,1.09,0.33,4.59
2022-07-22,43.28,187.0,277.30891007020085,0.33867397664555116,287,626286.1870967742,65.88,7.57,5.36,35.34,4.98,4.11,1.12,0.34,4.68
2022-07-23,42.14,182.0,277.05967870975553,0.3496977683012925,288,627802.0483870968,64.39,7.75,5.6,35.12,5.08,4.15,1.09,0.36,4.66
2022-07-24,42.96,169.0,277.21455631203094,0.3435157677628684,289,629317.9096774193,60.7,7.64,5.4,33.17,5.16,4.21,1.07,0.36,4.67
2022-07-25,43.03,163.0,275.620095073832,0.3429129542842215,289,630833.770967742,64.0,7.83,5.25,33.49,5.11,4.45,1.11,0.37,4.75
2022-07-26,43.3,144.0,276.18435929557006,0.33994713896718276,290,632349.6322580646,62.86,7.52,5.18,35.34,5.45,4.35,1.11,0.38,4.62
2022-07-27,43.08,159.0,277.6040442992012,0.3402037549662931,291,633865.4935483871,62.72,7.49,5.61,33.31,5.5,4.34,1.1,0.38,4.86
2022-07-28,43.87,157.0,280.152197107238,0.33546831183628395,292,635381.3548387097,64.13,7.63,5.35,34.84,5.51,4.31,1.12,0.39,4.88
2022-07-29,43.0,160.0,279.06304408738805,0.3415098874525475,292,636897.2161290323,65.44,7.82,5.61,35.03,5.49,4.37,1.14,0.39,4.97
2022-07-30,43.72,185.0,280.4539986686033,0.33705122992145603,293,638413.0774193549,63.83,7.54,5.4,34.34,5.31,4.13,1.14,0.4,4.77
2022-07-31,43.68,158.0,280.50913189905583,0.3379219632908776,294,639928.9387096774,62.77,7.5,5.5,33.84,5.23,4.11,1.15,0.4,4.89
2022-08-01,44.93,169.0,280.6365343742436,0.3284582832819019,294,641444.8,64.77,7.82,5.34,35.51,5.27,4.22,1.15,0.39,4.84
2022-08-02,45.68,196.0,280.93471928709755,0.32376880934972385,294,640713.5483870968,63.02,7.79,5.25,34.7,5.21,4.28,1.16,0.4,4.97
2022-08-03,46.11,210.0,280.7880357964173,0.32057741335646117,294,639982.2967741936,63.56,7.83,5.15,36.31,5.26,4.32,1.16,0.39,4.97
2022-08-04,46.3,158.0,281.0513694928589,0.32286828499285897,293,639251.0451612903,63.29,7.9,5.21,36.61,5.16,4.27,1.14,0.38,4.87
2022-08-05,45.96,160.0,281.51225541636404,0.32344582495247565,293,638519.7935483871,64.0,7.89,5.24,36.99,5.32,4.12,1.13,0.38,4.92
2022-08-06,45.91,157.0,281.8541668179617,0.3254097186187428,293,637788.5419354839,64.34,7.85,5.25,38.7,5.43,4.29,1.15,0.38,4.92
2022-08-07,47.23,194.0,281.51183881021547,0.31563568565861716,292,637057.2903225807,64.22,8.03,5.45,36.66,5.22,4.22,1.15,0.38,4.98
2022-08-08,45.42,155.0,282.2733918240136,0.3281507522322558,292,636326.0387096774,64.87,8.44,5.47,38.03,5.36,4.15,1.15,0.37,4.83
2022-08-09,44.04,137.0,282.63197769910437,0.3391224032373586,292,635594.7870967742,63.11,7.96,5.58,34.94,5.31,4.16,1.14,0.38,4.46
2022-08-10,46.42,228.0,283.5604359114016,0.3240076132104983,291,634863.535483871,64.64,8.48,5.67,38.31,5.42,4.17,1.16,0.38,4.95
2022-08-11,46.4,168.0,283.2112264282256,0.3261169704529962,291,634132.2838709678,62.78,8.58,5.7,37.26,5.36,4.26,1.17,0.38,4.86
2022-08-12,47.59,197.0,283.46582277293635,0.31639489226362244,291,633401.0322580646,63.75,8.72,5.6,39.0,5.48,4.19,1.21,0.39,4.79
2022-08-13,48.78,186.0,286.73589385136773,0.31278494047830097,290,632669.7806451613,64.62,8.71,5.55,37.95,5.47,4.09,1.2,0.39,4.85
2022-08-14,50.29,198.0,286.60163577221005,0.3045169015696843,290,631938.5290322581,64.43,8.68,5.65,36.62,5.54,4.19,1.25,0.38,5.0
2022-08-15,49.9,157.0,287.3637849189058,0.30317448548172565,290,631207.2774193549,64.51,8.48,5.5,36.74,5.42,4.25,1.19,0.39,4.92
2022-08-16,52.29,236.0,286.38286292665225,0.29005218859889276,289,630476.0258064517,63.68,8.21,5.28,35.89,5.27,4.25,1.23,0.4,4.78
2022-08-17,52.37,179.0,287.93759241103857,0.2900314023076583,289,629744.7741935484,64.31,8.34,5.16,37.8,5.23,4.22,1.2,0.39,4.63
2022-08-18,50.91,143.0,287.99396671508106,0.29694047424724684,289,629013.5225806452,63.49,8.52,5.21,39.73,4.99,4.01,1.19,0.39,4.66
2022-08-19,49.59,165.0,288.7731792241588,0.30529382408506256,288,628282.270967742,62.29,8.53,5.37,37.77,5.0,4.15,1.2,0.4,4.59
2022-08-20,48.95,170.0,289.039378358751,0.30959333493388697,288,627551.0193548388,62.78,8.45,5.31,39.27,4.99,4.13,1.2,0.4,4.72
2022-08-21,49.12,132.0,290.39928319414184,0.31126431941020044,288,626819.7677419354,64.12,8.62,5.22,39.79,5.2,4.11,1.18,0.4,4.52
2022-08-22,50.17,175.0,290.5857417695473,0.3064102566005604,287,626088.5161290322,63.25,8.47,5.26,39.33,5.19,4.17,1.12,0.4,4.5
2022-08-23,50.38,151.0,290.2524077705156,0.30588696443634533,287,625357.264516129,63.83,8.16,5.21,37.44,4.97,4.08,1.12,0.41,4.47
2022-08-24,48.88,179.0,290.0373016824014,0.3181963626071929,287,624626.0129032258,62.28,8.02,5.01,35.36,4.96,4.01,1.13,0.39,4.36
2022-08-25,49.81,161.0,290.1312149600581,0.3127853995455414,286,623894.7612903226,62.75,8.14,4.95,34.48,4.96,4.07,1.11,0.4,4.32
2022-08-26,52.07,202.0,291.7697949648995,0.3007216277383511,286,623163.5096774193,65.9,8.11,5.23,36.74,5.17,3.96,1.1,0.39,4.5
2022-08-27,53.4,197.0,292.75778013798123,0.29281766360925904,286,622432.2580645161,65.85,7.87,5.29,37.13,5.19,4.02,1.11,0.4,4.43
2022-08-28,52.26,146.0,294.4714782740256,0.29735518106558645,285,621701.0064516129,64.38,8.13,5.41,37.34,5.18,4.03,1.12,0.38,4.54
2022-08-29,52.2,217.0,295.49401591624303,0.2969497328250512,285,620969.7548387097,64.17,8.28,5.29,38.38,5.06,3.94,1.12,0.39,4.61
2022-08-30,49.96,133.0,293.8039079520698,0.3101943647179958,285,620238.5032258064,65.37,7.94,5.2,37.83,5.21,4.03,1.13,0.39,4.43
2022-08-31,49.56,157.0,300.5246220346163,0.3134257153648471,284,619507.2516129032,67.09,8.03,5.34,37.01,4.91,4.02,1.14,0.4,4.47
2022-09-01,48.86,168.0,300.4918818990559,0.31573003947919615,293,618776.0,67.56,7.93,5.2,36.05,4.97,4.04,1.2,0.39,4.54
2022-09-02,48.61,165.0,300.2925601851851,0.31677892206945213,293,618428.45,65.83,8.11,4.89,38.7,4.94,4.03,1.18,0.39,4.25
2022-09-03,48.66,159.0,301.21815386710233,0.3176507616331415,293,618080.9,66.4,8.0,5.16,37.47,4.98,4.06,1.22,0.4,4.44
2022-09-04,48.84,164.0,303.9115206063907,0.31805026142413617,293,617733.35,66.07,7.97,5.13,39.69,5.06,4.14,1.24,0.39,4.48
2022-09-05,48.55,149.0,303.65268551803433,0.3177476951043244,293,617385.8,66.2,8.01,5.23,38.53,5.21,4.07,1.37,0.39,4.59
2022-09-06,48.67,128.0,302.88035566448804,0.3153631076299442,293,617038.25,65.06,7.91,5.33,37.88,5.01,3.95,1.35,0.39,4.36
2022-09-07,49.06,130.0,302.15888816267244,0.3101117542095705,292,616690.7,65.58,7.87,5.49,38.9,5.02,4.03,1.38,0.39,4.29
2022-09-08,50.13,151.0,300.82701522028566,0.30557462105954086,292,616343.15,62.96,7.79,5.45,40.5,4.9,4.08,1.37,0.4,4.37
2022-09-09,49.66,157.0,299.0234052590171,0.31053476784137396,292,615995.6,63.79,8.12,5.48,38.36,5.09,4.01,1.41,0.41,4.54
2022-09-10,49.39,158.0,302.02392014645363,0.3123950985695264,292,615648.05,62.99,8.04,5.72,36.18,5.07,4.08,1.45,0.43,4.61
2022-09-11,48.56,151.0,302.85067895182766,0.318440666616221,292,615300.5,62.51,8.1,5.51,36.32,5.1,4.09,1.35,0.46,4.46
2022-09-12,48.56,124.0,302.4993670116194,0.31974932303202414,292,614952.95,63.2,7.81,5.27,35.59,5.08,4.13,1.34,0.46,4.26
2022-09-13,48.75,96.0,301.91158781166786,0.3184644307435329,291,614605.4,63.07,7.95,5.28,37.12,5.15,4.11,1.39,0.48,4.47
2022-09-14,48.55,138.0,302.0655489590899,0.31765983960614963,291,614257.85,62.95,7.88,5.08,35.55,5.1,4.12,1.33,0.48,4.25
2022-09-15,47.61,166.0,300.590373123941,0.32338509926646225,291,613910.3,63.59,7.89,5.03,39.33,5.06,4.15,1.33,0.46,4.45
2022-09-16,49.14,189.0,300.958557946018,0.3159721217197146,291,613562.75,63.41,8.05,5.22,38.45,5.05,3.98,1.32,0.46,4.36
2022-09-17,48.11,251.0,301.8914724340353,0.3219141937813224,291,613215.2,63.14,7.87,5.29,37.6,4.96,3.93,1.25,0.46,4.38
2022-09-18,47.43,176.0,301.79113117283947,0.3268235755421226,291,612867.65,61.14,7.64,5.12,37.38,5.03,3.99,1.29,0.45,4.23
2022-09-19,47.73,181.0,301.4519659586057,0.3264590015926737,290,612520.1,62.19,7.56,4.9,40.01,5.07,3.98,1.26,0.45,4.03
2022-09-20,48.77,180.0,301.7717943899782,0.31747730038684085,290,612172.55,62.08,7.28,5.12,37.39,5.09,4.03,1.28,0.45,4.12
2022-09-21,48.21,154.0,302.8904544904382,0.3208694446391543,290,611825.0,60.5,7.3,5.09,33.92,5.06,3.89,1.2,0.45,4.1
2022-09-22,47.48,137.0,302.505448983297,0.3232902529769484,290,611477.45,60.39,7.34,5.29,36.17,4.64,3.96,1.19,0.45,4.18
2022-09-23,47.18,180.0,301.5268693113048,0.3250857114914239,290,611129.9,59.94,7.72,5.19,34.67,4.74,3.89,1.18,0.46,4.19
2022-09-24,46.91,131.0,299.9971714778504,0.3241600880587907,290,610782.35,58.35,7.68,5.22,35.55,4.83,3.92,1.14,0.45,4.14
2022-09-25,45.93,129.0,300.49535079278627,0.33122739970998444,289,610434.8,58.08,7.5,4.95,36.62,4.69,3.98,1.15,0.45,4.1
2022-09-26,46.59,120.0,300.84315967683364,0.32633132576992163,289,610087.25,58.52,7.33,5.11,35.21,5.0,3.91,1.12,0.44,4.05
2022-09-27,45.81,177.0,298.6601427317841,0.3272209062039354,289,609739.7,58.1,7.27,4.85,35.14,4.94,3.85,1.12,0.44,4.31
2022-09-28,44.28,151.0,295.7378260106512,0.33720225575712226,289,609392.15,58.41,7.31,4.92,36.4,4.91,3.92,1.19,0.43,4.2
2022-09-29,44.81,149.0,292.26595255386104,0.3137539657721796,289,609044.6,59.02,7.37,4.87,36.0,4.86,3.85,1.14,0.43,4.28
2022-09-30,44.56,174.0,301.128602093924,0.32607385529916666,289,608697.05,59.39,7.78,5.11,34.28,4.76,3.9,1.17,0.42,4.08
2022-10-01,44.98,184.0,307.3913511861535,0.3377629210177811,279,608349.5,59.5,7.51,5.22,35.34,5.01,3.95,1.17,0.43,4.26
2022-10-02,44.64,159.0,313.2392937242799,0.3393339159113408,279,608757.7741935484,60.2,7.47,5.08,35.77,5.03,4.01,1.18,0.43,4.25
2022-10-03,45.99,170.0,318.6776852154442,0.331790888564965,279,609166.0483870967,58.42,7.53,5.18,37.21,4.96,3.99,1.2,0.42,4.25
2022-10-04,45.72,150.0,319.77105183369645,0.3336209828437843,280,609574.3225806452,59.33,7.42,5.14,38.29,5.05,4.0,1.19,0.45,4.21
2022-10-05,43.95,152.0,323.48717011619453,0.34720493848060796,280,609982.5967741936,59.03,7.37,5.13,35.95,4.99,4.07,1.18,0.44,4.09
2022-10-06,44.83,136.0,324.71398544541273,0.34136863982098603,280,610390.8709677419,59.95,7.26,4.91,38.49,4.96,3.98,1.18,0.42,4.22
2022-10-07,44.75,154.0,325.7332156560155,0.3419097023104057,280,610799.1451612903,60.35,7.47,4.81,38.1,4.92,3.95,1.21,0.43,4.22
2022-10-08,45.62,141.0,324.635561667877,0.3369131540592962,280,611207.4193548387,61.29,7.42,4.88,38.62,5.03,4.03,1.2,0.43,4.28
2022-10-09,45.6,173.0,323.4713559368192,0.33771600493920495,281,611615.6935483871,59.74,7.35,4.9,39.28,4.97,4.04,1.19,0.43,4.47
2022-10-10,44.95,128.0,322.85498232873397,0.3422295886227927,281,612023.9677419355,60.28,7.35,4.85,38.45,5.03,4.05,1.2,0.43,4.49
2022-10-11,43.68,125.0,321.0039302227063,0.34849214630497266,281,612432.2419354839,60.31,7.44,4.71,39.81,5.02,4.05,1.18,0.44,4.42
2022-10-12,42.83,170.0,319.6509525538611,0.3585858492803614,281,612840.5161290322,60.39,7.14,4.87,40.4,4.94,4.0,1.17,0.42,4.46
2022-10-13,42.68,159.0,318.9109251997095,0.3591924144465907,281,613248.7903225806,60.93,7.13,4.76,39.55,4.93,4.03,1.17,0.41,4.38
2022-10-14,40.82,98.0,319.790426228516,0.3763576514067265,282,613657.0645161291,58.2,6.86,4.76,39.47,4.87,3.97,1.18,0.4,4.34
2022-10-15,43.13,243.0,321.14621199467445,0.3566709900716567,282,614065.3387096775,60.71,7.14,4.75,39.48,4.96,4.09,1.2,0.41,4.46
2022-10-16,43.15,139.0,321.15919432340837,0.3567222430100568,282,614473.6129032258,60.34,7.46,4.91,41.07,4.91,3.97,1.2,0.41,4.35
2022-10-17,41.53,88.0,322.8948546961995,0.3693492878891115,282,614881.8870967742,61.3,7.26,4.78,38.67,4.97,3.86,1.19,0.41,4.36
2022-10-18,40.77,127.0,324.0276472706367,0.37584568641405963,282,615290.1612903225,59.37,7.34,4.83,37.69,5.03,4.04,1.18,0.41,4.33
2022-10-19,42.04,151.0,327.562016037279,0.3662657186067002,282,615698.4354838709,62.13,7.19,4.85,39.91,5.03,4.09,1.18,0.41,4.5
2022-10-20,43.59,167.0,329.54620854514644,0.354575978564666,283,616106.7096774194,62.89,7.24,4.9,37.22,5.03,4.03,1.17,0.41,4.34
2022-10-21,42.53,137.0,334.1202839808763,0.36367346668214456,283,616514.9838709678,60.26,7.33,4.8,39.52,4.96,3.96,1.16,0.42,4.31
2022-10-22,41.43,167.0,338.19328298232864,0.3721498331608827,283,616923.2580645161,58.87,6.94,4.87,37.84,4.84,3.91,1.14,0.44,4.08
2022-10-23,40.9,163.0,338.33152438876783,0.3780019746543779,283,617331.5322580645,57.16,7.26,4.94,38.58,4.76,3.97,1.14,0.45,4.16
2022-10-24,41.65,145.0,338.7033316993464,0.37151855723429084,283,617739.8064516129,56.88,7.53,4.79,33.73,4.84,3.89,1.1,0.45,4.01
2022-10-25,41.23,155.0,338.81165919268943,0.37663365754388156,284,618148.0806451613,58.68,7.05,4.5,35.17,4.73,3.94,1.11,0.44,4.08
2022-10-26,41.35,136.0,338.955285282014,0.3744196290643032,284,618556.3548387097,57.18,7.01,4.8,37.01,4.85,3.95,1.12,0.43,4.16
2022-10-27,40.24,151.0,343.6487990498668,0.38741759117142405,284,618964.6290322581,57.81,7.31,5.07,35.92,4.9,3.9,1.14,0.43,4.06
2022-10-28,39.66,149.0,340.4569433853788,0.3909822693544794,284,619372.9032258064,56.12,7.38,5.04,36.2,4.83,3.92,1.15,0.42,4.0
2022-10-29,38.23,183.0,342.0392999273784,0.4025935196471219,284,619781.1774193548,56.68,7.25,4.99,37.48,4.83,3.9,1.15,0.42,3.98
2022-10-30,39.96,160.0,341.488487926652,0.3855842582591102,285,620189.4516129033,57.19,7.11,4.87,38.15,4.68,3.87,1.13,0.41,4.05
2022-10-31,39.16,148.0,339.20092529048657,0.3941840975319688,285,620597.7258064516,58.24,6.87,4.68,36.78,4.66,3.91,1.12,0.42,4.13
2022-11-01,38.74,154.0,338.45146459694985,0.3961378709035065,294,621006.0,56.8,7.1,4.47,34.11,4.5,3.85,1.12,0.42,4.05
2022-11-02,39.21,119.0,336.76592277898817,0.39217167978938267,295,621283.3,57.66,7.01,4.69,36.45,4.56,3.97,1.13,0.4,4.07
2022-11-03,39.29,139.0,340.84517474582424,0.39281171711914553,295,621560.6,58.32,7.06,4.76,37.98,4.8,4.05,1.16,0.41,3.99
2022-11-04,39.19,168.0,344.09389494069234,0.3930389689065033,295,621837.9,59.06,7.31,4.91,37.71,4.85,3.95,1.16,0.41,4.09
2022-11-05,38.8,127.0,345.973593258291,0.4016480341789566,295,622115.2,57.78,7.22,4.87,36.95,4.89,3.92,1.15,0.41,3.98
2022-11-06,40.83,211.0,346.06445884773666,0.3831075266751289,295,622392.5,57.3,7.17,4.88,38.06,4.86,4.0,1.14,0.42,4.22
2022-11-07,39.98,144.0,345.06991645485357,0.3907395441526851,295,622669.8,56.8,7.57,4.96,36.8,4.75,3.91,1.15,0.41,4.3
2022-11-08,41.58,218.0,345.20378561486325,0.3767741404935242,295,622947.1,57.74,7.1,4.75,36.29,4.81,3.94,1.14,0.41,4.3
2022-11-09,41.22,139.0,343.8688558763011,0.38162153130978127,295,623224.4,59.64,7.29,4.86,39.1,4.79,4.05,1.16,0.4,4.38
2022-11-10,41.91,163.0,343.7417849189059,0.3745149273761029,296,623501.7,58.57,7.29,5.0,38.49,4.85,3.99,1.14,0.4,4.28
2022-11-11,41.63,120.0,349.01064675623337,0.38144247912160345,296,623779.0,59.44,7.57,4.84,38.37,5.05,4.1,1.16,0.41,4.47
2022-11-12,41.76,204.0,349.89342619825703,0.3805178310893617,296,624056.3,59.8,7.41,5.13,37.97,5.0,4.05,1.14,0.41,4.56
2022-11-13,41.99,182.0,351.0507245219075,0.37981160182403945,296,624333.6,58.28,7.72,5.3,35.72,5.01,4.01,1.14,0.41,4.42
2022-11-14,40.27,131.0,350.6248439845073,0.39487433792625815,296,624610.9,56.2,7.2,5.25,38.21,4.82,3.97,1.11,0.41,4.24
2022-11-15,40.23,113.0,352.83244299201164,0.39700434407732843,296,624888.2,56.41,7.17,5.28,38.66,4.97,3.97,1.12,0.41,4.1
2022-11-16,40.14,136.0,353.6806427620431,0.39834589285028993,296,625165.5,57.18,7.46,5.44,38.55,4.97,3.91,1.14,0.4,4.38
2022-11-17,39.8,159.0,353.5255937726943,0.39909602156673124,297,625442.8,57.61,7.37,5.91,34.63,4.77,3.96,1.12,0.4,4.29
2022-11-18,40.69,157.0,352.38959740377635,0.39075568728205884,297,625720.1,58.33,7.31,6.09,37.05,5.01,3.99,1.1,0.4,4.51
2022-11-19,38.98,172.0,354.76277835269906,0.4084619153790802,297,625997.4,57.2,7.21,6.16,34.5,4.8,3.94,1.1,0.4,4.43
2022-11-20,37.41,147.0,354.79147322076983,0.422700103577747,297,626274.7,56.14,6.96,6.12,34.67,4.78,3.98,1.11,0.38,4.42
2022-11-21,38.0,119.0,357.0419706487533,0.41350374484287317,297,626552.0,54.66,7.1,6.14,34.36,4.84,3.91,1.09,0.36,4.37
2022-11-22,37.02,152.0,362.14474464415395,0.42468373513986,297,626829.3,52.22,6.96,6.03,35.84,4.67,4.21,1.04,0.39,4.59
2022-11-23,35.82,168.0,365.86457011014284,0.44347519802144625,297,627106.6,54.14,6.67,5.71,31.47,4.66,3.91,1.0,0.38,4.53
2022-11-24,35.57,142.0,364.81494153957874,0.4476023243646074,297,627383.9,55.06,7.07,5.87,31.37,4.69,4.01,0.98,0.38,4.5
2022-11-25,36.08,171.0,364.2734324013556,0.44193347086534085,298,627661.2,56.99,6.72,5.96,32.22,4.6,3.98,1.04,0.37,4.43
2022-11-26,36.18,183.0,366.913586268458,0.44006403122160065,298,627938.5,54.6,7.09,5.87,31.56,4.73,3.81,1.01,0.37,4.41
2022-11-27,35.83,175.0,369.29509864439603,0.44248383500739197,298,628215.8,53.2,6.65,6.02,31.53,4.66,3.73,1.02,0.36,4.35
2022-11-28,35.74,159.0,368.814672506657,0.44331972893685806,298,628493.1,51.57,6.86,5.67,31.3,4.59,3.74,1.01,0.35,4.18
2022-11-29,36.42,153.0,369.81938298838054,0.43213097737783795,298,628770.4,52.96,6.82,5.9,30.43,4.83,3.74,1.02,0.35,4.35
2022-11-30,36.32,134.0,372.10848553618973,0.43440300531395876,298,629047.7,54.78,7.08,6.18,31.67,5.0,3.79,1.04,0.37,4.6
2022-12-01,38.52,177.0,373.7728725490196,0.4150611032921856,289,629325.0,57.78,7.27,6.26,34.19,5.01,3.89,1.03,0.38,5.05
2022-12-02,38.88,172.0,375.5781456971677,0.4153115999989015,290,632448.3967741935,59.52,7.35,6.52,34.51,4.93,4.08,1.06,0.4,4.92
2022-12-03,39.4,214.0,376.6403633805375,0.41150015501554926,292,635571.7935483871,60.51,7.28,6.66,35.68,4.85,4.18,1.08,0.41,4.87
2022-12-04,40.24,195.0,380.31526900266283,0.4049020983324116,293,638695.1903225806,60.57,7.53,6.32,34.89,4.91,4.13,1.07,0.41,5.01
2022-12-05,39.12,146.0,385.94771117768096,0.41433292644671116,294,641818.5870967743,58.9,7.45,6.18,30.62,4.85,4.06,1.08,0.42,4.96
2022-12-06,39.78,157.0,386.9306590413943,0.41108288858726805,296,644941.9838709678,59.96,7.8,6.15,34.94,4.91,4.12,1.09,0.42,4.9
2022-12-07,39.13,136.0,389.2271568627452,0.4133711408184657,297,648065.3806451613,59.7,7.73,6.06,32.62,5.03,4.01,1.08,0.42,4.75
2022-12-08,39.77,140.0,396.37034679859596,0.40907662431805636,299,651188.7774193549,59.48,7.58,6.02,33.92,4.85,3.96,1.09,0.42,4.74
2022-12-09,39.45,177.0,405.18496474824497,0.4127313882760862,300,654312.1741935484,59.28,7.36,6.22,35.12,4.82,3.98,1.11,0.44,4.7
2022-12-10,40.32,271.0,403.89885157952074,0.400376768990701,302,657435.5709677419,57.39,7.56,6.11,35.47,4.96,4.16,1.08,0.44,4.84
2022-12-11,40.39,161.0,405.69897322076974,0.40234165961197427,303,660558.9677419355,55.27,7.66,6.37,34.39,4.7,4.18,1.09,0.44,4.73
2022-12-12,39.49,162.0,405.85210206366503,0.40734307129944364,304,663682.364516129,57.4,7.62,6.35,31.37,4.75,4.13,1.09,0.43,4.78
2022-12-13,39.8,183.0,407.33611643669803,0.41105653858442587,306,666805.7612903226,55.45,7.49,6.15,33.87,4.71,4.02,1.04,0.42,4.73
2022-12-14,39.26,122.0,406.4915418482207,0.41576725158191113,307,669929.1580645161,56.72,7.89,6.1,36.0,4.99,3.96,1.08,0.42,4.66
2022-12-15,38.09,120.0,406.6282060336481,0.42542749540116614,309,673052.5548387096,56.52,7.94,6.14,33.98,4.94,4.09,1.1,0.42,4.91
2022-12-16,36.59,175.0,406.70141854272566,0.4425259227055668,310,676175.9516129033,56.07,7.61,5.89,31.33,4.92,4.15,1.06,0.42,4.86
2022-12-17,39.01,175.0,406.1958621701767,0.41766408749808376,312,679299.3483870968,57.52,7.43,5.95,35.11,5.02,4.11,1.04,0.43,4.85
2022-12-18,38.92,176.0,404.73975051440334,0.4149988489695359,313,682422.7451612904,56.29,7.42,5.68,31.81,4.92,4.23,1.07,0.42,5.03
2022-12-19,37.69,185.0,404.04054454127333,0.42469499598498045,315,685546.1419354839,56.77,7.16,5.61,33.34,4.81,4.18,1.06,0.42,4.91
2022-12-20,38.09,155.0,403.8323091261195,0.42041867481541206,316,688669.5387096774,56.13,7.17,5.34,34.66,4.77,4.13,1.03,0.41,4.75
2022-12-21,39.04,213.0,403.46934946138947,0.41124612716841,317,691792.935483871,57.04,7.18,5.66,34.26,4.73,4.09,1.05,0.41,4.81
2022-12-22,39.19,174.0,403.09655316509316,0.40947663166444975,319,694916.3322580645,57.19,7.08,5.45,33.71,4.78,4.22,1.06,0.42,4.68
2022-12-23,39.5,268.0,400.761991164367,0.40434991903318895,320,698039.729032258,57.96,7.17,5.39,35.0,4.62,4.09,1.05,0.42,4.8
2022-12-24,39.71,178.0,393.7141517792301,0.40046275076637017,322,701163.1258064517,58.6,7.26,5.68,34.54,4.91,4.11,1.05,0.43,4.93
2022-12-25,40.17,187.0,392.2322559307674,0.3927506210860657,323,704286.5225806452,59.16,7.56,5.59,34.04,4.86,4.22,1.06,0.43,4.93
2022-12-26,39.41,187.0,394.18200644517066,0.39850236876640416,325,707409.9193548388,57.17,7.49,5.68,34.76,4.83,4.15,1.1,0.44,5.02
2022-12-27,39.68,171.0,394.2858955761317,0.39285372592029827,326,710533.3161290323,57.1,7.56,5.72,33.57,4.79,4.22,1.08,0.44,5.01
2022-12-28,38.99,146.0,392.8892420418785,0.40567728140406234,327,713656.7129032258,54.34,7.57,5.58,35.08,4.96,4.22,1.08,0.45,4.94
2022-12-29,39.4,206.0,393.9214073771484,0.4068231404878137,329,716780.1096774194,56.92,7.59,5.39,34.18,5.01,4.25,1.06,0.45,4.92
2022-12-30,40.49,211.0,436.26290311062695,0.3963566565550833,330,719903.5064516129,58.73,7.61,5.61,34.09,5.01,4.18,1.07,0.46,5.1
2022-12-31,40.58,169.0,438.91918872549024,0.39797075134879445,332,723026.9032258065,57.97,7.59,5.59,33.23,5.02,4.17,1.06,0.47,4.87
2023-01-01,40.88,234.0,437.2279834483175,0.3927387314430613,333,726150.3,57.36,7.66,5.49,32.67,5.07,4.18,1.07,0.48,4.94
2023-01-02,40.0,198.0,436.5148416848221,0.3990093475525847,334,728697.2548387097,57.82,7.37,5.4,33.23,5.0,4.19,1.06,0.49,5.01
2023-01-03,40.08,235.0,433.16761198862264,0.39757703344150763,335,731244.2096774194,57.32,7.57,5.28,34.56,5.19,4.17,1.05,0.48,4.83
2023-01-04,41.0,183.0,430.3448236201889,0.39054464715778475,337,733791.1645161291,57.36,7.15,5.18,33.45,5.05,4.13,1.05,0.48,4.78
2023-01-05,39.67,196.0,430.80095503510046,0.40000446057084954,338,736338.1193548387,57.05,7.47,4.98,31.41,4.99,3.95,1.05,0.48,4.7
2023-01-06,40.49,213.0,427.65407918784797,0.39322199388335555,339,738885.0741935484,58.72,7.77,5.09,33.48,4.98,4.1,1.05,0.49,4.77
2023-01-07,40.76,181.0,427.2551505386105,0.3902317216583309,340,741432.0290322581,58.74,7.83,5.49,35.71,5.13,4.13,1.06,0.49,4.79
2023-01-08,40.75,178.0,428.8472403473735,0.38807733038885966,341,743978.9838709678,59.45,7.48,5.46,34.15,5.12,4.32,1.05,0.49,4.78
2023-01-09,40.46,136.0,430.7824248366013,0.38783207862846336,342,746525.9387096774,59.87,7.59,5.42,34.23,5.08,4.34,1.04,0.49,4.62
2023-01-10,40.36,174.0,437.10642765068997,0.3913736624669467,344,749072.8935483871,58.33,7.74,5.78,34.72,5.09,4.21,1.05,0.49,4.78
2023-01-11,40.53,177.0,439.29378280077464,0.3900867178659709,345,751619.8483870968,60.42,7.67,5.85,36.26,5.12,4.31,1.06,0.49,4.92
2023-01-12,39.99,208.0,442.94451652142334,0.3967073804032321,346,754166.8032258064,60.87,7.73,5.92,34.39,5.14,4.11,1.08,0.49,4.99
2023-01-13,42.28,239.0,445.0899179980634,0.382905380557473,347,756713.7580645161,61.49,7.8,5.87,34.66,5.32,4.41,1.06,0.5,5.05
2023-01-14,43.69,270.0,447.2098648027113,0.36812862056262996,348,759260.7129032258,62.34,7.92,5.72,34.22,5.28,4.44,1.08,0.5,4.99
2023-01-15,44.4,178.0,448.3521074497701,0.36375691736609156,350,761807.6677419355,61.87,7.59,5.66,31.62,5.28,4.31,1.07,0.49,5.04
2023-01-16,42.73,127.0,449.6956616739288,0.3771381452106741,351,764354.6225806451,60.5,7.76,5.58,32.4,5.4,4.35,1.08,0.51,5.09
2023-01-17,42.3,172.0,404.1994857782619,0.3791992930752841,352,766901.5774193548,63.64,7.61,5.69,32.62,5.32,4.47,1.08,0.52,4.91
2023-01-18,42.15,159.0,403.39678740014534,0.3781308370474058,353,769448.5322580645,62.45,8.01,5.65,31.66,5.37,4.41,1.08,0.52,4.95
2023-01-19,42.89,195.0,403.9089410554346,0.3748351448924139,354,771995.4870967743,62.79,8.06,5.96,33.24,5.37,4.47,1.08,0.51,5.19
2023-01-20,43.62,182.0,403.3227828310336,0.37055358905950214,355,774542.441935484,63.68,7.89,5.9,34.4,5.43,4.56,1.08,0.53,5.3
2023-01-21,43.32,192.0,403.2810705942871,0.3721065929228998,357,777089.3967741936,64.56,8.05,5.84,34.67,5.52,4.49,1.11,0.54,5.18
2023-01-22,43.29,277.0,405.1481812817719,0.37386412484530834,358,779636.3516129033,64.33,7.82,5.53,33.93,5.34,4.57,1.14,0.54,4.97
2023-01-23,42.17,171.0,407.4921147119342,0.3855496531178134,359,782183.306451613,63.87,7.52,5.57,33.39,5.11,4.3,1.12,0.54,5.09
2023-01-24,42.96,195.0,409.81828585693535,0.37974732023823804,360,784730.2612903226,64.65,7.75,5.58,33.29,5.33,4.45,1.14,0.54,5.06
2023-01-25,44.5,184.0,410.24777202856455,0.3664626828159252,361,787277.2161290323,63.41,7.77,5.6,33.58,5.37,4.38,1.12,0.53,5.08
2023-01-26,43.14,170.0,408.6487956003389,0.3795240552114042,362,789824.170967742,64.18,7.69,5.77,33.15,5.17,4.53,1.11,0.54,4.92
2023-01-27,44.13,212.0,408.4917952069717,0.37232914149266644,364,792371.1258064517,64.03,7.85,5.58,31.84,5.36,4.59,1.13,0.56,5.01
2023-01-28,44.73,231.0,408.543672657952,0.3674435617882189,365,794918.0806451613,66.03,8.08,5.82,31.32,5.25,4.61,1.12,0.59,5.26
2023-01-29,44.24,188.0,409.17307007988376,0.3730931589353095,366,797465.035483871,66.26,8.13,5.84,32.53,5.43,4.7,1.15,0.62,5.09
2023-01-30,44.43,164.0,409.2081897542968,0.3722483701789901,367,800011.9903225807,64.88,7.95,5.74,32.72,5.3,4.7,1.16,0.62,5.01
2023-01-31,44.53,176.0,410.03671411280584,0.3722794634984762,368,802558.9451612904,66.13,8.29,5.92,33.64,5.43,4.77,1.18,0.63,5.23
2023-02-01,44.72,194.0,410.29150689905606,0.369898339040019,409,805105.9,67.28,8.14,6.01,35.36,5.54,4.77,1.19,0.64,5.26
2023-02-02,43.83,194.0,412.3878703098523,0.3780269848811883,410,806476.2071428571,67.31,8.28,5.96,34.58,5.6,4.89,1.21,0.67,5.4
2023-02-03,44.49,178.0,411.6693510953764,0.3739881958750088,410,807846.5142857144,66.53,8.27,5.95,35.09,5.6,4.88,1.24,0.68,5.42
2023-02-04,44.99,205.0,412.20477136286615,0.37266246618745885,411,809216.8214285715,66.91,8.37,6.09,34.87,5.69,4.92,1.25,0.7,5.67
2023-02-05,44.56,209.0,413.55998583878,0.37503104615642197,412,810587.1285714286,68.17,8.41,6.06,35.39,5.63,4.76,1.33,0.72,5.7
2023-02-06,44.68,172.0,413.9462312091503,0.3753904255607153,412,811957.4357142857,68.36,8.37,5.91,32.56,5.71,4.87,1.33,0.71,5.56
2023-02-07,44.72,202.0,413.4014078310338,0.37371683424941926,413,813327.7428571428,69.18,7.92,5.64,32.39,5.59,4.79,1.32,0.71,5.57
2023-02-08,45.59,184.0,415.0163160251755,0.36595460129208496,414,814698.05,71.28,8.04,5.82,33.51,5.55,4.56,1.31,0.7,5.48
2023-02-09,46.15,196.0,416.84073553618987,0.3642092198916193,415,816068.3571428572,70.88,8.29,6.14,35.22,5.57,4.73,1.31,0.7,5.48
2023-02-10,44.5,187.0,417.76059997579284,0.37789173776434565,400,817438.6642857143,70.22,8.13,6.12,35.23,5.51,4.75,1.3,0.71,5.41
2023-02-11,44.07,209.0,418.6249362442508,0.38140030637489347,401,818808.9714285715,69.58,7.91,5.76,34.34,5.43,4.82,1.32,0.72,5.21
2023-02-12,43.82,178.0,420.3400523178407,0.3834924320635107,402,820179.2785714286,69.12,7.86,5.81,33.34,5.51,4.67,1.32,0.72,5.06
2023-02-13,43.35,158.0,423.0430009985476,0.3868903887098906,402,821549.5857142857,68.96,7.87,5.67,31.52,5.37,4.72,1.31,0.76,5.18
2023-02-14,43.09,167.0,425.3947776264827,0.3888763834007989,403,822919.8928571428,69.37,7.9,5.67,32.04,5.32,4.69,1.36,0.78,4.95
2023-02-15,43.69,207.0,427.0774413580247,0.38401230832300054,404,824290.2,70.06,7.86,5.68,31.94,5.64,4.74,1.39,0.82,5.05
2023-02-16,45.17,242.0,428.55346689663526,0.3714972284312603,404,825660.5071428572,71.42,8.28,5.49,32.95,5.38,4.79,1.46,0.91,5.15
2023-02-17,45.92,250.0,430.0866104756717,0.3669731977066201,405,827030.8142857143,71.91,8.03,5.68,34.6,5.4,4.76,1.45,0.91,5.29
2023-02-18,46.62,258.0,432.1001433974824,0.3631982349471917,406,828401.1214285714,71.31,8.05,5.66,33.78,5.5,4.74,1.48,0.95,5.28
2023-02-19,44.06,205.0,434.7268622306947,0.3822540685446605,406,829771.4285714286,70.17,7.74,5.59,33.86,5.52,4.7,1.49,0.89,5.24
2023-02-20,44.01,146.0,434.92124585451455,0.38181141241049493,407,831141.7357142858,69.24,7.87,5.62,33.97,5.42,4.79,1.49,0.81,5.08
2023-02-21,44.24,175.0,436.75890159767613,0.3784849454509796,408,832512.0428571429,68.56,7.8,5.4,34.93,5.24,4.68,1.48,0.84,4.82
2023-02-22,43.13,181.0,437.46910569474704,0.3907144947037768,408,833882.35,70.67,7.58,5.28,33.3,5.44,4.79,1.49,0.85,4.88
2023-02-23,43.6,180.0,437.07675944081325,0.38325100035660287,409,835252.6571428571,69.37,7.84,5.49,35.77,5.36,4.68,1.48,0.83,4.92
2023-02-24,43.53,210.0,435.7896249394819,0.38310614491372563,410,836622.9642857143,69.09,7.82,5.52,34.96,5.41,4.69,1.45,0.82,5.07
2023-02-25,44.19,279.0,434.7774559428709,0.3765369907173038,410,837993.2714285714,69.27,7.74,5.56,34.85,5.54,4.83,1.55,0.86,5.05
2023-02-26,44.03,270.0,434.5136294178165,0.37610665388898656,411,839363.5785714285,67.02,7.78,5.62,33.64,5.57,4.81,1.71,0.87,5.13
2023-02-27,43.5,170.0,436.5662602275477,0.37787880613306973,412,840733.8857142858,66.41,7.99,5.69,34.97,5.61,4.97,1.6,0.86,5.15
2023-02-28,45.21,256.0,436.399304587267,0.3660312395613016,412,842104.1928571429,68.36,7.96,5.75,35.21,5.71,5.22,1.65,0.89,5.36
2023-03-01,45.3,208.0,438.36439524328256,0.3698072953277546,373,843474.5,68.76,7.98,5.67,35.06,5.75,5.25,1.67,0.88,5.28
2023-03-02,45.34,231.0,441.80149010530124,0.3754108765408051,374,845881.3096774194,70.35,7.97,5.69,36.43,5.65,5.34,1.61,0.87,5.19
2023-03-03,45.7,262.0,443.1318103667393,0.3715292472353199,375,848288.1193548387,73.18,8.24,5.77,38.0,5.72,5.42,1.62,0.89,5.37
2023-03-04,47.27,418.0,445.59523251028804,0.3622388482260823,376,850694.9290322581,75.74,8.23,5.78,36.88,5.63,5.35,1.65,0.9,5.53
2023-03-05,47.44,229.0,449.0056613713386,0.3604904518998557,377,853101.7387096774,75.7,8.04,5.57,36.79,5.49,5.5,1.65,0.89,5.44
2023-03-06,48.91,251.0,449.38506983781167,0.3480637035802491,378,855508.5483870967,75.13,7.75,5.35,35.65,5.26,5.16,1.53,0.88,5.14
2023-03-07,48.55,253.0,454.77655894456535,0.349595475601757,380,857915.3580645161,77.45,8.08,5.4,36.45,5.33,5.23,1.56,0.87,5.26
2023-03-08,49.45,347.0,459.40236804042604,0.345499750115204,381,860322.1677419355,77.36,8.24,5.65,37.81,5.21,5.17,1.51,0.87,5.55
2023-03-09,51.67,372.0,462.60482286371337,0.3298908602939119,382,862728.9774193548,78.81,7.98,5.88,36.12,5.24,5.28,1.51,0.89,5.43
2023-03-10,52.04,242.0,463.4819786673929,0.3305499331780401,383,865135.7870967742,78.69,8.55,5.91,36.42,5.29,5.37,1.55,0.92,5.53
2023-03-11,53.59,381.0,465.53069226579515,0.3238983597276023,384,867542.5967741936,80.8,8.32,6.0,37.3,5.53,5.42,1.59,0.91,5.47
2023-03-12,54.73,268.0,465.875691872428,0.315904019583393,385,869949.406451613,79.0,8.36,5.86,37.77,5.55,5.44,1.63,0.93,5.57
2023-03-13,54.37,262.0,465.5003630779473,0.3189099504851576,386,872356.2161290322,76.11,8.44,6.0,37.52,5.54,5.31,1.63,0.93,5.64
2023-03-14,54.96,223.0,467.6264756112323,0.31727988845995636,387,874763.0258064516,78.02,8.43,6.01,36.88,5.49,5.46,1.65,0.92,5.89
2023-03-15,53.77,245.0,466.5789660191237,0.321568390142764,388,877169.8354838709,77.83,8.38,6.06,36.33,5.55,5.46,1.61,0.95,5.78
2023-03-16,55.68,247.0,467.4739603909465,0.31039288777513885,389,879576.6451612903,80.98,8.29,5.93,37.0,5.65,5.4,1.62,0.95,5.71
2023-03-17,56.5,271.0,470.5878622609539,0.3070532576746276,390,881983.4548387097,79.19,8.36,5.93,34.61,5.49,5.28,1.59,0.96,5.68
2023-03-18,57.77,256.0,473.74377526627944,0.3015509854304619,391,884390.264516129,79.93,8.34,5.91,36.5,5.46,5.11,1.62,0.97,5.84
2023-03-19,57.97,280.0,475.866459483176,0.29956770574314334,392,886797.0741935484,78.4,8.31,5.93,36.75,5.52,5.14,1.57,0.98,5.66
2023-03-20,57.18,199.0,476.8563794480754,0.3056201208541514,393,889203.8838709678,80.31,8.53,5.82,37.16,5.46,5.15,1.56,1.0,5.67
2023-03-21,57.11,178.0,480.2999233841685,0.3069508175247696,394,891610.693548387,78.29,8.27,5.76,37.08,5.42,5.08,1.58,1.01,5.63
2023-03-22,56.21,234.0,484.90859516460915,0.313808182793701,396,894017.5032258064,79.34,8.44,5.68,34.55,5.46,5.05,1.55,1.06,5.66
2023-03-23,57.11,250.0,507.0807414064391,0.31671066310437035,397,896424.3129032258,79.82,8.48,5.89,33.89,5.32,4.93,1.54,1.07,5.81
2023-03-24,59.69,306.0,513.3382079702251,0.30641105712211353,398,898831.1225806451,79.13,8.6,6.27,37.67,5.36,5.1,1.6,1.15,5.99
2023-03-25,60.25,292.0,514.333824074074,0.30219989920680906,399,901237.9322580645,81.6,8.91,6.23,37.57,5.75,5.3,1.6,1.2,6.36
2023-03-26,62.33,294.0,514.0781645485354,0.2970995608736603,400,903644.7419354839,79.97,9.15,6.2,38.58,5.89,5.32,1.7,1.24,6.52
2023-03-27,62.08,320.0,524.9577423142097,0.29764449802687765,401,906051.5516129032,82.73,9.23,6.3,39.2,6.17,5.42,1.85,1.29,6.58
2023-03-28,66.19,254.0,514.7873969075285,0.2777857929245137,402,908458.3612903226,83.7,9.64,6.48,39.39,6.34,5.47,2.06,1.36,6.53
2023-03-29,70.13,242.0,508.6376318082789,0.26373311999173893,403,910865.1709677419,87.28,9.81,6.69,39.91,6.48,5.65,2.11,1.41,6.82
2023-03-30,72.25,257.0,515.8730172173808,0.25514394501672244,404,913271.9806451612,91.55,10.44,6.79,42.71,6.94,5.7,2.11,1.49,6.89
2023-03-31,80.66,286.0,520.1625836359235,0.22947733532474818,405,915678.7903225806,92.85,11.03,7.25,43.62,8.05,6.25,2.47,1.71,7.74
2023-04-01,84.11,319.0,523.17936976519,0.22092084533243764,420,918085.6,94.04,10.9,7.51,48.53,8.79,7.13,2.65,1.68,8.54
2023-04-02,79.96,278.0,528.3255447228274,0.23593211344527007,423,924733.3266666667,93.55,10.9,8.32,48.67,8.62,7.11,2.48,1.71,8.61
2023-04-03,77.92,237.0,530.0095186092955,0.23944881837304902,426,931381.0533333333,94.84,10.62,8.28,45.94,7.98,6.51,2.39,1.64,7.89
2023-04-04,76.77,219.0,534.5309178165093,0.24552504593621344,429,938028.78,94.8,10.92,7.94,49.54,7.49,6.85,2.47,1.59,7.55
2023-04-05,75.79,264.0,542.1709635076253,0.2499928255021153,432,944676.5066666666,93.88,11.21,7.98,49.48,7.97,6.91,2.59,1.58,8.17
2023-04-06,76.45,262.0,566.6325206366497,0.2509145861007159,435,951324.2333333333,92.12,11.37,8.44,49.74,8.28,7.22,2.52,1.6,8.32
2023-04-07,78.94,311.0,571.1634696804648,0.24617521236121034,438,957971.96,91.54,11.57,8.35,51.73,7.85,7.05,2.47,1.63,7.95
2023-04-08,81.09,256.0,569.5904291333817,0.23893524072764974,441,964619.6866666666,88.09,11.81,8.05,47.78,7.87,7.09,2.58,1.73,8.28
2023-04-09,78.91,248.0,576.2447976882111,0.24660337754929226,444,971267.4133333333,92.54,11.52,8.39,48.14,7.75,7.3,2.59,1.84,7.88
2023-04-10,77.29,209.0,578.5453059791816,0.25381806817802033,447,977915.1399999999,95.49,11.11,8.09,47.45,7.71,7.13,2.54,1.86,7.89
2023-04-11,77.62,247.0,586.0586975308643,0.2548420386096991,450,984562.8666666666,93.39,11.03,8.09,51.24,7.81,7.32,2.59,1.82,7.77
2023-04-12,78.66,235.0,618.4248031045753,0.25505698814631034,453,991210.5933333333,95.05,10.88,8.11,57.61,8.21,7.63,2.53,1.79,7.73
2023-04-13,79.09,230.0,641.550589778504,0.2588304448341114,456,997858.32,97.44,10.99,8.2,57.36,8.64,8.51,2.69,1.87,7.63
2023-04-14,79.28,166.0,657.5475277172599,0.2636608220095304,459,1004506.0466666666,96.99,10.99,8.21,63.22,8.94,8.87,2.7,2.07,7.95
2023-04-15,81.79,208.0,653.3060846344711,0.25932154537635216,462,1011153.7733333333,94.67,11.55,8.37,67.97,9.26,9.63,3.09,2.31,8.63
2023-04-16,81.87,188.0,654.2205240559186,0.2603871926354333,465,1017801.5,95.71,11.67,8.48,66.26,9.51,9.5,3.61,2.44,8.5
2023-04-17,78.02,193.0,656.5772424049866,0.2737279090024688,468,1024449.2266666666,93.95,11.38,8.23,69.94,9.55,9.66,3.28,2.37,8.29
2023-04-18,77.41,176.0,673.977455942871,0.2804098935175178,471,1031096.9533333333,94.93,11.41,8.28,64.88,9.43,9.55,3.5,2.47,8.16
2023-04-19,77.05,165.0,684.7941817053984,0.29519204500028573,474,1037744.6799999999,94.54,11.59,8.37,69.71,9.61,9.48,3.53,2.42,8.53
2023-04-20,77.81,228.0,679.8037536008231,0.29779209579640253,477,1044392.4066666666,96.05,11.49,8.33,66.92,9.5,9.43,3.33,2.19,8.52
2023-04-21,78.57,276.0,673.4304200254176,0.29695710438603373,480,1051040.1333333333,99.61,12.12,8.36,62.56,9.63,8.76,2.99,2.09,8.19
2023-04-22,79.5,262.0,666.3075552529654,0.28972441902439017,484,1057687.8599999999,106.76,11.73,8.39,63.6,9.38,8.74,2.92,2.0,8.02
2023-04-23,78.13,245.0,660.1977812273057,0.29446357558751346,487,1064335.5866666667,109.29,11.4,8.26,59.53,9.3,8.6,2.61,1.7,8.18
2023-04-24,76.44,197.0,661.2405108932462,0.3030908417708885,490,1070983.3133333332,105.4,11.7,8.06,64.85,9.38,7.54,2.61,1.72,7.81
2023-04-25,72.7,230.0,662.3413585996126,0.32526724132716794,493,1077631.04,97.19,10.41,7.46,54.82,9.02,7.08,2.44,1.58,7.23
2023-04-26,69.89,235.0,656.8619591805859,0.32988258057156733,496,1084278.7666666666,92.93,9.95,7.28,61.2,7.78,6.51,2.25,1.57,7.02
2023-04-27,68.42,234.0,649.4776291454853,0.33613679530179125,499,1090926.4933333332,91.5,9.94,7.69,57.67,8.14,6.73,2.46,1.69,7.68
2023-04-28,71.64,290.0,640.6931269668362,0.3177007504414253,502,1097574.22,96.87,10.72,8.05,64.58,8.64,6.91,2.6,1.82,7.99
2023-04-29,73.22,262.0,635.5515357358994,0.3095706164287487,505,1104221.9466666665,94.78,10.97,8.55,60.16,9.16,7.32,2.78,1.91,7.91
2023-04-30,71.7,222.0,625.535533436214,0.3162915934125623,508,1110869.6733333333,95.15,11.34,8.37,61.11,8.91,7.41,2.65,1.86,8.18
2023-05-01,70.0,202.0,624.9882699104334,0.3249314309540231,494,1117517.4,91.96,11.14,7.71,61.15,8.72,7.17,2.71,1.76,8.19
2023-05-02,67.8,187.0,626.0011470890825,0.35303542532760035,494,1116499.6387096774,92.97,11.32,7.86,60.56,8.59,7.53,2.54,1.77,8.01
2023-05-03,67.01,195.0,627.2490811849431,0.3529212725834085,493,1115481.8774193549,92.77,11.63,8.28,59.51,8.67,7.77,2.78,1.8,8.13
2023-05-04,67.33,268.0,636.3106367707579,0.3302515192122428,493,1114464.116129032,96.38,11.88,8.46,60.85,9.15,7.84,2.86,1.87,7.89
2023-05-05,63.58,275.0,631.0352262769306,0.35021521130723093,493,1113446.3548387096,93.23,10.89,7.63,58.37,8.59,7.38,2.66,1.71,7.3
2023-05-06,64.4,300.0,630.7713334543695,0.3424390645807855,492,1112428.593548387,89.36,11.05,8.29,52.88,8.97,7.24,2.6,1.77,7.38
2023-05-07,63.91,279.0,630.8603474642944,0.3417798522333712,492,1111410.8322580645,90.23,10.68,8.03,50.34,8.85,7.2,2.46,1.72,7.36
2023-05-08,62.39,256.0,632.2532829218106,0.3476011228442538,491,1110393.0709677418,88.39,10.66,8.14,50.87,8.79,7.23,2.44,1.62,7.05
2023-05-09,62.41,193.0,629.5894964596949,0.34788685015966164,491,1109375.3096774193,89.66,11.19,8.46,51.18,8.65,6.97,2.38,1.6,6.96
2023-05-10,60.86,262.0,621.8931747458241,0.3482600119925581,490,1108357.5483870967,88.04,10.89,8.29,51.07,8.73,6.78,2.49,1.64,7.42
2023-05-11,64.08,212.0,619.6716060275962,0.3321346871023239,490,1107339.7870967742,88.94,11.26,8.24,52.87,8.86,6.65,2.59,1.73,7.47
2023-05-12,63.75,247.0,612.9726170418785,0.33347728997369924,489,1106322.0258064517,89.43,11.1,8.23,53.24,8.85,6.76,2.62,1.76,7.25
2023-05-13,62.64,227.0,590.8830959816024,0.3329660925361227,489,1105304.264516129,89.61,11.14,8.33,46.87,8.53,6.93,2.54,1.8,7.21
2023-05-14,62.85,251.0,594.471728788429,0.33207557242470614,489,1104286.5032258064,89.88,11.48,8.12,48.62,8.94,6.95,2.56,1.76,7.27
2023-05-15,62.06,228.0,593.1228967562333,0.3362506044494668,488,1103268.7419354839,92.0,11.85,8.35,47.77,8.67,6.73,2.6,1.77,7.22
2023-05-16,60.38,239.0,595.9844263798112,0.34536935919307576,488,1102250.9806451614,89.77,11.6,8.2,44.29,8.57,6.69,2.49,1.75,7.41
2023-05-17,59.17,189.0,592.5854519789397,0.3525720059738786,487,1101233.2193548386,90.17,11.8,8.05,45.17,8.68,6.74,2.44,1.75,7.12
2023-05-18,59.5,277.0,594.233638919148,0.3494858244293744,487,1100215.458064516,91.02,11.86,8.15,46.37,8.58,6.87,2.6,1.76,7.34
2023-05-19,58.68,247.0,585.8179320079884,0.3497961173784263,486,1099197.6967741936,89.08,11.79,8.37,45.73,8.57,7.09,2.62,1.76,7.4
2023-05-20,59.47,277.0,586.2402697893972,0.3456635321074225,486,1098179.935483871,92.22,11.91,8.05,48.46,8.62,7.09,2.58,1.73,7.49
2023-05-21,61.81,276.0,583.1407866739288,0.33506063802462505,485,1097162.1741935483,91.11,11.52,7.94,47.7,8.57,6.81,2.48,1.71,7.17
2023-05-22,60.13,300.0,583.0120469619947,0.34296587134638734,485,1096144.4129032257,91.19,11.6,7.95,48.63,8.54,6.65,2.58,1.71,7.27
2023-05-23,60.5,203.0,585.734228969983,0.3400639121801347,484,1095126.6516129032,89.14,11.87,8.28,47.13,8.9,7.08,2.55,1.75,7.17
2023-05-24,60.28,173.0,593.8771832788672,0.34033433450626044,484,1094108.8903225807,90.2,11.6,8.4,46.21,8.77,6.98,2.62,1.75,7.15
2023-05-25,61.89,258.0,595.1507654018397,0.33205245347127116,484,1093091.1290322582,93.03,11.69,8.41,49.25,9.12,7.11,2.68,1.77,7.27
2023-05-26,62.62,282.0,595.0379025659646,0.3298777366865832,483,1092073.3677419354,91.72,11.96,8.36,45.4,8.77,6.98,2.61,1.76,7.05
2023-05-27,62.72,311.0,596.6226879084967,0.3319982502741305,483,1091055.606451613,93.34,11.6,8.48,48.01,8.98,7.0,2.65,1.78,7.43
2023-05-28,62.91,304.0,595.592096859114,0.3308361817753287,482,1090037.8451612904,94.25,12.11,8.54,49.26,8.87,6.95,2.68,1.8,7.17
2023-05-29,63.74,256.0,598.061621429436,0.3268540666206905,482,1089020.0838709679,93.68,12.38,8.61,48.48,8.66,6.86,2.71,1.89,7.24
2023-05-30,63.62,228.0,600.358008744856,0.3257297368684577,481,1088002.322580645,95.18,11.83,8.72,46.4,9.0,7.02,2.76,1.92,7.35
2023-05-31,63.62,269.0,597.6859478637134,0.32842508636615697,481,1086984.5612903226,96.53,11.84,8.58,46.21,8.87,6.89,2.73,1.9,7.13
2023-06-01,65.56,256.0,601.5231341987412,0.31853802899847733,496,1085966.8,96.87,12.51,8.93,44.76,9.07,7.22,2.72,1.99,7.4
2023-06-02,65.3,272.0,601.3127617102397,0.3232130258078574,493,1079157.6033333333,98.6,13.06,8.73,46.39,9.34,7.24,2.8,2.07,7.54
2023-06-03,68.14,306.0,600.7994726761075,0.3091221382618656,490,1072348.4066666667,98.34,13.14,8.99,47.78,9.02,7.15,2.94,2.17,7.76
2023-06-04,67.58,218.0,600.4379045933189,0.3098376537560969,487,1065539.21,98.26,13.22,8.93,48.46,9.21,7.2,2.9,2.19,7.73
2023-06-05,67.83,232.0,597.1136854272573,0.31010087059813257,484,1058730.0133333334,98.01,13.04,8.97,49.82,9.07,7.09,2.8,2.12,7.14
2023-06-06,67.22,201.0,594.3615025720164,0.3117798176124411,481,1051920.8166666667,96.9,13.14,8.94,49.69,8.99,7.24,3.01,2.16,7.55
2023-06-07,66.16,252.0,593.7648354514645,0.3178324740001236,478,1045111.62,95.88,12.82,8.8,50.48,9.35,7.38,2.89,2.13,7.66
2023-06-08,67.3,256.0,592.2719875938029,0.3134276142626118,475,1038302.4233333333,98.53,12.92,9.19,48.18,9.56,7.25,2.89,2.17,7.58
2023-06-09,68.55,270.0,594.1768444989108,0.30662534258524726,472,1031493.2266666667,103.8,13.06,9.13,49.91,9.29,7.33,2.93,2.19,7.48
2023-06-10,70.61,231.0,595.1339615105301,0.297591512346485,468,1024684.03,104.63,13.74,9.66,51.07,9.46,7.16,3.04,2.25,7.63
2023-06-11,71.15,217.0,598.0056463326072,0.29651451622744757,465,1017874.8333333334,104.35,13.6,9.78,47.14,9.28,7.44,3.0,2.19,7.91
2023-06-12,71.0,151.0,597.3807536916001,0.29782776278602346,462,1011065.6366666667,104.58,13.18,10.03,50.92,9.51,7.48,2.99,2.22,7.7
2023-06-13,71.18,154.0,593.0601298111836,0.29578809141393575,459,1004256.4400000001,104.04,13.99,9.93,49.52,9.48,7.29,2.98,2.27,7.72
2023-06-14,72.46,217.0,592.1258203219559,0.2888648283185376,456,997447.2433333334,100.52,13.66,10.07,49.6,9.57,7.49,2.87,2.27,7.7
2023-06-15,69.39,178.0,592.3545113773906,0.3018044939016679,453,990638.0466666667,105.58,13.38,10.34,49.84,9.66,7.85,2.93,2.23,7.88
2023-06-16,71.91,212.0,594.138906802227,0.29456100442267047,450,983828.8500000001,108.69,13.9,10.64,49.66,9.68,7.96,2.86,2.27,7.77
2023-06-17,72.25,228.0,589.8307012527233,0.29383361572818484,447,977019.6533333333,111.02,14.51,10.58,52.32,9.83,8.09,2.95,2.28,7.84
2023-06-18,72.19,135.0,585.5455880839991,0.29224996221249855,444,970210.4566666667,111.23,14.73,10.5,50.86,9.73,8.15,2.97,2.27,8.11
2023-06-19,71.22,162.0,583.4404057431615,0.2960552879342804,440,963401.26,113.31,15.05,10.79,50.55,9.79,8.18,2.94,2.18,8.2
2023-06-20,72.62,153.0,578.8073154502541,0.2916269891456498,437,956592.0633333334,112.21,15.43,10.66,51.32,9.72,8.11,2.94,2.18,7.87
2023-06-21,69.86,152.0,577.1829934640523,0.30360179138503607,434,949782.8666666667,110.39,14.62,9.88,50.67,9.78,8.05,2.95,2.21,7.84
2023-06-22,69.89,189.0,578.4820350399419,0.30151345725280154,431,942973.67,106.01,14.23,10.14,49.15,9.49,7.9,2.96,2.2,7.81
2023-06-23,66.42,203.0,576.0953499757927,0.3144588818590724,428,936164.4733333334,110.42,13.74,9.44,50.18,9.49,7.86,2.77,2.12,7.99
2023-06-24,69.33,226.0,574.8478928528201,0.3042464723368306,425,929355.2766666667,110.5,13.8,9.29,50.76,9.2,7.88,2.74,2.12,7.88
2023-06-25,71.05,160.0,572.0342727850399,0.2961790593288424,422,922546.0800000001,108.4,13.58,9.36,49.17,9.49,7.92,2.71,2.08,7.62
2023-06-26,69.17,160.0,565.3032159283467,0.30022866845305285,419,915736.8833333333,105.48,13.49,9.65,49.07,9.21,7.68,2.83,2.07,7.88
2023-06-27,69.47,196.0,557.4843682219803,0.2979746547677694,416,908927.6866666666,104.84,13.63,10.34,50.56,9.4,7.64,2.69,2.06,7.88
2023-06-28,66.67,167.0,552.5787945110143,0.3056053354821892,412,902118.49,101.59,12.54,9.33,50.55,9.34,7.47,2.71,2.02,7.52
2023-06-29,64.35,228.0,542.0235259924957,0.31649236179937,409,895309.2933333333,96.52,12.76,9.13,49.9,8.93,7.43,2.7,1.92,7.38
2023-06-30,64.92,226.0,535.9850577644637,0.31333405675413284,406,888500.0966666667,96.97,12.63,8.89,48.25,8.21,6.83,2.58,1.78,7.37
2023-07-01,65.9,159.0,533.1959916182523,0.3091650260532961,390,881690.9,99.72,12.67,8.58,46.03,8.59,7.02,2.71,1.79,7.41
2023-07-02,65.16,179.0,534.8957864621157,0.31213118409225266,391,882996.1258064517,99.22,13.28,8.32,46.28,8.35,6.83,2.64,1.76,7.0
2023-07-03,66.25,159.0,539.1951178286129,0.3048142145608815,391,884301.3516129033,100.72,12.72,8.73,48.11,8.2,6.93,2.52,1.8,6.97
2023-07-04,66.82,141.0,542.8185996429437,0.30253962001761703,392,885606.5774193548,98.96,12.78,8.7,45.95,8.46,6.81,2.45,1.84,7.0
2023-07-05,64.62,173.0,544.1208437121761,0.3131725464850382,392,886911.8032258064,97.58,12.24,8.67,46.6,8.49,6.74,2.47,1.86,7.06
2023-07-06,64.07,194.0,548.5763197167756,0.31530210575561846,393,888217.0290322581,97.29,12.84,8.83,48.15,8.74,6.73,2.57,1.96,6.71
2023-07-07,63.94,190.0,541.8437364742194,0.3155902156650795,394,889522.2548387097,100.16,13.39,8.97,46.33,8.83,6.89,2.59,2.11,6.96
2023-07-08,64.81,171.0,540.1846960179136,0.310276942795208,394,890827.4806451614,103.0,12.85,8.94,44.44,8.45,6.84,2.65,2.12,7.06
2023-07-09,63.87,161.0,538.8362378056161,0.31576852654425835,395,892132.7064516129,99.7,13.1,8.78,49.21,8.9,6.98,2.71,2.09,7.25
2023-07-10,63.61,183.0,536.0467602880659,0.31469971494020527,395,893437.9322580645,100.04,13.3,8.92,48.89,8.42,7.11,2.69,2.08,7.33
2023-07-11,64.22,171.0,531.6271294783346,0.3101192013593671,396,894743.1580645161,102.3,13.48,9.2,43.63,8.89,6.95,2.59,2.02,7.56
2023-07-12,60.23,180.0,532.1647744492859,0.32946777682250533,396,896048.3838709678,96.31,12.84,9.29,46.5,8.95,6.76,2.49,1.98,7.37
2023-07-13,62.74,186.0,532.8637699104333,0.31633178158152647,397,897353.6096774194,99.61,12.96,9.05,44.5,8.5,6.92,2.6,2.05,7.0
2023-07-14,63.29,207.0,533.759723735173,0.3143155183527017,398,898658.8354838709,101.12,13.27,9.43,44.21,9.0,7.26,2.7,2.12,7.43
2023-07-15,64.72,178.0,528.815670691116,0.3069753052189554,398,899964.0612903226,103.35,13.67,9.39,48.79,9.01,7.25,2.77,2.18,7.72
2023-07-16,63.89,194.0,530.1478991466957,0.3092542577971308,399,901269.2870967742,103.36,14.27,9.45,48.24,8.95,7.26,2.89,2.21,7.68
2023-07-17,65.49,201.0,527.0610650266281,0.30163544796026154,399,902574.5129032258,105.28,14.26,9.35,46.67,8.97,7.18,2.85,2.22,7.79
2023-07-18,66.72,151.0,525.4837626785283,0.29043305399451025,400,903879.7387096775,102.53,14.51,9.17,47.75,9.58,7.35,2.88,2.19,7.7
2023-07-19,65.13,188.0,522.1149536431857,0.2992698644249683,400,905184.9645161291,100.85,13.76,8.89,47.92,9.88,7.37,2.87,2.21,7.33
2023-07-20,64.75,141.0,517.2557470648754,0.29865739764109495,401,906490.1903225806,100.99,13.77,9.35,47.61,9.61,7.24,2.88,2.19,7.38
2023-07-21,62.18,134.0,520.2750317719681,0.3125133602689698,402,907795.4161290323,99.51,14.11,9.42,49.51,9.18,7.47,2.82,2.16,7.5
2023-07-22,62.22,139.0,517.1976648208666,0.312645056527887,402,909100.6419354839,101.01,14.03,9.85,47.97,9.31,7.54,2.82,2.22,7.44
2023-07-23,64.25,161.0,518.9731463326071,0.3028653305073204,403,910405.8677419355,104.68,14.7,9.2,48.53,9.35,7.54,2.9,2.22,7.43
2023-07-24,62.66,126.0,523.6811127753571,0.3098482914666927,403,911711.0935483872,101.17,14.37,9.4,46.32,9.39,7.47,2.97,2.23,7.45
2023-07-25,62.65,141.0,524.3861487533285,0.30973625970371405,404,913016.3193548387,103.69,14.1,9.65,46.27,9.28,7.51,2.83,2.26,7.4
2023-07-26,61.73,189.0,529.3184462599855,0.31394375688222725,404,914321.5451612903,103.39,13.76,9.22,44.21,8.82,7.32,2.84,2.22,7.06
2023-07-27,60.54,177.0,532.1491500847252,0.31942183112814376,405,915626.770967742,100.24,14.32,9.27,47.08,9.04,7.25,2.94,2.25,7.15
2023-07-28,62.13,164.0,532.7251498123942,0.3095288281874915,406,916931.9967741936,103.2,14.5,9.29,45.65,8.95,7.44,2.91,2.26,7.28
2023-07-29,61.9,197.0,540.5079993645605,0.31261715031761717,406,918237.2225806452,102.11,14.79,9.39,45.97,9.12,7.47,3.01,2.28,7.4
2023-07-30,62.87,158.0,544.5860076555314,0.3088462240926938,407,919542.4483870968,102.81,14.31,9.45,44.66,9.16,7.38,2.91,2.24,7.41
2023-07-31,63.84,131.0,545.5097396211571,0.30702513061843945,407,920847.6741935484,102.93,14.5,9.66,49.01,9.15,7.42,2.94,2.27,7.68
2023-08-01,63.75,151.0,547.1356223674655,0.3107166973093196,408,922152.9,102.12,14.62,9.65,45.15,9.11,7.25,2.96,2.24,7.33
2023-08-02,61.8,179.0,547.0097396211571,0.3224002579798766,409,923894.3548387097,102.68,14.47,9.23,45.53,9.21,7.59,2.89,2.21,7.22
2023-08-03,62.58,221.0,553.3620064754297,0.31929199129626,409,925635.8096774194,100.4,14.51,9.27,45.44,9.12,7.21,2.93,2.2,7.27
2023-08-04,61.02,196.0,555.5581817053982,0.3255958821988779,410,927377.264516129,102.19,14.59,9.02,44.11,9.35,7.26,2.96,2.19,7.12
2023-08-05,62.23,200.0,555.2834433551199,0.32063507705316724,411,929118.7193548387,105.01,15.52,9.19,46.35,9.13,7.59,2.89,2.2,7.3
2023-08-06,63.19,191.0,555.9591252723311,0.31865592144923127,412,930860.1741935484,103.07,15.37,9.1,44.42,9.17,7.33,2.9,2.18,7.17
2023-08-07,60.82,125.0,551.3409957939965,0.3301551303970693,413,932601.6290322581,104.33,15.11,9.23,44.32,9.07,7.32,2.82,2.08,7.17
2023-08-08,60.9,130.0,549.1333598704914,0.32702358451032404,413,934343.0838709677,104.14,14.76,9.38,44.39,9.22,7.54,2.89,2.07,7.25
2023-08-09,59.33,150.0,549.8551253328492,0.33680721645126666,414,936084.5387096774,102.13,14.13,8.99,46.14,8.87,7.22,2.82,2.09,6.84
2023-08-10,58.29,193.0,549.2146196138949,0.34085328377748536,415,937825.9935483871,102.08,13.87,8.68,45.15,8.84,7.2,2.82,2.06,6.69
2023-08-11,58.02,199.0,551.7690465081095,0.3415297213593302,416,939567.4483870968,100.06,14.2,8.93,43.57,8.88,7.35,2.88,2.06,6.91
2023-08-12,58.01,154.0,552.4159944323409,0.340466258500974,416,941308.9032258064,103.49,14.58,9.09,42.28,8.9,7.17,2.87,2.06,7.06
2023-08-13,60.17,181.0,552.8841779230211,0.32916555467673375,417,943050.3580645161,103.26,14.36,9.06,42.06,9.04,7.43,2.95,2.04,6.77
2023-08-14,58.67,108.0,553.5464494069233,0.3363321464869391,418,944791.8129032258,103.04,14.59,8.95,44.85,8.94,7.15,2.84,2.06,7.24
2023-08-15,58.74,117.0,551.6540788852578,0.3379797025488391,419,946533.2677419354,105.27,14.02,8.84,45.51,9.2,7.38,2.93,2.08,7.09
2023-08-16,56.02,162.0,552.3469397845557,0.3537721255980862,420,948274.7225806452,101.04,13.96,8.75,47.59,9.31,7.49,2.89,2.07,6.94
2023-08-17,56.87,186.0,553.1168435911402,0.3493342256024112,420,950016.1774193549,100.84,13.2,8.94,47.29,9.18,7.46,2.88,2.07,6.76
2023-08-18,57.49,150.0,556.4719634168483,0.3526117172331752,421,951757.6322580646,102.16,13.94,8.9,47.38,8.99,7.69,2.89,2.1,7.07
2023-08-19,58.41,177.0,558.9275103485838,0.3482321895680661,422,953499.0870967743,102.64,14.11,9.06,48.04,8.8,7.69,2.89,2.12,6.93
2023-08-20,58.9,163.0,561.4721153776326,0.3497957071759946,423,955240.5419354839,101.44,14.28,9.09,46.36,9.15,7.46,2.79,2.11,6.61
2023-08-21,59.09,129.0,564.0108360566448,0.37056800677008767,423,956981.9967741936,101.49,14.43,9.07,44.76,9.18,7.6,2.79,2.08,6.66
2023-08-22,55.81,111.0,564.8873990256598,0.3938260707958508,424,958723.4516129033,99.43,14.27,8.99,45.33,8.97,7.67,2.76,2.06,6.98
2023-08-23,55.59,161.0,565.644162006778,0.3971923519864683,425,960464.906451613,96.46,13.71,8.48,41.02,8.5,7.12,2.75,2.02,6.55
2023-08-24,55.36,138.0,568.7463936092958,0.40182543253831093,426,962206.3612903226,97.74,14.1,8.7,42.54,8.64,7.53,2.77,2.01,6.82
2023-08-25,56.42,172.0,565.065269607843,0.3929309712077495,426,963947.8161290323,97.67,14.47,8.91,41.76,8.73,7.54,2.86,2.02,7.2
2023-08-26,57.12,188.0,564.6542952069716,0.3898591368935073,427,965689.270967742,96.31,14.5,9.06,43.09,9.04,7.4,2.85,2.03,6.9
2023-08-27,57.87,135.0,567.7802585633019,0.38620791078626243,428,967430.7258064516,96.61,14.55,8.97,42.2,8.89,7.17,2.67,2.02,7.07
2023-08-28,55.94,131.0,569.0929225369159,0.40007932168709687,429,969172.1806451613,93.64,14.61,9.1,42.94,8.96,7.21,2.73,2.0,7.23
2023-08-29,57.57,157.0,570.758343530622,0.38968188772568363,430,970913.635483871,92.23,14.56,9.19,41.44,8.76,7.17,2.79,2.01,7.08
2023-08-30,53.67,135.0,573.6270130718955,0.4190345683328748,430,972655.0903225807,92.2,14.18,8.88,41.95,8.74,7.22,2.74,2.01,6.95
2023-08-31,55.02,197.0,573.9003921871217,0.4137763568205524,431,974396.5451612903,91.47,14.28,8.57,43.46,8.94,6.87,2.63,2.0,7.14
2023-09-01,53.99,167.0,582.2024724945534,0.41871909033376786,446,976138.0,88.52,14.33,8.62,43.06,8.81,7.29,2.68,2.05,7.05
2023-09-02,52.2,145.0,594.3583862866134,0.4356988156154783,443,970004.2333333333,90.76,14.51,8.52,43.41,8.6,7.26,2.64,2.09,6.85
2023-09-03,53.76,150.0,597.8017411341078,0.4252615001265767,441,963870.4666666667,90.66,14.81,8.83,44.88,9.09,7.47,2.73,2.08,6.89
2023-09-04,55.63,142.0,596.4048246792544,0.4120374028001501,438,957736.7,93.24,14.91,8.77,44.53,8.89,7.55,2.78,2.04,6.98
2023-09-05,57.01,133.0,595.6371564088599,0.4014320883630457,435,951602.9333333333,95.19,15.52,9.03,45.01,8.86,7.39,2.8,2.01,7.18
2023-09-06,53.15,190.0,591.928269335512,0.42913959669334856,432,945469.1666666666,90.5,14.46,8.51,41.64,8.91,7.41,2.79,2.03,6.67
2023-09-07,53.69,176.0,594.9301209452917,0.4298320685134851,429,939335.4,92.2,14.34,8.8,42.35,8.81,7.29,2.82,2.05,6.77
2023-09-08,53.94,183.0,591.4318947893972,0.4227149083660847,427,933201.6333333333,92.56,14.45,8.74,45.1,9.12,7.46,2.75,2.02,6.93
2023-09-09,54.89,181.0,591.4392395908981,0.4119576557195055,424,927067.8666666667,93.32,14.56,8.97,46.16,8.98,7.5,2.78,2.09,6.92
2023-09-10,54.97,159.0,592.4259403594771,0.4090380095412099,421,920934.1,94.11,14.83,8.9,45.88,8.84,7.47,2.77,2.08,6.75
2023-09-11,55.96,165.0,596.7790104091019,0.405111800176759,418,914800.3333333334,92.89,14.94,9.11,45.95,8.98,7.61,2.76,2.08,6.88
2023-09-12,57.08,197.0,596.9438530016946,0.45089251592841817,415,908666.5666666667,95.15,15.29,9.22,47.68,8.93,7.54,2.78,1.98,6.61
2023-09-13,55.87,180.0,595.4007267610748,0.45985142290430436,413,902532.8,91.39,14.91,8.84,48.26,8.94,7.69,2.81,2.05,6.57
2023-09-14,54.44,172.0,593.2450706850641,0.46595735753211787,410,896399.0333333333,91.71,14.9,9.06,44.58,8.97,7.67,2.83,2.07,6.49
2023-09-15,55.88,274.0,595.8082025538611,0.4966484774375305,407,890265.2666666666,95.08,14.93,9.27,45.48,8.95,7.76,2.75,2.11,6.8
2023-09-16,56.98,196.0,592.5568476155895,0.4856085069032626,404,884131.5,94.2,15.8,9.36,45.5,9.0,7.74,2.85,2.08,6.97
2023-09-17,57.51,198.0,591.0817542665214,0.479106466753016,401,877997.7333333334,96.57,15.42,8.99,45.93,8.97,7.79,2.88,2.05,7.3
2023-09-18,55.68,125.0,590.1690040547082,0.4929691737007406,399,871863.9666666667,96.28,15.54,9.35,44.37,9.03,7.72,2.78,2.08,7.2
2023-09-19,55.82,158.0,588.1669351549261,0.4913542193943031,396,865730.2,95.85,15.87,9.51,43.06,9.11,7.73,2.88,2.11,7.29
2023-09-20,53.81,181.0,587.0898120612443,0.5108605052953616,393,859596.4333333333,92.75,14.89,9.3,42.73,9.17,7.77,2.82,2.06,7.11
2023-09-21,53.86,179.0,589.1713293694021,0.5097240145049681,390,853462.6666666666,91.67,14.95,8.9,44.16,9.13,7.77,2.83,2.06,6.81
2023-09-22,53.79,144.0,587.1621556523844,0.5103145840991188,387,847328.9,92.36,14.95,9.17,44.59,9.31,7.77,2.83,2.07,6.98
2023-09-23,54.13,164.0,585.6570656620673,0.5030898137110108,385,841195.1333333333,94.01,15.26,9.16,44.7,9.38,7.88,2.78,2.08,7.01
2023-09-24,54.99,171.0,584.0441425502299,0.4936577066024658,382,835061.3666666667,93.99,14.88,9.49,42.06,9.21,7.84,2.83,2.09,7.1
2023-09-25,55.04,137.0,581.3447822863715,0.49435562364652785,379,828927.6,90.41,14.96,9.12,42.56,9.22,7.71,2.84,2.08,7.05
2023-09-26,57.47,176.0,578.2710601549261,0.4771164701416365,376,822793.8333333334,97.12,15.42,8.98,43.23,9.37,7.77,2.84,2.07,7.08
2023-09-27,55.87,256.0,580.3855594892278,0.3957677821057932,373,816660.0666666667,94.31,15.28,9.25,45.77,9.2,7.82,2.82,2.09,7.17
2023-09-28,55.08,323.0,570.0787374727669,0.39801118683754877,371,810526.3,94.06,15.56,9.34,43.94,9.08,7.71,2.87,2.21,6.98
2023-09-29,56.34,285.0,553.4212720890823,0.4805519630417876,368,804392.5333333333,96.17,16.37,9.51,43.01,8.77,7.31,2.89,2.25,6.71
2023-09-30,57.08,299.0,545.0329072863714,0.4712884505287009,365,798258.7666666666,95.96,16.9,9.74,43.57,9.1,7.15,2.89,2.23,7.09
2023-10-01,57.99,305.0,557.5235390643912,0.46668587392732086,350,792125.0,97.53,16.19,9.58,44.51,9.2,7.13,2.89,2.21,6.94
2023-10-02,57.66,167.0,564.406633563302,0.4731741560170354,349,789621.3354838709,99.17,16.62,9.52,43.59,9.21,7.39,2.9,2.24,6.64
2023-10-03,59.09,203.0,560.7578673142098,0.45992428063636853,348,787117.670967742,99.75,16.63,9.85,44.13,9.24,7.48,2.88,2.19,7.09
2023-10-04,57.34,276.0,558.0778035282013,0.47231432311669513,347,784614.0064516129,99.05,17.05,10.59,45.63,9.23,7.64,2.92,2.19,6.9
2023-10-05,56.96,274.0,552.196145878722,0.4748100722996871,346,782110.3419354839,98.82,17.66,10.91,45.5,9.36,7.72,2.93,2.24,6.92
2023-10-06,58.04,250.0,552.9681981965625,0.4640107606078125,345,779606.6774193548,100.76,17.45,11.59,46.75,9.62,7.75,2.99,2.24,7.14
2023-10-07,59.24,276.0,556.9202196502058,0.4517971839532349,344,777103.0129032258,101.22,20.99,12.5,45.57,9.57,7.45,2.99,2.27,7.36
2023-10-08,58.93,230.0,557.8295092290005,0.448932379979183,343,774599.3483870968,103.1,20.31,12.08,46.0,9.57,7.67,3.03,2.23,7.16
2023-10-09,60.71,201.0,555.6000641188574,0.435947869826648,342,772095.6838709677,107.14,19.96,11.79,45.83,10.33,7.59,3.1,2.25,7.26
2023-10-10,60.89,177.0,550.2396662127815,0.4326866437517628,340,769592.0193548388,104.47,19.21,11.66,46.01,11.05,7.58,3.06,2.24,7.66
2023-10-11,58.64,250.0,551.2050671750183,0.4491303290956672,339,767088.3548387097,102.69,18.33,11.37,46.67,11.81,7.52,3.16,2.26,7.26
2023-10-12,58.18,187.0,550.7596681796175,0.4524433090554524,338,764584.6903225806,101.24,17.55,11.39,49.34,12.14,7.6,3.15,2.25,7.55
2023-10-13,59.04,263.0,550.2947895182765,0.4451919855107789,337,762081.0258064516,102.26,17.17,11.3,48.17,12.58,7.51,3.15,2.27,7.38
2023-10-14,59.47,246.0,548.4319804224159,0.4415359294208831,336,759577.3612903226,102.02,17.91,11.46,46.97,12.39,7.62,3.23,2.27,7.6
2023-10-15,59.91,241.0,546.1909623275236,0.4389631296800726,335,757073.6967741936,103.23,17.65,11.63,48.26,11.93,7.82,3.2,2.26,7.43
2023-10-16,59.74,192.0,546.519050956185,0.44314364639567266,334,754570.0322580645,104.54,17.56,11.57,48.34,12.3,7.84,3.29,2.26,7.46
2023-10-17,59.98,181.0,541.1654947349311,0.4358927006278373,333,752066.3677419355,106.72,17.95,12.0,49.53,11.88,7.92,3.36,2.28,7.66
2023-10-18,57.73,278.0,537.3734138828371,0.40503288547436844,332,749562.7032258065,102.97,17.61,11.56,47.3,11.58,7.99,3.29,2.27,7.28
2023-10-19,58.25,256.0,531.5925607298474,0.4002612211734631,330,747059.0387096774,104.03,17.19,11.41,48.46,11.92,8.02,3.5,2.26,7.41
2023-10-20,59.13,235.0,527.74616563786,0.39187793762138673,329,744555.3741935485,105.81,18.05,11.4,48.86,12.51,8.28,3.83,2.33,7.54
2023-10-21,58.8,198.0,524.0526218833213,0.39354262549186814,328,742051.7096774194,103.98,18.06,11.48,48.25,12.68,8.14,3.9,2.27,7.66
2023-10-22,58.85,178.0,525.1353670116195,0.3917267610999976,327,739548.0451612903,101.49,18.48,11.5,45.52,12.52,8.06,3.98,2.29,7.99
2023-10-23,57.66,135.0,522.6243772996853,0.4041856874685184,326,737044.3806451613,102.71,18.3,11.34,46.51,12.7,8.26,4.07,2.28,7.7
2023-10-24,59.37,184.0,519.4068442265794,0.3865865502899531,325,734540.7161290323,103.61,17.99,11.17,45.22,12.91,8.35,4.0,2.33,7.83
2023-10-25,56.49,241.0,513.5045333756958,0.4043823271227275,324,732037.0516129032,98.38,17.58,11.02,45.54,12.59,8.46,3.81,2.34,7.63
2023-10-26,56.03,212.0,499.9861558339385,0.4039280566725688,323,729533.3870967742,98.72,16.88,10.53,46.01,11.79,8.46,3.51,2.32,7.56
2023-10-27,57.66,287.0,489.5805673565722,0.3896097510993411,322,727029.7225806452,99.4,16.86,10.69,46.42,11.78,8.47,3.58,2.32,7.42
2023-10-28,57.91,185.0,483.50989097676114,0.32845952482781804,321,724526.0580645162,99.72,16.48,10.95,48.26,12.36,8.5,3.46,2.3,7.39
2023-10-29,57.95,226.0,486.3509425381263,0.3282685805474096,319,722022.3935483871,100.91,16.54,10.73,48.34,12.46,8.52,3.31,2.25,7.29
2023-10-30,58.61,134.0,494.85577093923996,0.3307503558461393,318,719518.729032258,100.49,17.02,10.87,49.81,12.42,8.63,3.18,2.21,7.29
2023-10-31,57.24,174.0,496.07587197409833,0.33560292746345277,317,717015.0645161291,102.58,16.97,11.09,48.6,12.37,8.75,3.56,2.24,7.24
2023-11-01,55.88,240.0,497.8135400629388,0.34134019144035416,327,714511.4,99.56,16.49,10.84,47.16,12.14,8.78,3.55,2.26,7.06
2023-11-02,55.37,214.0,497.03210021786504,0.34352452196537697,327,716364.18,99.01,16.35,10.62,49.75,11.89,8.84,3.43,2.22,6.82
2023-11-03,56.06,187.0,496.92847939360917,0.34015803905603154,328,718216.9600000001,101.49,16.73,10.76,50.39,11.91,8.57,3.54,2.32,6.94
2023-11-04,57.03,207.0,497.5229459573954,0.3320476628119766,329,720069.74,104.24,17.3,10.77,50.29,11.91,8.7,3.49,2.33,7.15
2023-11-05,56.67,162.0,494.67670954369413,0.33333869195717525,330,721922.52,102.87,16.99,10.7,49.63,11.98,8.26,3.49,2.31,7.45
2023-11-06,56.3,159.0,496.48247670055673,0.3358472236420325,331,723775.3,102.23,16.85,10.41,48.7,11.62,8.33,3.57,2.3,7.35
2023-11-07,56.45,121.0,495.903908315178,0.33693781389467187,332,725628.0800000001,100.96,16.93,10.73,48.45,11.98,8.9,3.51,2.33,7.29
2023-11-08,55.17,205.0,490.75541857298475,0.34082682898256017,333,727480.86,100.63,16.32,10.18,49.93,12.04,8.93,3.44,2.31,7.34
2023-11-09,56.04,183.0,485.0204185729847,0.3344872256227288,333,729333.64,100.13,16.14,10.21,51.31,11.99,8.78,3.58,2.29,7.28
2023-11-10,54.5,201.0,479.483837872186,0.34292524175438605,334,731186.42,95.42,16.19,10.06,50.78,11.75,8.87,3.39,2.28,7.52
2023-11-11,55.03,214.0,473.31003942749936,0.3390587839309135,335,733039.2000000001,97.97,16.44,9.84,49.11,11.7,8.66,3.37,2.29,7.06
2023-11-12,54.58,164.0,471.3002807734206,0.339213054872481,336,734891.98,95.15,16.24,9.82,48.36,11.41,8.3,3.38,2.23,7.12
2023-11-13,55.04,98.0,465.6385953159042,0.33581486349417006,337,736744.76,95.25,16.75,9.73,45.32,11.05,8.1,3.28,2.18,7.02
2023-11-14,53.74,128.0,453.2902824074073,0.34093695931936724,338,738597.54,92.48,16.97,9.5,48.4,10.99,7.93,3.2,2.12,7.0
2023-11-15,53.4,264.0,440.7066650629386,0.3428228377947633,338,740450.3200000001,87.4,16.32,8.92,49.05,11.03,8.21,3.12,2.08,6.95
2023-11-16,50.75,191.0,445.9044351549262,0.35756769660406895,339,742303.1000000001,86.01,15.3,8.45,47.91,10.7,8.06,3.01,1.98,6.76
2023-11-17,49.43,176.0,444.02423786613406,0.3644428853497424,340,744155.88,88.3,15.33,8.78,48.35,10.71,7.86,3.03,1.94,6.73
2023-11-18,48.91,144.0,442.2448338477366,0.36728468728080255,341,746008.66,87.21,15.32,8.97,44.09,10.64,7.92,2.97,2.02,6.71
2023-11-19,49.61,165.0,440.25409652626485,0.35834408701145015,342,747861.4400000001,88.15,15.39,9.1,48.25,10.33,7.94,3.0,2.0,6.94
2023-11-20,48.79,118.0,440.94125472040673,0.36794736331584516,343,749714.2200000001,89.34,15.29,9.01,47.82,9.76,7.66,2.91,1.96,7.1
2023-11-21,49.11,146.0,440.8915970104091,0.37181003750741287,344,751567.0,88.16,16.21,9.14,45.89,9.34,7.77,2.88,1.96,7.05
2023-11-22,47.29,214.0,443.63928358750894,0.3870760030187394,344,753419.78,83.54,14.99,8.49,44.96,9.15,7.63,2.72,1.89,6.58
2023-11-23,46.47,221.0,440.50458079157585,0.3928898871247703,345,755272.56,83.44,14.62,8.32,45.27,8.75,7.57,2.77,1.9,6.36
2023-11-24,46.86,217.0,445.8951615226337,0.38872951789573196,346,757125.3400000001,80.73,14.71,8.43,44.4,8.5,7.39,2.82,1.88,6.58
2023-11-25,46.28,127.0,446.96345473251023,0.3963595827167742,347,758978.12,80.09,14.45,8.52,46.79,8.46,7.53,2.73,1.89,6.33
2023-11-26,45.91,158.0,448.0392567780199,0.3996577971712581,348,760830.9,80.98,14.37,8.44,44.92,8.58,7.49,2.72,1.87,6.24
2023-11-27,45.92,129.0,450.8081815238441,0.40131049193139573,349,762683.68,79.14,14.25,8.32,43.91,8.67,7.51,2.85,1.82,6.28
2023-11-28,46.78,111.0,454.64012388041635,0.39464915287257724,350,764536.4600000001,80.3,13.95,8.21,43.24,8.45,7.54,2.96,1.87,6.38
2023-11-29,46.76,173.0,461.13793297627694,0.3953998755013595,350,766389.24,81.7,13.93,8.18,45.72,8.79,7.66,2.91,1.92,6.67
2023-11-30,46.46,166.0,461.70776431251517,0.39631534487027126,351,768242.02,83.83,14.1,8.29,44.1,9.19,7.81,2.93,1.99,6.61
2023-12-01,47.11,200.0,466.32416914790605,0.3914117745490584,341,770094.8,85.84,14.34,8.19,46.24,9.16,7.92,3.0,2.05,6.71
2023-12-02,47.94,139.0,466.06538168724285,0.38585977984494035,341,769796.8774193549,86.47,14.46,8.23,45.37,8.96,7.89,2.94,2.05,6.9
2023-12-03,48.2,161.0,468.8608399903171,0.38504208249805744,340,769498.9548387097,89.08,14.41,8.64,46.01,9.32,7.78,2.93,2.09,6.91
2023-12-04,49.48,161.0,472.3305765553135,0.377617691903646,340,769201.0322580646,90.24,14.52,9.12,45.17,9.61,8.06,2.94,2.08,6.89
2023-12-05,49.37,125.0,476.2594601488744,0.3780748016807753,340,768903.1096774194,89.01,14.61,8.74,44.98,9.39,8.23,3.04,2.07,6.9
2023-12-06,47.86,201.0,475.8587408012588,0.3893420217043349,340,768605.1870967742,85.23,14.12,8.47,46.05,9.31,8.34,3.02,2.05,6.65
2023-12-07,48.08,166.0,476.1141660312274,0.385995919347688,340,768307.264516129,86.37,14.08,8.42,46.68,9.41,8.27,2.96,2.06,6.54
2023-12-08,48.08,194.0,472.65503446502066,0.3893481697490923,340,768009.3419354839,88.03,13.89,8.23,46.23,9.58,8.2,2.94,2.07,6.59
2023-12-09,49.74,238.0,475.8759597857663,0.3769638292583182,340,767711.4193548388,89.81,14.04,8.5,43.98,9.68,8.03,3.0,2.06,6.89
2023-12-10,49.17,218.0,476.8639798474945,0.37951041502601,340,767413.4967741936,86.02,14.06,8.57,44.81,9.45,8.01,2.93,2.07,6.65
2023-12-11,48.32,127.0,473.1228853183249,0.38903886511812336,339,767115.5741935484,86.06,13.76,8.49,44.93,9.19,8.19,2.93,2.07,6.76
2023-12-12,48.48,115.0,472.9024600883564,0.3839236241707979,339,766817.6516129032,87.2,13.82,8.4,45.42,9.19,7.92,3.01,2.07,6.68
2023-12-13,47.19,157.0,470.95430113773915,0.3974070736261794,339,766519.729032258,86.59,13.54,8.24,43.64,9.64,8.04,2.94,2.06,6.67
2023-12-14,46.57,198.0,467.12672373517313,0.3962709853270838,339,766221.806451613,85.98,13.49,8.05,44.9,9.19,8.07,3.03,2.1,6.57
2023-12-15,45.85,215.0,467.54985669329466,0.4040440356256463,339,765923.8838709678,85.04,13.7,8.07,43.66,9.09,8.17,3.02,2.08,6.57
2023-12-16,47.11,221.0,468.155075708061,0.39345749052304946,339,765625.9612903226,85.04,13.39,8.25,43.74,9.09,8.11,3.04,2.05,6.6
2023-12-17,46.46,148.0,470.28392084241096,0.4010453810423475,339,765328.0387096774,84.41,13.43,8.05,42.84,8.68,8.09,3.17,2.07,6.53
2023-12-18,45.63,134.0,470.3143294601792,0.40619357060423467,338,765030.1161290322,83.36,13.36,8.22,38.49,8.64,7.92,2.95,2.02,6.51
2023-12-19,46.02,136.0,468.37842338416846,0.402720950423443,338,764732.193548387,84.05,13.66,8.27,40.96,8.87,7.79,3.02,2.03,6.75
2023-12-20,45.52,197.0,467.410591321714,0.40456315412296645,338,764434.270967742,81.68,13.01,8.09,43.41,9.1,7.51,3.02,2.01,6.57
2023-12-21,45.38,255.0,463.1229628116679,0.40528164018948887,338,764136.3483870968,81.77,12.87,8.09,44.2,9.1,7.46,3.02,1.97,6.42
2023-12-22,44.67,280.0,463.1890844226578,0.41032558043922374,338,763838.4258064516,81.41,12.72,7.94,40.73,8.77,7.41,3.0,1.97,6.36
2023-12-23,45.56,214.0,463.02180791575887,0.40488277355956565,338,763540.5032258064,80.71,13.04,8.01,42.49,8.89,7.5,3.01,1.98,6.54
2023-12-24,45.41,172.0,460.81531865771,0.4059319123055857,338,763242.5806451612,81.49,13.47,8.23,43.7,8.86,7.51,2.94,1.99,6.64
2023-12-25,47.03,207.0,459.9092929980635,0.3923871668930369,338,762944.6580645161,84.45,13.69,8.37,44.49,8.78,7.66,3.05,2.0,6.63
2023-12-26,47.76,194.0,459.1638242556281,0.3828162520996877,337,762646.735483871,85.52,14.0,8.36,42.84,8.86,7.56,3.04,1.99,6.7
2023-12-27,44.93,236.0,459.4518808399902,0.40655797899456303,337,762348.8129032258,82.74,13.35,8.02,44.66,8.62,7.62,3.04,1.96,6.5
2023-12-28,45.72,212.0,459.6449227487291,0.4071132260158617,337,762050.8903225806,81.22,13.31,8.03,42.51,8.6,7.61,3.04,1.99,6.45
2023-12-29,47.26,248.0,461.47397627693056,0.38864054567986955,337,761752.9677419354,81.79,13.26,8.0,43.99,8.71,7.64,2.96,2.02,6.44
2023-12-30,46.47,219.0,462.7882323287339,0.39660766924864327,337,761455.0451612903,82.04,13.63,8.31,44.3,8.69,7.8,3.0,2.0,6.65
2023-12-31,45.96,173.0,463.44987248850146,0.4041254375023449,337,761157.1225806451,82.82,13.41,8.17,41.37,8.8,7.68,3.07,2.01,6.39
2024-01-01,46.79,154.0,464.59426491769545,0.39692830725545175,337,760859.2,84.77,13.63,8.3,41.33,8.83,7.83,3.11,2.03,6.39
2024-01-02,45.94,140.0,464.3802191358024,0.40000901447119835,337,761690.5419354838,83.16,13.06,8.01,41.48,8.67,7.56,2.95,1.93,6.31
2024-01-03,44.57,211.0,463.53304387557495,0.4084425742334112,337,762521.8838709677,82.15,12.78,7.9,39.64,8.62,7.5,2.97,1.9,6.24
2024-01-04,45.02,215.0,461.12903794480764,0.40664365967598975,338,763353.2258064515,83.51,12.95,7.79,41.76,8.49,7.56,2.87,1.9,6.09
2024-01-05,45.62,192.0,462.20897427983545,0.40187408120324203,338,764184.5677419355,85.09,13.62,8.3,43.72,8.76,7.88,2.93,1.98,6.43
2024-01-06,46.27,188.0,463.18265320140387,0.3964794793247215,338,765015.9096774193,87.11,13.47,8.57,42.1,8.98,7.8,3.09,2.0,6.82
2024-01-07,46.85,213.0,464.0300531953522,0.39168200255748986,339,765847.2516129032,88.08,13.54,8.47,43.0,9.05,7.66,2.99,1.95,7.08
2024-01-08,46.71,172.0,463.13425729242306,0.38409695160967533,339,766678.593548387,86.98,13.89,8.45,42.71,9.31,7.94,3.02,1.98,6.7
2024-01-09,46.94,158.0,461.02582906681175,0.38186584883881286,340,767509.9354838709,86.89,13.96,8.38,44.34,8.99,7.94,3.1,1.98,6.62
2024-01-10,45.16,159.0,461.0092623456789,0.39506996418125867,340,768341.2774193548,83.51,13.78,8.14,43.49,8.97,7.93,3.01,1.93,6.43
2024-01-11,46.31,194.0,458.5378222887921,0.3857348953129947,340,769172.6193548387,84.11,13.25,8.18,43.62,9.0,7.99,3.08,1.95,6.71
2024-01-12,48.05,217.0,460.56990413943356,0.374598768919162,341,770003.9612903226,87.17,13.69,8.07,43.51,9.09,7.99,3.1,1.96,6.56
2024-01-13,48.13,153.0,461.7333998123941,0.37370329329538715,341,770835.3032258064,88.35,14.31,8.4,42.21,9.24,8.0,3.14,1.96,6.44
2024-01-14,47.48,124.0,463.9384071350763,0.37922235607727944,341,771666.6451612903,86.22,14.25,8.38,40.96,9.11,7.91,3.05,1.91,6.55
2024-01-15,48.56,146.0,463.0796007927863,0.37187900200744217,342,772497.9870967742,86.46,14.64,8.63,40.41,8.99,7.87,2.97,1.96,6.47
2024-01-16,47.89,92.0,462.16186843379325,0.3766202134712876,342,773329.329032258,89.32,14.96,8.59,40.34,9.17,8.09,3.08,2.01,6.5
2024-01-17,47.44,185.0,461.11005906560155,0.38316108636272617,342,774160.670967742,87.59,14.35,8.25,39.84,9.37,8.29,3.05,1.92,6.66
2024-01-18,46.34,158.0,461.1991084785766,0.3916369192741294,343,774992.0129032258,88.04,14.11,8.02,40.87,9.09,8.21,3.01,1.95,6.45
2024-01-19,46.67,158.0,460.319147996853,0.3940901193617074,343,775823.3548387097,89.73,14.39,7.98,40.9,9.16,8.23,3.05,1.92,6.58
2024-01-20,46.57,169.0,460.937651446381,0.394690100156857,344,776654.6967741936,90.57,14.29,8.14,39.67,9.19,8.13,3.11,1.91,6.35
2024-01-21,46.67,119.0,459.2049829944323,0.39298292959953407,344,777486.0387096774,89.8,13.69,8.08,40.74,8.63,8.01,2.97,1.84,6.31
2024-01-22,46.09,149.0,458.4455072621641,0.3980055150688818,344,778317.3806451613,89.8,13.68,7.89,41.21,8.7,7.77,2.86,1.77,6.29
2024-01-23,46.88,143.0,458.45517988985716,0.3901996144847625,345,779148.7225806452,89.58,13.62,7.86,42.0,8.4,7.54,2.81,1.73,6.29
2024-01-24,45.39,174.0,457.59968987533284,0.40126830212861536,345,779980.0645161291,87.51,14.02,7.54,40.62,8.3,7.39,2.73,1.71,6.05
2024-01-25,45.34,172.0,457.67692556281764,0.4015827532985583,345,780811.406451613,86.05,14.18,7.22,39.65,8.04,7.11,2.61,1.72,6.22
2024-01-26,46.52,165.0,456.4212070624545,0.39065136947504414,346,781642.7483870968,86.0,14.09,7.22,40.32,7.86,7.13,2.71,1.75,6.2
2024-01-27,43.06,136.0,456.3951576494795,0.41937195229733676,346,782474.0903225807,85.28,13.6,7.43,39.63,7.67,7.48,2.77,1.72,6.2
2024-01-28,44.99,159.0,454.1760610626967,0.4012278327239547,347,783305.4322580645,85.26,13.75,7.41,41.5,7.9,7.22,2.67,1.67,6.02
2024-01-29,43.97,93.0,453.37149037763254,0.40851991458647147,347,784136.7741935484,86.41,13.61,7.39,42.06,8.16,7.06,2.68,1.7,5.9
2024-01-30,43.59,80.0,452.55846541394345,0.4141292913929926,347,784968.1161290323,85.35,13.63,7.55,39.26,8.08,7.12,2.78,1.68,6.05
2024-01-31,43.38,156.0,454.7890787642219,0.41564596828518396,348,785799.4580645162,86.42,13.11,7.52,39.83,8.2,7.14,2.81,1.8,5.97
2024-02-01,43.36,208.0,454.56146450617274,0.41638313481742856,372,786630.8,87.42,13.02,7.15,40.66,8.42,7.19,2.69,1.83,6.09
2024-02-02,43.49,151.0,451.7078489167271,0.4164788333975765,374,790044.5551724138,87.24,13.21,7.39,41.09,8.48,7.37,2.82,1.87,6.27
2024-02-03,45.7,263.0,450.6106774993948,0.39547331591066254,375,793458.3103448276,88.37,13.6,7.58,38.07,8.51,7.59,2.78,1.89,6.39
2024-02-04,45.05,142.0,452.9956766824013,0.402152071014562,377,796872.0655172414,88.17,13.87,7.46,40.5,8.46,7.41,2.76,1.88,6.56
2024-02-05,46.07,181.0,455.9353699164851,0.39615865884914614,378,800285.8206896553,88.79,13.8,7.62,40.85,8.49,7.47,2.78,1.86,6.44
2024-02-06,44.48,99.0,455.47131039699843,0.4137556181321516,367,803699.575862069,89.38,13.38,7.56,40.43,8.09,7.59,2.8,1.84,6.24
2024-02-07,40.81,246.0,458.73828286129253,0.4468894254196316,369,807113.3310344828,82.93,12.57,7.06,39.5,8.04,7.32,2.66,1.75,5.77
2024-02-08,39.65,235.0,461.5446168300653,0.457416809522269,370,810527.0862068966,83.28,12.34,6.65,38.48,7.89,7.05,2.52,1.7,5.55
2024-02-09,39.84,200.0,465.34724397845554,0.4545231239675927,372,813940.8413793104,84.6,12.17,6.73,39.27,7.75,6.89,2.46,1.76,5.44
2024-02-10,40.56,214.0,468.60353603848955,0.446306458796042,373,817354.5965517241,84.88,12.72,6.92,37.52,7.8,6.79,2.58,1.78,5.47
2024-02-11,41.81,190.0,469.79176349552176,0.43765223556998545,375,820768.3517241379,86.61,12.96,6.97,37.37,7.69,6.93,2.6,1.7,5.55
2024-02-12,41.41,212.0,470.8108935487775,0.44409929277689214,376,824182.1068965518,86.02,12.87,6.85,37.5,7.74,6.97,2.72,1.8,5.44
2024-02-13,40.92,139.0,473.0846401597676,0.44612817393011184,378,827595.8620689656,86.32,12.83,6.98,37.93,8.15,7.3,2.54,1.77,5.38
2024-02-14,39.6,214.0,473.87440247518765,0.4592456440221695,379,831009.6172413793,83.08,12.25,6.76,37.13,7.97,7.28,2.5,1.71,5.26
2024-02-15,39.1,236.0,473.63757189542474,0.4636982845625728,381,834423.3724137931,83.36,11.67,6.6,38.35,7.91,7.13,2.58,1.78,5.02
2024-02-16,38.92,220.0,475.65276758048907,0.46772074256873414,383,837837.1275862069,85.15,12.09,6.77,37.24,8.15,7.06,2.68,1.8,5.21
2024-02-17,40.32,316.0,477.7433359053499,0.45094574600512366,384,841250.8827586207,85.55,12.04,6.82,38.11,7.98,7.01,2.62,1.8,5.13
2024-02-18,40.17,234.0,479.0591621278142,0.45563395711627647,386,844664.6379310344,85.17,12.05,6.9,37.78,7.79,7.14,2.71,1.78,5.3
2024-02-19,40.94,155.0,480.92135085330415,0.44551929127078804,387,848078.3931034482,84.28,12.15,6.51,38.26,7.92,7.27,2.65,1.79,5.45
2024-02-20,40.92,170.0,483.5916784071654,0.44710111992099705,389,851492.1482758621,84.7,11.69,6.6,39.23,8.01,7.3,2.67,1.8,5.36
2024-02-21,39.08,196.0,486.89643793875575,0.46842116993710553,390,854905.9034482759,81.57,11.4,6.35,37.35,8.05,7.44,2.62,1.77,5.07
2024-02-22,38.23,221.0,488.82427762648257,0.47884217906911003,392,858319.6586206896,80.7,11.32,6.45,39.78,7.95,7.57,2.53,1.79,5.19
2024-02-23,38.55,256.0,489.3483210481724,0.480646611803787,393,861733.4137931034,80.31,11.49,6.36,41.64,7.65,7.6,2.6,1.85,5.1
2024-02-24,40.2,204.0,491.7402241587993,0.4640982031686892,395,865147.1689655172,80.31,11.38,6.5,40.64,7.94,7.62,2.52,1.89,5.24
2024-02-25,40.56,177.0,493.1762964475914,0.4596960508645441,397,868560.924137931,81.48,11.76,6.54,40.32,7.86,7.74,2.54,1.91,5.32
2024-02-26,41.64,213.0,495.6361680283223,0.4520949888285895,398,871974.6793103447,82.1,11.69,6.55,39.82,8.06,7.52,2.39,1.88,5.2
2024-02-27,41.86,141.0,496.98388810215437,0.4472928236860262,400,875388.4344827586,83.0,11.56,6.55,40.68,8.07,7.64,2.5,1.91,5.1
2024-02-28,40.42,206.0,502.41857585935605,0.46744122158384876,401,878802.1896551724,79.29,11.39,6.36,41.27,8.22,7.75,2.48,1.87,5.16
2024-02-29,41.75,240.0,502.452068445897,0.45255058774696116,403,882215.9448275862,80.47,11.43,6.48,41.64,8.21,7.85,2.5,1.93,5.21
2024-03-01,43.83,268.0,503.4810928649237,0.4345532816929275,378,885629.7,81.59,11.82,6.71,41.62,8.31,7.81,2.62,1.97,5.41
2024-03-02,43.93,220.0,505.36194501936563,0.4320571359948831,379,887085.1612903225,82.5,12.4,6.95,40.44,8.37,7.92,2.74,1.94,5.85
2024-03-03,43.74,192.0,506.0438874061969,0.4340001443801116,380,888540.6225806451,83.69,12.41,7.07,41.77,8.43,7.92,2.72,1.93,5.82
2024-03-04,45.08,142.0,506.8092142943597,0.42350211610429644,380,889996.0838709677,85.03,13.02,7.17,42.42,8.54,7.94,2.64,1.92,5.92
2024-03-05,43.57,171.0,506.5838537279109,0.44024959266695607,381,891451.5451612903,83.67,12.73,6.87,43.2,8.43,8.0,2.68,1.87,5.72
2024-03-06,42.46,209.0,504.0550656318082,0.4526285862635474,381,892907.0064516129,82.24,12.21,6.83,42.24,8.41,7.91,2.67,1.86,5.52
2024-03-07,42.73,183.0,503.95129862624066,0.4497756285098387,382,894362.4677419354,83.98,12.29,6.69,43.48,8.5,8.02,2.68,1.87,5.86
2024-03-08,43.93,219.0,502.8315383684339,0.4330538553557326,383,895817.929032258,82.6,12.2,6.88,44.94,8.53,8.27,2.76,1.92,6.32
2024-03-09,44.96,251.0,503.13905395182763,0.429068084008543,383,897273.3903225806,86.22,12.29,6.77,44.87,8.65,8.32,2.7,1.93,6.01
2024-03-10,44.01,154.0,506.3978921266037,0.4362877713508988,384,898728.8516129032,85.2,12.23,6.73,44.2,8.64,8.34,2.69,1.9,5.87
2024-03-11,43.62,127.0,506.83901739893486,0.43981398231720936,385,900184.3129032258,85.54,12.27,6.72,42.98,8.64,8.39,2.66,1.9,5.91
2024-03-12,44.13,146.0,508.5520030561607,0.43637715333801236,385,901639.7741935484,86.65,12.55,6.87,43.86,9.04,8.1,2.63,1.87,5.93
2024-03-13,43.56,258.0,509.07188380537406,0.44289286461499494,386,903095.235483871,87.79,12.11,6.58,45.27,8.94,8.2,2.55,1.87,5.55
2024-03-14,42.28,255.0,508.4614373638344,0.4613008568540474,386,904550.6967741936,85.07,11.4,6.42,45.5,8.76,8.07,2.52,1.76,5.37
2024-03-15,41.3,255.0,510.8547688211086,0.46387902550159127,387,906006.1580645161,82.39,11.48,6.41,42.62,8.54,7.9,2.54,1.76,5.33
2024-03-16,43.54,286.0,514.2646877269426,0.44647359465089653,388,907461.6193548387,85.9,11.77,6.37,44.75,8.9,7.95,2.47,1.76,5.24
2024-03-17,43.01,211.0,513.3176270878722,0.45323498656472444,388,908917.0806451612,86.36,11.22,6.39,40.91,8.9,7.93,2.46,1.76,5.45
2024-03-18,42.09,126.0,513.1001099007503,0.4611857772754456,389,910372.5419354838,85.4,11.96,6.67,41.69,9.01,8.06,2.46,1.76,5.55
2024-03-19,42.32,128.0,514.001952372307,0.45299407215055504,389,911828.0032258064,87.24,11.91,6.61,40.71,8.81,8.09,2.41,1.74,5.45
2024-03-20,40.95,255.0,514.6708231360445,0.46866722002301503,390,913283.464516129,83.48,11.39,6.18,39.58,8.82,8.19,2.46,1.71,5.16
2024-03-21,39.8,197.0,515.0988604756718,0.486060488358765,391,914738.9258064516,81.83,11.34,6.25,41.85,8.82,7.92,2.44,1.72,5.21
2024-03-22,41.2,206.0,516.3997685487776,0.47238277857291455,391,916194.3870967742,83.17,11.73,6.56,41.94,8.56,7.69,2.43,1.8,5.41
2024-03-23,41.38,194.0,513.5524678951829,0.46664747274419216,392,917649.8483870968,84.63,11.98,6.55,43.3,8.98,8.0,2.56,1.8,5.46
2024-03-24,41.81,175.0,512.6430180646332,0.46053172357118904,393,919105.3096774194,86.04,12.13,6.91,42.5,9.08,8.18,2.55,1.79,5.48
2024-03-25,43.37,225.0,511.271243252239,0.4431410622328583,393,920560.770967742,86.19,12.61,6.85,40.06,8.87,8.2,2.5,1.78,5.53
2024-03-26,43.06,167.0,510.7757896090536,0.4473894095797748,394,922016.2322580646,86.37,12.51,7.17,43.61,8.98,8.13,2.55,1.78,5.49
2024-03-27,41.67,213.0,509.12761226095375,0.46366962121383626,394,923471.693548387,85.48,12.03,6.7,43.21,8.87,8.38,2.52,1.82,5.5
2024-03-28,42.39,203.0,507.41648199588485,0.4548081130001282,395,924927.1548387096,87.31,12.31,6.68,45.96,8.97,8.34,2.55,1.82,5.55
2024-03-29,43.62,222.0,509.0874784858388,0.4442211843330311,396,926382.6161290322,89.06,12.77,6.91,46.26,9.19,8.57,2.66,1.84,5.68
2024-03-30,43.37,178.0,509.1289606935367,0.4441101602618731,396,927838.0774193548,90.51,12.73,6.94,45.69,9.06,8.75,2.61,1.89,5.57
2024-03-31,44.23,177.0,510.1989159101912,0.4446485862093003,397,929293.5387096774,88.54,12.43,6.93,45.15,9.23,8.83,2.58,1.85,5.83
2024-04-01,43.97,216.0,509.5030978879205,0.44691592000704256,411,930749.0,88.72,12.33,6.88,45.87,9.27,8.59,2.67,1.81,5.85
2024-04-02,44.64,174.0,508.4326218228033,0.4348158808401152,411,931664.2766666666,88.84,12.44,7.07,45.96,9.16,8.86,2.72,1.91,5.65
2024-04-03,42.95,201.0,510.1325410614864,0.4534928093192652,412,932579.5533333333,85.97,12.5,6.72,44.61,9.19,8.57,2.63,1.91,5.73
2024-04-04,45.36,249.0,511.7151263011377,0.4321033305964999,412,933494.83,87.69,12.68,7.05,47.52,9.21,8.71,2.74,1.96,5.95
2024-04-05,45.15,236.0,509.8182662490923,0.43202994930522437,412,934410.1066666667,87.9,13.18,7.06,45.0,9.29,8.45,2.81,2.01,6.37
2024-04-06,46.42,336.0,518.8884680162188,0.4211213834971753,413,935325.3833333333,89.97,13.21,7.25,48.05,9.58,8.81,2.81,2.03,6.19
2024-04-07,47.45,179.0,520.9412100278383,0.41496842564230896,413,936240.66,89.39,12.88,7.36,47.56,9.43,8.79,2.75,2.03,6.41
2024-04-08,49.23,225.0,523.1025448741224,0.4026097668986404,414,937155.9366666666,89.43,13.03,7.22,46.54,9.46,8.69,2.78,2.04,6.32
2024-04-09,48.37,190.0,521.880790547083,0.4092231126087889,414,938071.2133333334,91.51,12.97,7.35,47.29,9.6,8.68,2.81,2.05,6.21
2024-04-10,48.75,284.0,524.0378386891794,0.41341804367775303,414,938986.49,90.49,12.56,7.19,47.26,9.55,8.58,2.73,2.05,6.06
2024-04-11,47.53,234.0,529.161864711934,0.42446914392727997,415,939901.7666666667,92.35,12.64,7.37,47.64,9.68,8.59,2.74,2.0,6.23
2024-04-12,48.63,305.0,531.3899750665698,0.4158765210352103,415,940817.0433333333,90.21,12.78,7.45,45.34,9.68,8.96,2.76,2.04,6.45
2024-04-13,49.44,275.0,530.9729417513918,0.40958215727062697,416,941732.3200000001,92.45,12.83,7.46,48.6,9.7,9.06,2.89,2.03,6.43
2024-04-14,50.14,234.0,530.7410126180101,0.40324781638142443,416,942647.5966666667,92.69,13.14,7.48,49.72,10.07,9.17,2.83,2.05,6.46
2024-04-15,50.65,158.0,530.83157234931,0.4000730637731977,416,943562.8733333334,91.84,12.95,7.55,49.68,10.19,9.21,2.8,2.05,6.63
2024-04-16,48.72,144.0,529.9509245642702,0.4132412765565653,417,944478.15,92.74,12.59,7.51,49.17,10.16,9.22,2.89,2.03,6.64
2024-04-17,47.57,238.0,528.6259614802713,0.42230153393884917,417,945393.4266666666,89.65,12.55,7.47,50.85,10.07,9.31,2.78,2.0,6.17
2024-04-18,46.75,203.0,523.4980750121036,0.43043504399938476,418,946308.7033333334,91.38,12.61,7.55,49.94,10.28,9.24,2.83,1.97,6.18
2024-04-19,46.73,222.0,521.676989651416,0.43093123929422195,418,947223.98,89.44,12.47,7.31,49.25,9.98,9.22,2.89,2.02,6.23
2024-04-20,48.78,206.0,526.4958564209634,0.4157454489670496,418,948139.2566666667,91.95,12.65,7.11,52.65,10.19,9.3,3.0,2.02,6.5
2024-04-21,47.69,146.0,525.8307179859597,0.4237006790348192,419,949054.5333333333,92.21,12.49,7.36,51.42,9.86,9.15,2.88,2.02,6.39
2024-04-22,47.44,160.0,525.472162127814,0.42461609474247886,419,949969.81,93.28,12.67,7.44,51.58,10.16,9.32,2.97,1.98,6.11
2024-04-23,48.02,130.0,526.5780688997822,0.4206721234089709,420,950885.0866666667,94.46,13.19,7.22,50.95,10.03,9.56,2.91,2.03,6.07
2024-04-24,46.6,198.0,527.9290750121035,0.43075882495834106,420,951800.3633333334,91.89,12.43,7.08,49.69,10.4,9.55,2.81,2.0,6.04
2024-04-25,48.42,204.0,528.0738418361171,0.4144236539193982,421,952715.64,91.38,12.34,7.08,49.82,10.37,9.57,2.9,2.01,6.28
2024-04-26,47.92,254.0,530.0088215928347,0.41659460638064494,421,953630.9166666667,89.71,12.28,7.08,52.77,10.1,9.43,2.86,2.0,6.08
2024-04-27,46.86,168.0,529.541438483418,0.42744589059660626,421,954546.1933333334,92.51,12.87,7.25,53.85,10.27,9.31,2.95,2.04,6.19
2024-04-28,46.51,171.0,531.7427222222223,0.42995538837621256,422,955461.4700000001,90.49,12.58,7.26,52.48,10.51,9.59,2.95,2.01,5.94
2024-04-29,47.8,173.0,533.717346919632,0.419186726863064,422,956376.7466666667,88.99,12.65,7.28,50.5,10.16,9.5,2.92,1.95,6.21
2024-04-30,48.03,162.0,532.9632433732753,0.41737614305932863,423,957292.0233333334,89.89,12.69,7.34,49.8,10.41,9.86,2.94,2.0,6.14
2024-05-01,46.81,209.0,533.0827692447348,0.4252504770899011,409,958207.3,91.04,12.49,7.01,51.74,10.44,9.7,2.86,2.01,6.15
2024-05-02,45.83,185.0,532.8803018942145,0.4333601826301501,409,957862.5645161291,90.16,12.59,7.02,51.79,10.4,9.8,2.86,2.04,6.11
2024-05-03,47.0,205.0,533.414936516582,0.42356919902969087,409,957517.8290322581,89.91,12.79,7.14,53.26,10.23,9.83,2.9,2.01,6.28
2024-05-04,47.76,171.0,531.9128643488261,0.4187906374473947,409,957173.0935483872,93.08,12.73,7.09,54.04,10.63,10.04,3.0,2.07,6.36
2024-05-05,48.09,192.0,529.6377071532316,0.4143083283437258,409,956828.3580645162,91.99,12.89,7.33,53.49,10.66,9.91,3.07,2.04,6.35
2024-05-06,48.22,162.0,530.6521323832002,0.4151114155553962,409,956483.6225806453,94.51,13.06,7.3,55.11,10.72,9.87,3.05,2.02,6.16
2024-05-07,47.72,155.0,531.3249704974581,0.4178464327987159,408,956138.8870967742,92.47,13.35,7.46,52.78,10.77,10.0,3.04,2.07,6.16
2024-05-08,45.85,182.0,531.9051223372064,0.43357540965967845,408,955794.1516129032,89.66,13.31,7.2,50.87,10.72,9.92,3.01,2.07,6.21
2024-05-09,46.55,216.0,531.1480750121036,0.4286169435517252,408,955449.4161290323,91.1,13.19,7.24,51.3,10.86,10.16,2.96,2.06,6.22
2024-05-10,48.24,228.0,534.0227824679253,0.4127122065267377,408,955104.6806451613,92.31,13.49,7.42,51.15,10.86,10.19,2.98,2.11,6.35
2024-05-11,48.83,222.0,534.1889174836601,0.4105295442192232,408,954759.9451612904,92.07,13.54,7.58,50.5,11.01,10.34,3.02,2.1,6.48
2024-05-12,49.01,152.0,536.2857866134108,0.4120439404455151,408,954415.2096774194,91.27,14.02,7.64,50.19,10.97,10.32,3.05,2.13,6.43
2024-05-13,49.32,126.0,538.4771535947714,0.4094685111209549,408,954070.4741935484,92.76,14.36,7.61,52.2,10.83,10.42,3.07,2.09,6.42
2024-05-14,48.79,171.0,538.1420586722342,0.41602938419385904,407,953725.7387096775,92.99,14.52,7.73,51.41,10.65,10.43,3.03,2.09,6.47
2024-05-15,47.66,206.0,539.9850052953282,0.42530934042125795,407,953381.0032258065,91.29,14.33,7.6,51.07,10.58,10.17,2.98,2.08,6.43
2024-05-16,48.18,245.0,543.3700545570081,0.4465648519378872,407,953036.2677419356,90.33,13.85,7.85,50.9,10.53,10.74,3.18,2.13,6.06
2024-05-17,48.75,208.0,544.6251804345194,0.4410533722232077,407,952691.5322580645,92.47,14.65,7.56,48.47,10.28,10.84,3.06,2.13,6.18
2024-05-18,49.0,248.0,542.8645101670297,0.43930493266990284,407,952346.7967741935,93.6,14.06,7.71,50.25,10.61,9.95,3.3,2.1,6.67
2024-05-19,48.1,184.0,542.2507679435972,0.4403248779150198,407,952002.0612903226,92.93,13.98,7.6,51.14,10.36,10.03,3.27,2.08,6.57
2024-05-20,45.71,142.0,541.5009739469862,0.43766323245680194,406,951657.3258064516,90.72,13.92,7.45,51.31,10.57,9.53,3.14,2.08,6.21
2024-05-21,46.39,183.0,540.3676660917453,0.43136833413290193,406,951312.5903225807,91.38,13.67,7.14,47.84,10.37,9.7,3.1,2.07,6.23
2024-05-22,45.12,217.0,540.5439349431131,0.44437511376522465,406,950967.8548387097,90.43,12.66,6.82,47.33,10.41,9.57,3.04,2.05,6.01
2024-05-23,44.39,241.0,537.9437801077221,0.44763067645424165,406,950623.1193548387,89.26,12.32,6.45,48.2,10.43,9.51,2.98,1.99,5.83
2024-05-24,43.74,302.0,537.3153706729604,0.4559870218409222,406,950278.3838709678,89.97,12.53,6.57,49.24,10.53,9.85,3.0,1.98,6.03
2024-05-25,45.93,190.0,536.7665068082789,0.43269503292474615,406,949933.6483870968,91.89,12.77,6.92,51.15,10.56,9.94,3.06,1.96,6.0
2024-05-26,45.31,174.0,538.0465930162188,0.4400390426990043,406,949588.9129032259,91.58,12.84,7.15,51.56,10.44,10.19,3.2,1.98,6.18
2024-05-27,45.77,185.0,534.7661498729121,0.4356435181099371,405,949244.1774193548,93.08,13.35,7.26,49.12,10.41,10.17,3.29,1.99,6.28
2024-05-28,46.37,166.0,534.0848860748002,0.430823556527522,405,948899.4419354838,93.02,12.95,7.14,49.26,10.23,9.81,3.25,2.02,6.47
2024-05-29,44.73,131.0,538.3269339748246,0.44545620558645965,405,948554.7064516129,90.77,12.59,6.96,52.39,10.54,10.21,3.09,2.01,6.11
2024-05-30,45.61,190.0,535.7340849975792,0.43428732617328974,405,948209.9709677419,95.36,13.09,6.93,53.16,10.32,9.78,3.26,1.99,6.63
2024-05-31,47.12,211.0,533.1452238259502,0.4221809636632345,405,947865.235483871,101.44,13.26,7.32,53.16,10.4,10.04,3.14,2.03,6.66
2024-06-01,47.95,210.0,529.7877898511257,0.414638332040424,418,947520.5,102.89,13.87,7.25,50.26,10.6,10.34,3.29,2.06,6.5
2024-06-02,48.87,154.0,528.3256436092955,0.405821731363666,417,945115.32,106.63,14.13,7.37,51.79,10.71,10.2,3.31,2.06,6.85
2024-06-03,49.71,185.0,527.201158163883,0.4010432465364233,416,942710.14,105.56,14.4,7.53,52.84,10.54,10.21,3.38,2.05,6.92
2024-06-04,52.43,181.0,525.4068063422899,0.38408213776624783,415,940304.96,102.39,14.81,7.6,53.25,10.64,10.33,3.23,2.05,7.1
2024-06-05,50.0,297.0,525.5637381989833,0.4005785192049061,414,937899.78,103.11,14.04,7.49,50.5,10.75,10.32,3.13,2.09,6.87
2024-06-06,50.24,189.0,524.5048701888163,0.3982110647372473,413,935494.6,104.64,14.72,7.95,50.74,10.69,10.32,3.29,2.1,6.83
2024-06-07,52.33,148.0,525.4531723856209,0.38372869664638365,412,933089.42,104.22,15.12,7.82,49.44,10.83,10.16,3.3,2.12,7.05
2024-06-08,47.93,225.0,523.6581933551198,0.416173303799446,411,930684.24,102.43,14.73,7.49,47.9,10.85,9.8,3.29,2.12,6.78
2024-06-09,48.72,189.0,523.1692106935368,0.40955533275354095,410,928279.0599999999,101.72,15.21,7.49,47.48,10.87,9.36,3.31,2.14,6.88
2024-06-10,47.39,131.0,522.7653793875575,0.4185656081060151,409,925873.88,100.71,14.92,7.77,47.13,10.71,9.59,3.26,2.15,6.59
2024-06-11,48.01,110.0,523.9574757625273,0.41526995255065,408,923468.7,102.77,14.51,7.8,48.88,10.8,9.74,3.32,2.12,6.6
2024-06-12,46.2,191.0,524.5767619523117,0.43307770699085313,407,921063.52,96.53,14.16,7.33,50.7,10.73,9.8,3.24,2.12,6.44
2024-06-13,45.84,209.0,521.2146711752602,0.43349057529368984,405,918658.34,94.54,14.18,7.23,50.92,10.59,9.56,3.25,2.12,6.3
2024-06-14,47.39,262.0,522.4135250242073,0.420238063843486,404,916253.16,95.72,14.29,7.51,49.03,10.33,9.78,3.19,2.12,6.24
2024-06-15,48.67,160.0,523.2722950859356,0.4098623333318528,403,913847.98,97.0,13.91,7.4,48.5,10.42,9.57,3.22,2.12,6.22
2024-06-16,48.16,167.0,522.9069206911159,0.41380834558524443,402,911442.8,97.32,14.38,7.62,48.46,10.15,9.71,3.23,2.12,6.32
2024-06-17,47.06,140.0,519.9775350399418,0.420662440304987,401,909037.62,97.2,13.97,7.61,47.89,10.05,9.44,3.31,2.07,6.35
2024-06-18,46.73,102.0,520.1337245824257,0.4229809293390948,400,906632.44,99.01,14.66,7.48,46.44,10.06,9.47,3.16,2.06,6.42
2024-06-19,46.09,195.0,520.0869018700072,0.42936382046592697,399,904227.26,95.09,14.31,7.27,45.65,9.72,9.51,3.07,2.06,6.32
2024-06-20,45.67,190.0,519.8043997216171,0.4324862520901353,398,901822.08,94.39,14.19,7.44,45.83,9.67,9.53,2.96,2.05,6.25
2024-06-21,46.09,145.0,519.4185871762285,0.4265038187664877,397,899416.9,98.02,13.65,7.57,46.07,10.02,9.65,3.07,2.05,6.23
2024-06-22,46.5,202.0,518.4527272754781,0.4218451392084106,396,897011.72,98.85,14.13,7.79,47.34,10.19,9.56,3.13,2.02,6.65
2024-06-23,46.27,142.0,518.3534777596224,0.4229403976177605,395,894606.54,99.63,14.11,7.49,46.31,9.93,9.66,3.18,2.05,6.59
2024-06-24,44.72,140.0,518.3573968470102,0.43492356642184227,394,892201.36,97.57,14.2,7.63,46.04,9.99,9.23,3.15,2.01,6.85
2024-06-25,45.66,95.0,519.2385485052046,0.4285473434086504,393,889796.1799999999,98.41,14.21,7.93,45.32,10.15,9.19,3.19,2.04,6.88
2024-06-26,46.0,208.0,517.7949614802712,0.4254354839409559,392,887391.0,95.36,13.76,7.45,48.13,10.32,9.43,3.09,2.01,6.59
2024-06-27,44.7,152.0,519.7497266097797,0.4345004192154596,391,884985.82,94.66,14.06,7.49,46.5,10.25,9.6,3.08,1.99,6.53
2024-06-28,44.34,170.0,519.2441213386589,0.43884424879344247,390,882580.64,95.51,13.89,7.42,47.93,10.06,9.24,2.99,1.98,6.27
2024-06-29,46.63,227.0,518.8290882050352,0.4166550822986634,388,880175.46,96.79,13.92,7.51,46.71,9.95,9.2,3.01,1.97,6.53
2024-06-30,47.39,198.0,518.6526657891551,0.40930817282111553,387,877770.28,97.67,14.2,7.56,49.0,9.78,9.26,2.98,2.0,6.7
2024-07-01,47.95,153.0,520.2226558641976,0.4029153167552631,374,875365.1,97.21,14.24,7.65,46.63,9.94,9.28,3.05,2.01,6.66
2024-07-02,46.96,146.0,519.1024811486324,0.40891659775576217,374,876073.9,96.63,14.38,7.71,45.32,10.31,9.35,3.04,2.02,6.78
2024-07-03,45.88,151.0,518.8464597252482,0.41709915554887433,375,876782.7,97.32,14.28,7.63,47.54,10.0,9.2,3.04,2.02,6.58
2024-07-04,46.47,208.0,520.8366112624062,0.41294805105011734,375,877491.5,97.82,14.27,7.5,46.91,9.75,9.14,2.95,2.04,6.55
2024-07-05,47.78,162.0,520.227089960058,0.40147637367710515,375,878200.2999999999,97.82,14.59,7.7,47.68,9.98,9.44,3.02,2.05,6.93
2024-07-06,48.1,169.0,520.8272295146453,0.39705620274583775,375,878909.1,97.91,14.58,7.67,39.59,10.02,9.5,3.0,2.03,6.98
2024-07-07,48.7,180.0,519.4507058218348,0.39419063486328126,376,879617.9,98.95,14.42,7.63,46.32,10.04,9.19,3.07,2.03,6.83
2024-07-08,48.36,135.0,519.8839604817235,0.39624163680900637,376,880326.7,98.97,14.53,7.7,46.96,10.01,9.14,3.05,2.05,6.68
2024-07-09,46.65,143.0,518.9668443778746,0.4094258118838436,376,881035.5,98.37,14.85,7.52,47.19,10.11,8.95,3.06,2.05,6.53
2024-07-10,45.25,196.0,518.2111722948438,0.4195539278629224,377,881744.3,96.28,14.34,7.42,46.95,10.03,8.95,2.96,2.02,6.3
2024-07-11,44.78,179.0,516.4426008230454,0.42093221608694814,377,882453.1,95.55,13.73,7.4,48.31,9.81,8.98,3.17,1.97,6.38
2024-07-12,47.29,158.0,516.2416240619705,0.39752665847012003,377,883161.9,95.57,14.34,7.63,48.19,9.82,9.0,3.21,2.02,6.8
2024-07-13,48.75,181.0,517.3320465081094,0.386593929646711,378,883870.7,98.72,14.73,7.53,48.91,9.99,9.04,3.33,2.05,7.18
2024-07-14,49.64,153.0,517.0043585996127,0.3779177095204055,378,884579.5,100.63,14.89,7.67,50.38,10.19,9.29,3.25,2.1,7.05
2024-07-15,48.29,89.0,516.1914435064149,0.38723399388002894,378,885288.3,101.62,14.58,7.92,48.05,10.13,9.35,3.19,2.08,6.86
2024-07-16,49.18,101.0,515.6649191479062,0.37938895646431414,378,885997.1,102.1,14.37,7.86,49.63,10.66,9.07,3.29,2.1,6.93
2024-07-17,47.72,126.0,515.3533226821593,0.3904602016747523,379,886705.9,100.74,14.23,7.88,49.19,10.72,9.21,3.21,2.11,6.86
2024-07-18,48.48,178.0,514.5140054466232,0.3884288508045342,379,887414.7,100.71,14.3,7.78,49.25,10.71,9.14,3.18,2.14,6.62
2024-07-19,49.37,143.0,514.6218102457033,0.3797268219879536,379,888123.5,102.42,14.4,7.96,50.42,10.14,9.19,3.08,2.14,6.77
2024-07-20,49.59,158.0,515.6388642580489,0.3772972040553354,380,888832.3,104.86,14.8,8.04,49.38,10.58,9.17,3.13,2.13,7.06
2024-07-21,49.86,113.0,515.9055116799806,0.3783017916261546,380,889541.1,107.65,15.27,8.01,49.03,10.38,9.34,3.22,2.15,7.3
2024-07-22,49.57,91.0,515.1096780137982,0.38196532654177656,380,890249.9,106.02,15.23,8.22,48.55,10.35,9.4,3.29,2.13,7.34
2024-07-23,49.9,88.0,514.4540434216897,0.380458928698242,381,890958.7,105.44,15.22,8.36,46.77,10.4,9.15,3.19,2.13,7.37
2024-07-24,49.81,194.0,514.3195339506174,0.38137706748521344,381,891667.5,104.01,14.55,7.93,45.76,10.4,9.36,3.17,2.12,7.21
2024-07-25,49.06,175.0,515.2232657044298,0.38284855129651824,381,892376.3,105.06,14.31,8.24,46.11,10.35,9.33,3.22,2.12,7.25
2024-07-26,51.2,153.0,516.4002135378843,0.36826364629535574,381,893085.1,105.45,14.58,8.41,47.48,10.3,9.33,3.11,2.13,7.25
2024-07-27,50.55,147.0,516.6449779714355,0.37303991935281183,382,893793.9,106.09,14.8,8.44,48.92,10.61,9.46,3.13,2.13,7.42
2024-07-28,50.17,115.0,516.9999961571049,0.3750977944534581,382,894502.7000000001,104.18,15.04,8.57,47.4,10.63,9.44,3.19,2.12,7.52
2024-07-29,51.69,101.0,516.6391272694262,0.36231990507445744,382,895211.5,107.14,15.38,8.22,46.8,10.75,9.35,3.2,2.12,7.67
2024-07-30,52.47,135.0,516.6443004115227,0.35898964200445427,383,895920.3,107.71,15.29,8.69,48.92,10.33,9.55,3.17,2.11,7.7
2024-07-31,49.87,147.0,517.0923650750423,0.377307679914478,383,896629.1,103.92,15.2,8.52,51.55,10.81,9.49,3.19,2.13,7.43
2024-08-01,50.43,157.0,516.4842425865406,0.37682624591369956,383,897337.9,103.59,15.09,8.1,52.43,10.52,9.38,3.22,2.15,7.43
2024-08-02,51.36,140.0,519.2407768397482,0.37009701389545285,382,895369.1516129032,104.43,15.26,8.45,49.18,10.59,9.63,3.21,2.22,7.57
2024-08-03,52.04,118.0,520.3894041999517,0.37023453613139096,382,893400.4032258064,104.41,15.66,8.53,50.44,10.64,9.49,3.2,2.25,7.95
2024-08-04,52.3,127.0,522.3946646998307,0.368901275366346,381,891431.6548387097,108.43,15.84,8.62,49.83,11.02,9.61,3.21,2.24,7.88
2024-08-05,52.61,136.0,523.7989080428467,0.3679632850002474,380,889462.906451613,107.77,15.74,8.58,49.69,10.92,9.65,3.2,2.23,8.36
2024-08-06,52.52,94.0,524.1450575223918,0.3684430833305794,379,887494.1580645161,110.83,15.54,8.62,49.52,11.1,9.56,3.26,2.27,7.96
2024-08-07,52.23,204.0,523.7211378903413,0.37045347672181345,378,885525.4096774193,108.33,15.47,8.39,50.4,11.06,9.67,3.3,2.3,7.75
2024-08-08,52.95,240.0,524.4154047748729,0.3636483714143235,377,883556.6612903225,108.5,15.54,8.52,51.46,10.93,9.48,3.21,2.28,7.81
2024-08-09,54.19,219.0,525.9331690268701,0.35656274258193155,377,881587.9129032259,111.61,15.56,8.37,52.23,11.15,9.36,3.19,2.27,7.67
2024-08-10,53.4,159.0,526.4050550714112,0.3619255726568006,376,879619.1645161291,109.17,15.13,8.36,50.04,11.2,9.27,3.21,2.24,7.9
2024-08-11,53.68,168.0,524.7418451343501,0.359571631336505,375,877650.4161290323,115.22,15.36,8.42,49.59,10.72,9.45,3.18,2.29,7.8
2024-08-12,53.22,100.0,525.6453612926651,0.36315118743337904,374,875681.6677419355,115.47,15.46,8.68,50.08,10.94,9.41,3.18,2.28,7.59
2024-08-13,53.34,181.0,524.0494302227063,0.3607815372452135,373,873712.9193548387,117.1,15.48,8.61,48.89,10.78,9.27,3.28,2.27,7.68
2024-08-14,52.91,183.0,526.8160693839263,0.36563584785866243,372,871744.1709677419,112.28,15.08,8.54,48.37,10.79,9.31,3.18,2.28,7.64
2024-08-15,50.67,186.0,527.0275965262649,0.38179761900792775,372,869775.4225806452,114.15,15.4,8.36,50.58,11.06,9.32,3.15,2.29,7.53
2024-08-16,51.68,151.0,527.4103419874124,0.37414153693496427,371,867806.6741935484,111.47,15.5,8.68,48.27,10.86,9.51,3.23,2.33,8.04
2024-08-17,52.45,143.0,529.3929204187849,0.36916617231780957,370,865837.9258064516,116.15,15.9,8.78,47.94,10.85,9.45,3.29,2.41,8.18
2024-08-18,52.22,168.0,528.4224421447591,0.36948537181436064,369,863869.1774193548,109.14,16.53,8.63,49.6,10.95,9.47,3.3,2.36,7.89
2024-08-19,50.65,140.0,529.7830787944806,0.37739107890048174,368,861900.429032258,108.55,15.68,8.46,49.31,10.78,9.14,3.29,2.32,7.6
2024-08-20,50.43,157.0,531.3027968712175,0.38022782624134793,367,859931.6806451613,107.13,15.94,8.51,47.36,10.39,8.94,3.28,2.31,7.51
2024-08-21,50.05,190.0,530.9673863773905,0.3828229587824007,366,857962.9322580645,106.21,15.34,8.15,48.26,10.83,9.08,3.19,2.32,7.44
2024-08-22,48.52,181.0,531.1181289034133,0.3938160723498212,366,855994.1838709677,103.87,15.22,7.82,46.81,10.86,9.08,3.2,2.34,7.21
2024-08-23,50.46,174.0,531.7359935245703,0.3799059534182459,365,854025.4354838709,107.16,15.05,7.61,48.92,10.59,8.85,3.17,2.34,7.51
2024-08-24,50.62,148.0,532.0208287944808,0.37670684105313307,364,852056.6870967741,109.85,15.52,8.1,48.66,10.91,9.29,3.4,2.34,7.56
2024-08-25,51.45,154.0,533.5659916485112,0.37138432437863333,363,850087.9387096774,108.08,15.73,8.07,44.91,10.53,8.92,3.31,2.32,7.37
2024-08-26,51.21,165.0,533.8928533345437,0.37202045299673325,362,848119.1903225806,109.61,15.68,8.46,44.38,10.61,9.18,3.26,2.36,7.48
2024-08-27,54.73,179.0,533.6057470346162,0.3516501024362091,361,846150.4419354838,111.89,15.79,8.55,50.4,10.69,9.1,3.24,2.36,7.48
2024-08-28,52.86,176.0,534.3408855301378,0.3641272927409025,361,844181.693548387,108.78,15.23,8.08,49.55,10.66,9.28,3.19,2.33,7.06
2024-08-29,52.41,136.0,533.5061755930767,0.36827873134688727,360,842212.9451612902,106.24,15.17,8.1,47.71,10.64,9.2,3.1,2.37,7.44
2024-08-30,54.0,171.0,533.9894817840716,0.35739947093188523,359,840244.1967741936,111.31,16.19,8.46,49.2,10.63,9.09,3.31,2.38,7.69
2024-08-31,55.16,227.0,534.5767713931251,0.352066001333575,358,838275.4483870968,116.15,16.32,8.42,51.0,10.93,9.57,3.36,2.39,7.57
2024-09-01,56.66,150.0,535.6026109900749,0.34573720199459096,369,836306.7,114.49,16.64,8.53,49.95,10.97,9.67,3.37,2.38,7.37
2024-09-02,57.44,113.0,535.3293512164125,0.3425888389525889,369,836077.7699999999,112.44,16.96,8.71,51.2,10.91,9.64,3.41,2.39,7.54
2024-09-03,57.25,84.0,536.0534399963689,0.3445021217649296,369,835848.84,114.59,16.7,8.79,51.73,10.91,9.75,3.45,2.37,7.49
2024-09-04,54.07,130.0,536.5304704369402,0.3657397459007613,369,835619.9099999999,111.56,16.7,8.24,47.08,11.2,9.64,3.38,2.36,7.64
2024-09-05,54.88,184.0,537.6629104938272,0.35734053937730387,369,835390.98,113.79,16.66,8.45,49.34,11.19,9.62,3.4,2.34,7.52
2024-09-06,56.94,129.0,539.7171018821109,0.34816446056247197,369,835162.0499999999,113.65,16.78,8.3,49.3,11.41,9.9,3.34,2.35,7.5
2024-09-07,56.67,167.0,541.1806681493586,0.35000804735840746,369,834933.12,116.76,17.33,8.62,51.41,11.13,9.81,3.43,2.39,7.63
2024-09-08,56.74,121.0,541.6149740075042,0.35444520046216715,368,834704.19,116.46,17.73,8.49,51.6,11.09,9.93,3.42,2.4,7.41
2024-09-09,54.76,68.0,542.4397221011861,0.36548327353829946,368,834475.26,112.68,17.73,8.76,51.19,10.97,9.91,3.37,2.39,7.75
2024-09-10,57.89,118.0,542.429769728879,0.3464681060606061,368,834246.33,113.8,17.89,8.71,49.56,10.89,9.86,3.32,2.4,7.66
2024-09-11,56.26,178.0,542.6085363108207,0.3562797908621614,368,834017.4,113.72,17.37,8.72,50.58,11.07,10.03,3.44,2.39,7.61
2024-09-12,58.77,174.0,543.4598402323893,0.34274582384848973,368,833788.47,113.98,16.95,8.45,51.64,11.27,9.88,3.43,2.41,7.6
2024-09-13,56.85,146.0,545.1488916424595,0.35356538683464805,368,833559.54,116.22,17.12,8.7,51.46,11.16,9.94,3.46,2.4,7.72
2024-09-14,59.78,143.0,546.4441177075769,0.338167008685117,368,833330.61,117.33,17.49,8.9,50.66,10.97,10.03,3.38,2.41,7.56
2024-09-15,58.97,88.0,547.0238464052288,0.3423269072324021,368,833101.68,116.52,17.44,9.18,52.11,11.24,10.04,3.5,2.41,7.98
2024-09-16,58.13,87.0,547.103385530138,0.3468543845043708,368,832872.75,115.94,17.79,9.12,51.96,11.37,9.96,3.41,2.42,8.17
2024-09-17,59.25,111.0,546.420079157589,0.34117645487424847,368,832643.82,120.19,17.3,9.28,48.49,11.08,9.76,3.44,2.41,8.11
2024-09-18,58.79,160.0,547.0776234870491,0.345379193564376,367,832414.89,118.77,17.21,9.37,50.45,11.21,9.66,3.47,2.41,8.04
2024-09-19,58.91,119.0,554.3720645424837,0.34578612558042565,367,832185.96,117.28,16.95,9.2,51.95,11.29,9.7,3.38,2.41,8.03
2024-09-20,58.2,160.0,555.1837972343258,0.35004779268508807,367,831957.03,116.83,16.92,9.34,50.55,11.21,9.51,3.36,2.4,7.97
2024-09-21,59.58,157.0,553.5792900024207,0.3386976345953901,367,831728.1,115.11,17.17,9.61,53.99,11.66,9.81,3.4,2.38,7.7
2024-09-22,58.36,85.0,554.6106737472768,0.3462220321079676,367,831499.17,113.45,16.7,9.04,48.86,11.13,9.4,3.39,2.36,7.77
2024-09-23,58.05,92.0,551.7831926289033,0.34917141095138005,367,831270.24,116.9,16.5,9.07,53.25,11.19,9.41,3.33,2.33,7.66
2024-09-24,57.08,75.0,552.5592452795934,0.355621597236209,367,831041.31,122.88,17.38,8.81,51.39,10.99,9.58,3.35,2.32,7.73
2024-09-25,55.38,150.0,553.4175129811183,0.3670792886143746,367,830812.38,119.96,16.87,8.98,52.52,10.93,9.6,3.38,2.31,7.89
2024-09-26,55.72,139.0,552.7073988138465,0.3657105520413687,367,830583.4500000001,118.39,16.63,9.29,49.85,11.16,9.69,3.53,2.28,8.07
2024-09-27,56.85,125.0,552.4015325284436,0.3579168788006433,367,830354.52,120.78,16.57,9.21,50.33,11.14,9.83,3.45,2.31,8.21
2024-09-28,58.54,174.0,551.302968076737,0.3462292052739883,366,830125.5900000001,122.74,16.58,9.26,51.77,11.0,10.03,3.41,2.35,8.05
2024-09-29,59.26,118.0,553.8489087993222,0.34198404921911796,366,829896.66,122.58,16.83,9.26,52.33,11.35,10.15,3.43,2.35,8.17
2024-09-30,60.11,153.0,552.821214808763,0.33582433316151444,366,829667.7300000001,124.31,17.26,9.33,52.1,11.72,10.25,3.5,2.4,7.93
2024-10-01,61.2,104.0,553.5833993585087,0.33135347200537557,354,829438.8,121.6,17.22,9.32,52.5,11.62,10.26,3.52,2.39,8.44
2024-10-02,60.15,193.0,553.5125169753087,0.337245775289608,355,830171.8806451614,121.71,16.97,9.46,52.12,11.51,10.28,3.42,2.37,8.03
2024-10-03,54.69,290.0,554.2635933490681,0.3698898016261584,355,830904.9612903226,110.32,15.36,8.28,50.39,11.17,9.9,3.02,2.21,7.27
2024-10-04,54.53,155.0,554.4723182340838,0.37066136569801117,355,831638.0419354839,110.76,14.83,8.02,48.24,10.53,9.16,2.95,2.26,6.92
2024-10-05,55.53,190.0,555.282938271605,0.3637782507859049,356,832371.1225806453,108.21,15.24,8.08,49.49,10.67,9.22,3.08,2.27,7.13
2024-10-06,56.34,123.0,554.1666010045993,0.35689751193658203,356,833104.2032258065,113.4,15.31,8.08,51.39,10.21,9.48,3.21,2.29,7.53
2024-10-07,57.12,98.0,554.6056770757687,0.3551276368858834,356,833837.2838709678,113.39,15.93,8.24,50.93,10.68,9.44,3.13,2.31,7.21
2024-10-08,56.23,67.0,552.0751622791092,0.3608644253349948,356,834570.3645161291,116.04,15.56,8.36,52.81,10.69,9.65,3.27,2.29,7.74
2024-10-09,56.33,161.0,549.2920912006778,0.35971783634406285,357,835303.4451612904,114.06,15.39,8.24,54.69,10.68,9.68,3.24,2.31,7.81
2024-10-10,55.48,130.0,548.3040543149359,0.36356828649508194,357,836036.5258064517,114.26,15.3,8.07,54.71,10.8,9.51,3.2,2.26,7.59
2024-10-11,54.95,137.0,548.0430787944807,0.3668881350449667,357,836769.6064516129,114.36,15.08,8.15,49.71,10.8,9.51,3.16,2.3,7.44
2024-10-12,54.16,123.0,549.6286194928588,0.37089049801580937,358,837502.6870967742,112.84,14.78,8.06,54.22,10.78,9.46,3.14,2.28,7.48
2024-10-13,53.91,127.0,549.1315797930283,0.3726461554165122,358,838235.7677419356,113.64,14.38,8.04,51.06,10.78,9.45,3.24,2.28,7.58
2024-10-14,54.03,88.0,548.9120117707578,0.3720134246498239,358,838968.8483870968,110.08,14.5,8.08,51.28,10.79,9.41,3.25,2.32,7.45
2024-10-15,53.96,90.0,548.1910639373032,0.3722745602263335,359,839701.9290322581,112.72,14.62,8.09,50.31,10.82,9.38,3.27,2.29,7.15
2024-10-16,54.09,134.0,546.3102616497216,0.37234875959720903,359,840435.0096774194,113.07,14.79,7.88,54.67,11.0,9.41,3.28,2.26,7.25
2024-10-17,53.59,134.0,547.3022336298717,0.374458632156383,359,841168.0903225807,112.03,14.03,7.87,51.06,11.12,9.42,3.23,2.31,7.12
2024-10-18,50.54,143.0,548.5102267005568,0.3944505992332831,360,841901.170967742,111.32,14.01,7.8,52.78,10.91,9.51,3.23,2.32,7.39
2024-10-19,53.61,152.0,551.1420923202614,0.3733598716158195,360,842634.2516129033,112.36,14.57,7.87,53.06,10.92,9.52,3.28,2.33,7.35
2024-10-20,52.58,98.0,550.0802811667877,0.38050538022380676,360,843367.3322580645,112.14,14.12,7.83,50.54,11.09,9.41,3.21,2.32,7.59
2024-10-21,52.69,101.0,549.147542271847,0.3773905936942354,361,844100.4129032259,113.65,14.53,7.88,49.33,10.79,9.4,3.31,2.27,7.47
2024-10-22,53.18,75.0,548.5185372185913,0.3746056249360524,361,844833.4935483872,111.5,14.37,7.94,51.2,11.36,10.02,3.21,2.32,7.67
2024-10-23,53.12,146.0,547.5683909162431,0.37607637052019655,361,845566.5741935484,111.64,13.96,8.21,52.13,10.53,9.82,3.18,2.33,7.49
2024-10-24,52.61,156.0,548.3993102759623,0.3817505854585594,361,846299.6548387097,111.93,13.5,7.99,53.49,10.61,9.74,3.24,2.33,7.74
2024-10-25,53.73,139.0,548.4773241043331,0.37255367046330284,362,847032.7354838711,115.6,13.94,8.21,54.66,10.85,9.48,3.18,2.3,7.84
2024-10-26,53.22,140.0,549.8662523299442,0.3770501633886424,362,847765.8161290323,115.19,13.95,8.03,53.75,10.9,9.39,3.33,2.38,7.7
2024-10-27,54.29,109.0,550.3306053013798,0.3700613068882166,362,848498.8967741936,115.16,13.85,8.0,54.05,10.83,9.34,3.4,2.35,7.6
2024-10-28,54.2,95.0,550.2567305434519,0.37095502632809574,363,849231.9774193548,113.36,14.2,7.75,50.18,10.64,9.36,3.36,2.31,7.68
2024-10-29,54.82,89.0,550.6980248123941,0.36513774219030853,363,849965.0580645162,115.76,14.09,8.37,51.46,10.81,9.3,3.32,2.34,7.48
2024-10-30,54.39,155.0,550.2470907467925,0.36822647223109983,363,850698.1387096775,115.26,13.83,8.01,52.1,10.69,8.92,3.28,2.33,7.27
2024-10-31,54.38,113.0,549.6112602275479,0.37023333465456243,364,851431.2193548387,115.64,13.82,8.14,50.87,11.16,9.53,3.25,2.34,7.51
2024-11-01,55.59,156.0,549.8947910917454,0.36399627401446033,376,852164.3,118.43,14.23,8.19,53.19,11.09,9.7,3.38,2.36,7.31
2024-11-02,54.96,127.0,549.6469756717502,0.3674890236053538,377,854223.9366666668,116.99,14.44,8.23,54.06,11.1,9.57,3.3,2.38,7.84
2024-11-03,55.68,111.0,549.8804174231421,0.3623458775026823,378,856283.5733333334,118.73,14.38,8.29,54.78,11.27,9.77,3.3,2.41,7.9
2024-11-04,55.16,106.0,549.348269486807,0.3662110727567034,379,858343.2100000001,118.81,14.08,8.23,54.22,11.19,9.61,3.29,2.4,8.06
2024-11-05,56.34,64.0,550.1779921931736,0.3594672235659621,380,860402.8466666667,119.6,13.97,8.32,54.27,11.29,9.78,3.4,2.41,8.05
2024-11-06,56.35,168.0,549.7486286916002,0.3598880516593291,381,862462.4833333334,119.12,14.25,8.36,53.67,11.37,9.78,3.4,2.42,7.39
2024-11-07,56.18,154.0,547.1337805010894,0.3605628984825246,382,864522.12,119.37,14.3,8.24,54.17,11.21,10.07,3.38,2.4,7.8
2024-11-08,57.54,158.0,548.1168496429435,0.3533927766930632,382,866581.7566666667,118.5,14.45,8.12,55.53,11.25,9.8,3.42,2.42,7.86
2024-11-09,57.76,129.0,545.4332258533042,0.3521506373203492,383,868641.3933333334,119.13,14.52,8.15,53.37,10.98,9.73,3.47,2.45,7.73
2024-11-10,57.34,103.0,544.8016241224885,0.3533800277292477,384,870701.03,118.95,14.6,8.06,54.92,10.7,9.75,3.48,2.44,7.69
2024-11-11,57.62,85.0,544.4296874546116,0.35171309829835284,385,872760.6666666667,117.96,14.55,8.16,53.56,10.8,9.71,3.49,2.44,7.63
2024-11-12,57.95,107.0,546.9062128116677,0.34919022906233543,386,874820.3033333333,117.1,14.6,8.49,54.89,11.02,9.85,3.4,2.45,7.56
2024-11-13,57.03,108.0,545.7707914548536,0.3532814536584559,387,876879.9400000001,118.13,14.42,8.2,53.61,10.9,9.78,3.4,2.42,7.43
2024-11-14,55.57,128.0,545.216096919632,0.3612545167418111,388,878939.5766666667,113.72,14.19,8.08,53.49,10.57,9.51,3.4,2.41,7.21
2024-11-15,55.4,168.0,547.6839117344467,0.36230993985842885,389,880999.2133333334,115.62,14.34,7.88,54.73,10.58,9.59,3.44,2.42,7.32
2024-11-16,56.29,117.0,547.9866390401841,0.35674300956408794,390,883058.8500000001,117.48,14.57,8.11,53.05,10.89,9.73,3.45,2.42,7.49
2024-11-17,56.8,129.0,549.0577860990076,0.3531738845406,391,885118.4866666667,116.91,14.35,8.21,54.35,10.89,9.87,3.45,2.43,7.44
2024-11-18,56.95,76.0,549.0622756596466,0.35397442114076,392,887178.1233333334,117.21,14.27,8.2,48.91,10.8,9.85,3.47,2.4,7.5
2024-11-19,57.22,73.0,548.2082484870491,0.3500635554697173,392,889237.76,117.54,14.5,8.42,52.14,10.72,9.89,3.43,2.48,7.4
2024-11-20,56.06,143.0,548.9016420660855,0.3589152854829028,393,891297.3966666667,116.13,13.98,7.94,53.27,10.8,9.77,3.37,2.43,7.25
2024-11-21,56.09,103.0,549.0917774751875,0.35629708960314876,394,893357.0333333333,116.23,14.06,8.01,52.64,11.05,9.71,3.42,2.44,7.32
2024-11-22,56.2,173.0,548.114584634471,0.3565470110745444,395,895416.67,116.3,14.0,8.06,53.2,10.87,9.85,3.4,2.43,7.31
2024-11-23,56.48,114.0,550.1492176531106,0.35408816779570895,396,897476.3066666666,116.33,14.0,8.09,54.36,10.86,9.71,3.36,2.4,7.18
2024-11-24,55.57,106.0,549.9911100217864,0.36031705462320823,397,899535.9433333334,116.88,14.0,8.09,51.94,10.87,9.93,3.35,2.37,7.14
2024-11-25,55.16,69.0,552.513989409344,0.3635704352894187,398,901595.5800000001,114.21,14.26,8.24,52.68,10.88,9.93,3.34,2.35,7.25
2024-11-26,56.09,96.0,551.6357119946744,0.35661198013674905,399,903655.2166666667,118.36,14.21,8.16,54.1,11.12,9.77,3.37,2.38,7.31
2024-11-27,55.84,255.0,552.0133956669087,0.35879967656293826,400,905714.8533333334,116.0,14.07,8.19,55.68,10.81,9.66,3.37,2.4,7.27
2024-11-28,57.38,215.0,552.716596586783,0.34997106254428045,401,907774.49,112.37,13.49,7.86,51.49,10.45,9.41,3.28,2.36,6.99
2024-11-29,55.58,152.0,553.0403244371823,0.3608511155303031,402,909834.1266666667,112.54,13.46,7.7,47.81,10.31,9.27,3.25,2.39,7.04
2024-11-30,55.3,120.0,552.8951916000968,0.362621823229265,402,911893.7633333333,115.43,13.55,7.72,52.06,10.21,9.07,3.28,2.39,7.36
2024-12-01,55.23,126.0,551.559824043815,0.36172261782251763,390,913953.4,115.33,13.67,7.75,51.83,10.2,8.98,3.31,2.34,7.32
2024-12-02,56.38,120.0,552.0733180525298,0.35368003848608365,390,913957.8774193549,118.03,13.54,7.71,51.01,10.0,9.16,3.27,2.41,7.11
2024-12-03,58.05,91.0,550.2667273965142,0.34413702315391737,390,913962.3548387097,118.22,13.6,7.72,49.09,10.3,9.3,3.26,2.39,7.22
2024-12-04,55.86,132.0,551.0728958182038,0.35722224641073175,390,913966.8322580645,114.2,13.39,7.65,51.59,10.4,9.44,3.3,2.4,7.18
2024-12-05,55.15,140.0,552.6410192144759,0.36285356771005817,390,913971.3096774194,115.03,13.49,7.64,52.46,10.51,9.55,3.28,2.42,7.07
2024-12-06,55.92,136.0,552.1866510832729,0.35794021860508546,390,913975.7870967742,116.78,13.41,7.82,53.9,10.46,9.83,3.33,2.46,7.48
2024-12-07,57.04,133.0,553.0551611595256,0.3512952923397563,390,913980.264516129,117.74,13.4,7.82,50.89,10.68,9.74,3.36,2.46,7.63
2024-12-08,57.33,113.0,551.2592989893487,0.35455012487274556,390,913984.7419354839,117.73,13.54,7.71,52.99,10.68,9.51,3.37,2.42,7.59
2024-12-09,58.56,124.0,552.4983540002421,0.34270909839551755,390,913989.2193548387,116.18,13.64,7.78,52.48,10.82,9.3,3.35,2.46,7.49
2024-12-10,57.9,75.0,551.2912434943113,0.34518960762341966,390,913993.6967741936,115.83,13.67,7.83,52.51,10.48,9.28,3.47,2.46,7.54
2024-12-11,57.6,142.0,551.3898758169935,0.3467788124439066,390,913998.1741935484,117.24,13.43,7.65,50.96,9.92,9.2,3.42,2.46,7.42
2024-12-12,56.25,116.0,549.3830975853305,0.3544484210212766,390,914002.6516129032,118.53,13.49,7.7,50.6,10.45,9.22,3.37,2.42,7.43
2024-12-13,57.39,118.0,549.0149641128056,0.34775231074520463,390,914007.1290322581,117.25,13.43,7.78,50.78,10.45,9.46,3.44,2.47,7.37
2024-12-14,57.59,137.0,548.6444913156621,0.348605493011745,390,914011.6064516129,118.86,13.58,7.76,50.01,10.55,9.44,3.49,2.43,7.61
2024-12-15,56.1,91.0,548.3538834422658,0.35747491682697274,390,914016.0838709677,120.12,13.36,7.86,51.26,10.6,9.64,3.43,2.44,7.49
2024-12-16,55.52,66.0,547.4554918603244,0.36119633380208505,390,914020.5612903226,120.42,13.13,7.79,51.61,10.27,9.34,3.43,2.45,7.65
2024-12-17,56.46,86.0,547.0740726821592,0.3559040700230768,390,914025.0387096774,120.37,13.21,7.84,50.48,10.2,9.45,3.44,2.47,7.48
2024-12-18,54.8,136.0,548.4511721738078,0.3652388870048654,390,914029.5161290322,116.14,13.04,7.73,48.6,10.28,9.55,3.33,2.43,7.37
2024-12-19,54.93,153.0,548.185440147664,0.3618414603377497,390,914033.9935483871,114.39,13.01,7.62,51.58,10.04,9.21,3.4,2.4,7.27
2024-12-20,55.36,186.0,548.4210150387314,0.35941217306141254,390,914038.4709677419,117.72,13.02,7.58,51.6,10.15,9.62,3.3,2.38,7.65
2024-12-21,55.63,154.0,550.7400059005084,0.3574643704692721,390,914042.9483870968,121.74,12.84,7.61,51.33,10.15,9.43,3.24,2.4,7.89
2024-12-22,55.84,125.0,552.006797657952,0.3557870599321117,390,914047.4258064516,121.31,13.21,7.62,50.39,10.16,9.49,3.34,2.44,7.59
2024-12-23,57.67,167.0,554.0086607661584,0.34489144621803874,390,914051.9032258064,122.9,13.29,7.86,52.65,10.04,9.52,3.45,2.44,8.01
2024-12-24,59.66,121.0,552.9884056826435,0.3333461065615128,390,914056.3806451613,125.54,13.44,7.91,50.85,10.18,9.63,3.47,2.53,8.36
2024-12-25,58.67,147.0,552.9663595376423,0.33909518974071273,390,914060.8580645161,126.37,13.5,8.03,52.52,10.25,9.77,3.43,2.59,8.1
2024-12-26,56.29,135.0,553.3356552892762,0.3522606089664291,390,914065.3354838709,127.15,13.55,8.09,53.52,10.24,9.59,3.47,2.64,8.33
2024-12-27,56.68,129.0,554.7489061062697,0.35116587437914115,390,914069.8129032258,125.21,13.37,8.25,55.08,10.34,9.55,3.41,2.67,7.58
2024-12-28,56.16,147.0,555.5761132897603,0.3554591013364121,390,914074.2903225806,123.24,13.18,7.99,55.47,10.32,9.4,3.42,2.69,7.66
2024-12-29,55.33,126.0,557.9581588598402,0.3628450160475585,390,914078.7677419354,125.32,13.29,7.98,56.0,10.5,9.54,3.43,2.68,7.55
2024-12-30,56.09,111.0,558.9879478031953,0.35600835005844417,390,914083.2451612903,124.35,13.36,7.96,49.95,10.46,9.65,3.5,2.71,7.65
2024-12-31,57.99,115.0,561.0885744069234,0.3441336928518112,390,914087.7225806451,124.05,13.55,8.34,52.21,10.61,9.67,3.55,2.77,7.59
2025-01-01,56.21,151.0,563.2669455942871,0.3559468787388448,390,914092.2,122.73,13.43,7.94,50.38,10.35,9.6,3.52,2.73,7.71
2025-01-02,55.1,139.0,563.6751318990558,0.36204313595065235,392,916978.6,122.68,13.05,7.75,48.48,10.42,9.32,3.45,2.71,7.46
2025-01-03,55.62,128.0,564.4436799503752,0.35816263063750026,393,919865.0,122.08,12.96,7.73,49.06,10.39,9.6,3.54,2.77,8.21
2025-01-04,56.56,142.0,564.914371580731,0.3515853294120514,394,922751.3999999999,124.24,13.3,8.2,48.35,10.53,9.56,3.55,2.83,8.4
2025-01-05,55.91,125.0,565.8753043754538,0.3554452621671258,395,925637.7999999999,123.56,13.4,8.2,51.46,10.28,9.53,3.56,2.86,7.96
2025-01-06,56.34,81.0,566.2046060578551,0.35364470400212183,397,928524.2,121.68,13.27,8.2,53.5,10.6,9.69,3.45,2.84,8.54
2025-01-07,56.21,116.0,565.9447029472283,0.3543449498898025,398,931410.6,129.4,13.63,8.14,50.29,9.99,8.9,3.59,2.92,8.46
2025-01-08,55.49,153.0,565.6369491951101,0.36010120512026633,399,934297.0,120.86,13.7,8.17,56.24,10.14,9.38,3.66,2.88,7.82
2025-01-09,55.52,157.0,563.9079775175502,0.36192867272387785,400,937183.3999999999,123.39,13.25,8.09,53.35,10.66,9.4,3.68,2.83,7.47
2025-01-10,57.43,119.0,562.7076988320019,0.3523931565677634,402,940069.7999999999,125.72,13.59,8.29,55.1,10.6,9.68,3.89,2.86,7.59
2025-01-11,56.39,148.0,563.188200526507,0.3555227730141455,403,942956.2,125.76,13.4,8.41,55.4,10.62,9.7,3.81,2.88,7.77
2025-01-12,57.25,131.0,563.2226343197774,0.34994436826930386,404,945842.6,128.17,13.72,8.3,55.54,10.56,9.38,3.86,2.78,7.7
2025-01-13,58.0,113.0,563.3440395787945,0.34632447297771096,405,948729.0,130.11,13.85,8.83,54.76,10.54,9.54,3.69,2.9,8.21
2025-01-14,57.32,99.0,564.3662758412006,0.35023538803658455,406,951615.3999999999,129.68,13.81,8.6,56.35,10.31,9.39,3.64,2.86,8.29
2025-01-15,53.32,119.0,565.1892408920357,0.37624342475136524,408,954501.7999999999,122.79,13.3,8.21,50.31,10.56,9.34,3.71,2.79,7.62
2025-01-16,53.08,120.0,564.6836489046235,0.3785759454131091,409,957388.2,123.87,12.89,8.29,56.34,11.01,9.63,3.75,2.77,7.48
2025-01-17,55.47,137.0,566.1020420902928,0.3624829630634445,410,960274.6,122.71,13.16,8.46,54.2,10.6,9.72,3.83,2.82,7.45
2025-01-18,55.36,137.0,566.2846816448803,0.3613054842435764,411,963161.0,123.41,12.98,8.65,54.43,10.57,9.76,3.98,2.83,7.38
2025-01-19,56.24,105.0,566.3418590837571,0.35638078942772977,413,966047.3999999999,116.45,13.44,8.47,50.97,10.6,9.87,4.05,2.82,7.93
2025-01-20,55.59,95.0,568.5958910070201,0.3614786045230232,414,968933.7999999999,124.29,13.36,8.35,54.03,10.61,9.78,3.96,2.86,7.98
2025-01-21,54.84,77.0,568.6324352759623,0.36715250294891705,415,971820.2,126.7,13.3,8.36,52.17,10.55,9.25,4.09,2.85,8.01
2025-01-22,53.38,148.0,567.4276330186395,0.3792952113484523,416,974706.6,127.69,12.96,8.08,55.86,10.29,9.07,4.03,2.85,7.76
2025-01-23,54.98,167.0,568.9487610142822,0.3685301226263153,418,977593.0,126.65,12.92,8.18,56.06,10.82,9.35,3.97,2.91,7.4
2025-01-24,56.42,145.0,571.2987684580004,0.3626873092521446,419,980479.3999999999,123.83,13.01,8.11,56.93,11.0,9.59,4.11,2.92,7.94
2025-01-25,56.12,131.0,573.3010449043815,0.3634358329275353,420,983365.7999999999,123.96,12.93,8.43,58.33,10.93,9.91,4.26,2.9,8.22
2025-01-26,55.84,141.0,573.1662983236505,0.367283475611878,421,986252.2,122.04,12.9,8.23,59.09,11.19,10.04,4.24,2.95,8.32
2025-01-27,54.44,110.0,574.9655005749213,0.3785934538762227,423,989138.6,123.79,13.03,8.49,56.83,11.03,10.02,4.31,2.99,8.22
2025-01-28,56.89,101.0,575.7970199709514,0.36120619791746383,424,992025.0,128.39,13.31,8.96,59.46,10.84,10.0,4.55,3.03,8.43
2025-01-29,54.27,172.0,577.3478576010651,0.3793859771619667,425,994911.3999999999,124.99,13.07,8.69,59.17,10.79,10.05,4.45,3.02,8.46
2025-01-30,55.81,161.0,578.7859317659163,0.3718313416249617,426,997797.7999999999,123.49,13.14,8.73,57.08,11.1,10.01,4.66,2.96,8.15
2025-01-31,56.85,137.0,582.3285567961752,0.3645164798856297,427,1000684.2,125.22,13.35,8.97,53.26,11.17,10.18,4.78,3.11,8.45
2025-02-01,56.87,157.0,583.338457879448,0.3646888827461069,475,1003570.6,128.03,13.52,8.9,57.44,11.35,10.99,4.72,3.27,9.47
2025-02-02,56.42,152.0,586.1895521362867,0.3696592650859409,475,1004859.6071428572,129.18,13.38,8.93,59.36,11.02,11.14,4.64,3.19,9.16
2025-02-03,56.91,130.0,585.4656492979907,0.36580993567683234,476,1006148.6142857142,129.32,13.62,8.77,61.6,10.96,11.11,4.69,3.27,8.73
2025-02-04,56.69,107.0,587.8981564088599,0.36911344046010025,476,1007437.6214285714,131.2,13.68,9.06,60.41,11.06,11.31,4.56,3.17,8.49
2025-02-05,56.59,223.0,587.1771313846526,0.3695946810861193,477,1008726.6285714286,127.45,13.52,8.97,59.96,11.46,11.65,4.35,3.27,8.31
2025-02-06,56.64,159.0,587.0962314209634,0.367955341588014,478,1010015.6357142857,128.92,13.49,9.02,60.41,11.56,13.55,4.44,3.23,8.69
2025-02-07,57.23,148.0,588.4509231723553,0.36605521916807454,478,1011304.6428571428,132.04,13.93,9.24,64.9,11.95,15.7,4.5,3.3,8.88
2025-02-08,57.15,174.0,591.6038244977003,0.36635349681729285,479,1012593.65,134.1,14.03,9.36,62.88,12.34,18.37,4.54,3.29,9.07
2025-02-09,57.39,163.0,593.8678589929799,0.36503193039132353,479,1013882.6571428571,128.64,14.08,9.62,64.86,12.37,17.75,4.51,3.25,9.12
2025-02-10,58.98,146.0,594.6548818385379,0.35677210950962124,480,1015171.6642857143,134.73,14.3,9.83,64.51,12.64,15.83,4.23,3.26,9.45
2025-02-11,59.32,106.0,594.350683036795,0.3546537883481368,481,1016460.6714285715,132.64,14.37,9.75,66.8,12.11,16.61,4.38,3.23,9.21
2025-02-12,57.04,162.0,595.6865991587993,0.36785992370802406,481,1017749.6785714285,131.08,14.53,9.54,63.29,13.09,15.91,4.4,3.3,8.81
2025-02-13,55.36,130.0,597.4399035342532,0.378193921433921,482,1019038.6857142857,127.64,14.38,9.46,61.67,13.31,15.56,4.33,3.26,8.57
2025-02-14,57.54,130.0,601.1217245521665,0.3672453537212566,483,1020327.6928571429,133.79,14.61,10.14,64.79,13.27,15.14,4.35,3.28,9.02
2025-02-15,57.59,155.0,606.3075690813362,0.36836354273135746,483,1021616.7,134.15,14.4,10.26,68.64,13.76,15.53,4.42,3.29,9.29
2025-02-16,58.66,131.0,610.0773863168724,0.3609431754823414,484,1022905.7071428571,135.37,14.67,10.43,70.11,13.86,14.5,4.48,3.34,9.13
2025-02-17,59.94,119.0,616.8008192628904,0.3561215005653913,484,1024194.7142857143,136.71,15.1,10.81,72.24,13.37,13.42,4.42,3.35,9.18
2025-02-18,59.62,87.0,620.6316917816509,0.35568710801430276,485,1025483.7214285715,130.42,15.37,10.39,72.31,13.8,14.01,4.5,3.36,9.41
2025-02-19,59.11,197.0,622.3239590292907,0.35856532366351385,486,1026772.7285714286,130.3,14.63,9.7,73.18,13.8,13.76,4.48,3.34,9.04
2025-02-20,57.36,130.0,625.9187439784556,0.3697146838279217,486,1028061.7357142858,121.42,14.12,9.52,72.74,14.1,13.81,4.57,3.33,8.86
2025-02-21,57.14,146.0,629.473301167998,0.37311655899411617,487,1029350.7428571429,126.4,14.0,10.21,77.23,14.31,14.23,4.72,3.36,9.07
2025-02-22,58.1,125.0,630.4203933067053,0.36569012057455735,487,1030639.75,130.39,14.15,10.38,87.47,14.3,14.12,4.81,3.38,9.14
2025-02-23,59.3,146.0,629.8973465867829,0.36052612994017846,488,1031928.7571428572,132.54,14.99,10.66,93.43,14.14,14.07,4.86,3.43,8.98
2025-02-24,59.52,102.0,627.7340693536673,0.3575494846383864,489,1033217.7642857144,126.1,14.77,10.57,102.15,13.74,13.84,4.9,3.4,9.13
2025-02-25,60.77,129.0,626.933593228032,0.3512990735220866,489,1034506.7714285714,134.41,14.55,10.98,104.93,14.54,14.24,4.87,3.39,9.55
2025-02-26,58.68,152.0,629.5279612079399,0.3637587750416059,490,1035795.7785714286,125.38,14.28,10.22,111.04,14.25,14.31,4.82,3.35,8.84
2025-02-27,57.8,148.0,628.0224471980151,0.3693748006105835,490,1037084.7857142858,123.36,14.15,10.02,98.16,13.99,13.81,4.8,3.39,8.73
2025-02-28,58.42,149.0,628.7799129448075,0.3653545096064884,491,1038373.7928571429,126.0,14.75,10.17,88.27,14.2,13.78,4.73,3.45,9.1
2025-03-01,60.69,198.0,628.2306072984749,0.3524274214478221,444,1039662.8,125.84,15.04,10.25,92.38,14.56,13.07,4.82,3.4,9.18
2025-03-02,60.82,137.0,630.4705945594287,0.3504205614411646,444,1039857.6032258065,129.48,14.87,10.62,87.71,14.36,13.68,4.79,3.37,9.29
2025-03-03,61.28,116.0,631.0085841503269,0.3492000467480543,444,1040052.406451613,130.75,15.26,10.62,90.43,14.5,13.49,4.85,3.45,9.17
2025-03-04,63.5,112.0,636.6038475550713,0.33780040761363633,444,1040247.2096774194,134.6,15.1,10.64,92.68,14.54,13.34,4.95,3.39,9.29
2025-03-05,61.7,182.0,640.5602968409587,0.349122975431889,444,1040442.0129032258,129.58,14.8,10.27,90.5,14.54,13.7,4.91,3.51,8.99
2025-03-06,59.44,168.0,643.1628753025901,0.36527226213539987,444,1040636.8161290323,127.45,14.56,9.92,102.33,14.27,14.04,5.03,3.57,8.94
2025-03-07,61.79,149.0,643.085836298717,0.351561061865741,445,1040831.6193548387,122.86,14.87,10.17,96.48,13.97,13.99,5.09,3.61,9.29
2025-03-08,59.3,145.0,648.2289669571533,0.36792981249509665,445,1041026.4225806452,130.15,15.22,10.52,99.42,14.12,13.73,4.95,3.61,9.61
2025-03-09,60.77,111.0,657.0709783042848,0.3592486436855516,445,1041221.2258064516,130.57,15.0,10.38,99.22,13.84,13.87,4.99,3.56,9.43
2025-03-10,59.29,96.0,662.6107916061488,0.36894842741176126,445,1041416.0290322581,129.86,15.66,10.62,98.75,13.84,13.36,5.12,3.45,9.31
2025-03-11,60.35,95.0,666.6624811788912,0.36433468294881993,445,1041610.8322580645,126.98,15.92,10.36,88.48,13.9,12.86,5.05,3.5,9.52
2025-03-12,57.25,153.0,670.1701662127815,0.38439749650944594,445,1041805.635483871,123.21,14.8,10.04,94.23,13.4,12.78,5.01,3.49,8.99
2025-03-13,57.11,168.0,669.4585699588478,0.38573252226212806,445,1042000.4387096774,121.51,14.81,10.16,92.74,13.55,13.46,4.9,3.49,9.05
2025-03-14,58.11,172.0,669.6530340111354,0.3811059415575487,445,1042195.2419354839,123.79,14.65,10.11,90.83,13.27,12.28,4.85,3.45,9.13
2025-03-15,59.71,186.0,669.8048940631809,0.3728778066592627,445,1042390.0451612903,123.81,15.0,10.19,82.55,13.13,12.24,4.83,3.47,9.38
2025-03-16,59.85,185.0,670.2113914609055,0.3708204842105902,445,1042584.8483870968,123.82,14.87,10.28,86.6,13.37,13.07,4.64,3.4,9.38
2025-03-17,59.2,105.0,674.8579075889616,0.3756369237414665,445,1042779.6516129032,126.07,14.96,10.09,84.15,13.14,12.93,4.7,3.39,9.13
2025-03-18,59.48,94.0,673.8517231299928,0.3774692405700275,445,1042974.4548387097,123.47,15.5,10.56,85.09,13.12,12.69,4.73,3.48,9.05
2025-03-19,55.78,197.0,670.6309004478336,0.40364471079272474,446,1043169.2580645161,121.78,14.41,10.2,83.28,13.07,12.43,4.67,3.37,8.98
2025-03-20,55.61,127.0,667.4838728516098,0.40156436300276904,446,1043364.0612903226,122.25,14.2,10.07,90.05,12.83,12.86,4.53,3.36,8.83
2025-03-21,58.23,170.0,667.4617743585087,0.38237497149953353,446,1043558.864516129,122.15,14.91,10.0,93.45,13.21,13.28,4.79,3.44,8.78
2025-03-22,58.35,142.0,664.5147548111838,0.38231765627723413,446,1043753.6677419355,121.25,14.5,10.16,93.16,13.41,13.05,4.96,3.41,9.37
2025-03-23,60.27,139.0,663.1982794420236,0.37037532786242217,446,1043948.4709677419,117.4,14.52,10.39,90.31,13.45,13.0,5.08,3.4,9.21
2025-03-24,59.05,98.0,661.2609131868796,0.37670601645250223,446,1044143.2741935484,120.62,15.1,10.48,88.82,13.51,13.6,4.92,3.33,9.63
2025-03-25,60.47,83.0,661.4722511801017,0.3680312283109802,446,1044338.0774193548,124.36,15.01,10.57,92.31,13.57,13.86,5.09,3.36,9.49
2025-03-26,58.1,139.0,662.6401955337691,0.3791573096184619,446,1044532.8806451613,123.59,14.35,9.89,96.21,13.38,14.04,4.83,3.35,8.89
2025-03-27,55.95,140.0,660.2810762527234,0.39527433865645323,446,1044727.6838709677,121.53,14.5,10.06,96.54,13.18,13.65,4.8,3.39,8.7
2025-03-28,59.86,147.0,661.5506072076978,0.37233251701629827,446,1044922.4870967742,121.05,14.86,10.09,92.91,13.24,13.77,4.9,3.38,9.33
2025-03-29,57.85,153.0,659.8577769002663,0.3833632005661419,446,1045117.2903225806,124.75,15.03,10.7,94.13,13.65,13.15,5.07,3.36,9.22
2025-03-30,58.26,129.0,660.9385074134591,0.37835280244678515,446,1045312.093548387,123.8,14.71,10.65,84.15,13.91,13.53,5.01,3.45,9.48
2025-03-31,59.99,130.0,660.7137583817479,0.36763039725628827,447,1045506.8967741935,122.36,15.03,10.38,96.11,13.67,14.08,5.08,3.47,9.35
2025-04-01,58.17,147.0,661.3245882050352,0.37816685033165015,462,1045701.7,120.33,14.68,9.91,90.92,13.62,13.12,4.93,3.34,9.35
2025-04-02,55.03,190.0,662.5232058218347,0.39941847640756595,461,1045464.87,115.56,13.94,9.81,81.98,13.68,12.78,4.68,3.36,8.52
2025-04-03,53.45,156.0,662.1242788671024,0.40888620721287944,461,1045228.0399999999,114.52,13.49,9.38,87.07,12.86,12.96,4.75,3.38,8.46
2025-04-04,55.49,164.0,660.869726821593,0.3932347925230055,461,1044991.21,116.83,14.08,9.85,95.63,13.76,13.17,4.74,3.39,9.12
2025-04-05,57.14,179.0,659.531973674655,0.3846868775252525,461,1044754.38,117.28,14.7,10.04,88.55,13.61,13.93,4.93,3.44,9.1
2025-04-06,55.5,132.0,660.4935013616558,0.39547247567789967,461,1044517.5499999999,113.91,14.49,10.18,89.6,13.29,12.69,4.91,3.46,9.15
2025-04-07,57.7,111.0,659.7631711752604,0.3796133773822108,461,1044280.72,120.36,15.03,9.92,90.23,13.66,12.9,4.97,3.43,9.1
2025-04-08,56.14,91.0,658.6156929920115,0.38875762766391747,461,1044043.89,118.88,14.43,9.53,86.41,13.12,13.2,4.79,3.43,8.76
2025-04-09,54.1,174.0,660.2506736867588,0.4026003226496413,461,1043807.0599999999,115.9,13.72,9.28,85.61,12.95,13.15,4.65,3.41,8.31
2025-04-10,53.71,130.0,662.3004092532075,0.40552909653329233,461,1043570.23,113.83,13.54,9.11,86.29,12.84,12.95,4.53,3.42,8.41
2025-04-11,54.24,148.0,665.1539269244736,0.4020896398043708,461,1043333.4,116.65,13.7,9.32,86.5,13.08,13.19,4.67,3.46,8.39
2025-04-12,55.23,179.0,666.3091112624062,0.3956327564275179,460,1043096.57,114.05,13.92,9.46,86.88,12.98,13.37,4.76,3.38,8.82
2025-04-13,55.55,115.0,667.3170015129508,0.39386200248088127,460,1042859.74,113.51,13.91,9.66,87.94,12.68,12.82,4.75,3.4,8.65
2025-04-14,55.49,92.0,669.0257892762043,0.39335311625698266,460,1042622.91,115.62,14.03,9.67,84.9,12.79,12.61,4.68,3.42,8.62
2025-04-15,56.89,115.0,668.1152322984749,0.3837991730599478,460,1042386.08,112.85,14.08,9.7,88.31,13.16,12.83,4.61,3.4,8.6
2025-04-16,54.64,175.0,667.820334543694,0.4001124769624845,460,1042149.25,115.32,13.56,9.44,85.43,12.73,12.79,4.54,3.39,8.33
2025-04-17,54.09,165.0,668.7129130355846,0.40527923737596855,460,1041912.42,113.82,13.48,9.33,84.81,12.87,12.61,4.53,3.38,8.31
2025-04-18,55.11,155.0,671.3536250000002,0.3992449817043023,460,1041675.59,114.26,13.26,9.44,86.25,12.72,12.47,4.52,3.35,8.23
2025-04-19,56.99,139.0,671.331734356088,0.3871136087641417,460,1041438.76,115.91,13.44,9.49,83.5,13.02,12.35,4.51,3.34,8.57
2025-04-20,55.73,128.0,674.2824885318324,0.39550522591317605,460,1041201.93,115.94,13.71,9.86,81.02,12.94,12.62,4.62,3.34,9.19
2025-04-21,57.53,115.0,678.1397395303801,0.3861951221952155,459,1040965.1,115.86,13.71,9.54,79.25,13.07,12.08,4.62,3.34,8.99
2025-04-22,56.95,111.0,679.460341291455,0.38794865242245835,459,1040728.27,114.58,13.41,9.39,88.3,12.54,11.7,4.6,3.36,8.75
2025-04-23,54.71,158.0,688.3311730815782,0.40474460526343675,459,1040491.4400000001,112.59,13.15,9.4,81.3,12.82,11.72,4.43,3.37,8.61
2025-04-24,55.02,160.0,692.5271650629388,0.40302875118140735,459,1040254.61,111.94,12.94,9.06,82.57,12.87,11.7,4.54,3.37,8.77
2025-04-25,55.03,164.0,699.0627187121762,0.402084716940832,459,1040017.78,113.43,13.17,9.45,82.1,12.68,12.07,4.67,3.38,8.67
2025-04-26,56.42,154.0,698.4177604998791,0.3913748869255178,459,1039780.9500000001,116.07,13.24,9.22,81.34,12.44,12.39,4.65,3.4,9.42
2025-04-27,58.32,155.0,697.2142194081338,0.38338962860352954,459,1039544.12,118.77,13.36,9.51,80.88,12.48,11.89,4.76,3.42,8.86
2025-04-28,59.29,146.0,696.0833422900025,0.37472476236347946,459,1039307.29,120.41,13.26,9.88,79.65,13.03,12.06,4.76,3.45,9.01
2025-04-29,58.0,107.0,701.1398880416365,0.3838097251339844,459,1039070.4600000001,120.02,13.71,9.42,79.71,12.85,12.39,4.83,3.61,9.46
2025-04-30,56.44,149.0,699.1704828733964,0.3949752191275668,459,1038833.63,121.08,13.43,9.29,81.68,13.11,12.57,5.04,3.74,9.44
2025-05-01,55.41,158.0,700.6568779653836,0.401284963220096,444,1038596.8,119.12,13.44,9.26,81.44,13.09,12.72,4.95,3.78,9.34
2025-05-02,58.06,149.0,699.5220626361655,0.38509826205291015,443,1037678.3225806452,120.42,13.61,9.44,82.88,13.42,12.82,5.88,4.09,9.65
2025-05-03,60.11,128.0,702.2513901295086,0.37838889649247626,443,1036759.8451612904,124.4,13.77,9.78,83.69,13.27,12.7,5.93,4.28,9.76
2025-05-04,60.79,212.0,708.6453003510046,0.380595491662956,442,1035841.3677419355,125.12,14.04,9.98,84.7,13.56,12.73,6.02,4.35,9.8
2025-05-05,60.94,87.0,719.3464375453885,0.3790680789316558,442,1034922.8903225807,125.27,14.57,10.06,83.4,13.54,12.76,5.87,4.34,9.97
2025-05-06,62.24,117.0,731.5900479605422,0.37573966164775646,442,1034004.4129032259,119.7,14.71,9.97,78.05,13.89,12.72,6.13,4.51,9.95
2025-05-07,59.7,186.0,734.4271290547083,0.3879802779767125,441,1033085.935483871,123.69,13.83,9.83,84.91,13.7,12.75,5.91,4.46,9.45
2025-05-08,58.34,147.0,715.7229901658192,0.3909516241071962,441,1032167.4580645162,123.9,13.91,9.7,84.42,13.98,12.71,5.37,4.0,9.26
2025-05-09,59.31,156.0,694.6506156499637,0.3793346013197825,440,1031248.9806451614,122.55,14.2,9.9,83.04,13.93,13.16,5.15,4.04,9.92
2025-05-10,61.28,146.0,692.1443794783346,0.3673307478251471,440,1030330.5032258065,123.91,14.6,9.97,81.12,14.06,12.94,4.95,3.96,10.25
2025-05-11,62.53,135.0,695.607362956911,0.3643495019583036,440,1029412.0258064517,125.1,14.48,9.88,86.29,13.81,12.84,5.17,3.94,10.11
2025-05-12,63.22,122.0,689.1930752541758,0.36020075504550997,439,1028493.5483870968,127.3,14.47,10.09,86.73,14.2,12.52,5.19,3.88,10.06
2025-05-13,63.35,113.0,686.7936805252965,0.3587078893858862,439,1027575.070967742,127.46,14.99,10.17,87.22,13.79,13.14,4.93,3.83,9.84
2025-05-14,61.56,161.0,673.4431170116195,0.36992621551764915,439,1026656.5935483872,126.66,14.68,9.92,88.61,14.24,13.44,5.07,3.84,9.45
2025-05-15,60.92,137.0,675.0599029895909,0.3717772129346922,438,1025738.1161290323,121.86,14.54,9.74,89.42,14.53,13.22,5.35,3.9,9.31
2025-05-16,61.51,145.0,681.7386665153716,0.36883346791931193,438,1024819.6387096775,120.02,14.56,10.18,89.59,14.48,13.48,5.13,4.02,9.62
2025-05-17,62.88,125.0,687.140796145001,0.36167386747175023,437,1023901.1612903225,124.44,14.87,10.37,87.14,14.08,13.7,4.99,4.0,9.81
2025-05-18,57.94,133.0,686.0204957637377,0.39162775819871454,437,1022982.6838709677,125.53,15.4,10.12,85.86,14.09,13.27,5.03,3.88,9.95
2025-05-19,63.62,113.0,690.0789000242074,0.3601659878687052,437,1022064.2064516129,123.62,15.3,10.52,87.79,14.36,13.62,5.11,3.98,9.8
2025-05-20,64.49,98.0,688.1111839748245,0.35619407854519214,436,1021145.729032258,123.82,15.2,10.32,85.93,14.5,13.89,5.18,4.02,9.71
2025-05-21,58.34,159.0,689.715554678044,0.39430403764593674,436,1020227.2516129032,121.67,15.05,10.17,92.19,14.53,13.42,5.22,4.02,9.38
2025-05-22,59.71,158.0,703.628287006778,0.387194144179295,435,1019308.7741935484,118.98,14.67,10.12,86.44,14.45,14.1,5.37,4.09,9.55
2025-05-23,60.07,157.0,707.618454157589,0.3863474678493421,435,1018390.2967741935,122.88,15.03,10.44,92.46,14.63,13.55,5.24,4.04,9.64
2025-05-24,62.16,148.0,714.7923429557009,0.37477966666432344,435,1017471.8193548387,125.03,14.91,10.33,92.46,14.32,13.46,5.29,4.06,9.67
2025-05-25,60.69,150.0,715.9012110566449,0.3868771203836913,434,1016553.3419354839,124.88,14.84,10.04,86.13,13.87,13.72,5.11,3.99,9.65
2025-05-26,61.82,96.0,715.948843076737,0.383515284052041,434,1015634.864516129,124.63,15.47,9.9,93.44,14.33,13.62,5.19,4.06,9.73
2025-05-27,62.07,107.0,718.6218015008473,0.38050948980552,433,1014716.3870967742,123.16,15.26,10.09,83.5,14.24,13.45,5.25,4.06,9.72
2025-05-28,59.36,149.0,721.1473416545631,0.39629597431884317,433,1013797.9096774193,121.47,14.58,10.02,86.18,14.42,13.69,5.47,4.1,9.33
2025-05-29,60.27,162.0,723.5567905168241,0.39121627917457186,433,1012879.4322580645,119.33,14.42,10.1,85.83,14.58,14.08,5.28,4.09,9.34
2025-05-30,60.76,124.0,722.504124727669,0.3896851362774122,432,1011960.9548387097,122.19,14.68,10.04,79.97,14.17,13.68,5.39,4.07,9.72
2025-05-31,60.31,160.0,723.773357358993,0.39315508469506394,432,1011042.4774193548,124.0,14.63,10.28,82.88,14.26,13.49,5.46,4.1,9.92
2025-06-01,61.39,186.0,724.2928059186639,0.3906682738205344,446,1010124.0,124.1,14.49,10.2,87.54,14.43,13.7,5.34,4.12,9.65
2025-06-02,61.79,114.0,725.9918589627209,0.38558451433725976,445,1007122.2,123.3,14.74,10.23,84.28,14.65,14.08,5.38,4.08,9.82
2025-06-03,60.3,82.0,728.8146147421934,0.3967514032257286,443,1004120.4,118.01,14.7,10.36,85.42,14.19,13.66,5.56,4.07,9.74
2025-06-04,58.74,179.0,727.1846292665214,0.40512590319755354,442,1001118.6,122.0,14.39,9.95,88.97,14.43,14.27,5.6,4.03,9.33
2025-06-05,56.22,114.0,725.1094356693294,0.4218024049275968,441,998116.8,123.46,14.67,9.98,84.45,14.6,14.0,5.61,4.1,9.25
2025-06-06,57.99,145.0,727.1581741709031,0.41107615533246167,439,995115.0,119.79,15.29,9.99,86.9,14.49,13.92,5.6,4.02,9.14
2025-06-07,60.35,187.0,725.690505567659,0.39504324567512833,438,992113.2,122.68,14.94,9.96,88.41,14.68,13.88,5.62,4.17,9.28
2025-06-08,59.39,135.0,724.6032371399175,0.40101906639835094,437,989111.4,124.99,15.05,10.15,86.18,14.32,13.78,5.51,4.09,9.5
2025-06-09,57.76,150.0,724.73819365771,0.41224490660169566,435,986109.6,124.43,14.83,10.08,90.52,14.21,14.08,5.52,4.05,9.71
2025-06-10,60.81,125.0,722.1848128479787,0.3933175463651679,434,983107.8,119.51,14.88,10.14,85.66,14.45,14.18,5.46,4.03,9.85
2025-06-11,58.56,162.0,721.8114878963929,0.40763611858678495,433,980106.0,119.8,14.6,9.86,88.75,14.46,13.8,5.25,3.99,9.15
2025-06-12,58.91,133.0,722.1220314996368,0.40605285390667795,431,977104.2,118.32,14.58,10.1,90.46,14.51,13.96,5.35,4.0,9.15
2025-06-13,60.31,131.0,723.9653679799079,0.40013531102941524,430,974102.4,122.77,14.96,10.22,91.4,14.93,14.22,5.37,4.11,9.38
2025-06-14,61.0,146.0,723.6486124425078,0.3939293733834407,429,971100.6,125.96,14.84,10.07,93.18,14.91,13.99,5.68,4.07,9.3
2025-06-15,61.8,137.0,723.0542568082791,0.39005279772491636,427,968098.8,129.11,15.14,10.23,86.97,15.02,14.4,5.44,4.13,9.49
2025-06-16,62.3,117.0,722.5235141612201,0.38718648282711376,426,965097.0,125.84,14.81,10.22,81.99,14.99,14.1,5.49,4.07,9.37
2025-06-17,60.33,103.0,716.0394676531107,0.3984815496493665,425,962095.2,127.98,15.29,10.54,91.91,15.3,14.09,5.44,4.09,10.07
2025-06-18,58.65,187.0,716.0332494553377,0.40880084388612203,423,959093.4,127.7,14.78,9.96,87.46,15.35,13.99,5.2,4.01,9.32
2025-06-19,60.68,145.0,719.6155780380054,0.3942390510830049,422,956091.6,126.71,14.52,10.32,91.13,15.43,13.93,5.14,4.0,9.3
2025-06-20,60.15,173.0,720.0241516884532,0.3991162931038237,421,953089.8,129.42,14.55,10.14,85.11,15.33,14.22,5.23,4.0,9.37
2025-06-21,60.78,121.0,717.8591236686033,0.3960324712616844,419,950088.0,127.16,14.53,10.03,84.45,15.25,14.18,5.32,4.0,9.48
2025-06-22,61.49,162.0,719.3917882473978,0.3927058999251777,418,947086.2,129.26,14.73,10.08,88.17,15.0,14.33,5.26,3.95,9.18
2025-06-23,62.73,121.0,718.8754525841201,0.3877109328994374,417,944084.4,126.09,14.82,10.09,86.54,14.85,13.98,5.25,3.88,9.36
2025-06-24,60.52,92.0,719.4853123940934,0.40188868245530524,415,941082.6,127.13,14.74,10.13,83.98,14.04,13.83,5.22,3.87,9.22
2025-06-25,57.02,142.0,719.5252285766159,0.4264475642781137,414,938080.8,123.31,14.8,10.07,89.12,14.58,14.26,5.19,3.96,8.99
2025-06-26,59.7,146.0,723.7961934458968,0.4103059412330702,413,935079.0,124.97,14.52,10.02,86.01,14.88,14.62,5.12,4.0,9.07
2025-06-27,59.57,178.0,724.5826281771969,0.41265420277448234,411,932077.2,128.4,14.97,9.97,86.52,14.62,14.73,5.16,4.02,9.16
2025-06-28,60.28,175.0,724.7781824316146,0.40874132042872174,410,929075.4,131.85,14.83,9.96,89.48,14.64,14.83,5.21,4.12,9.41
2025-06-29,61.22,98.0,726.8741014282255,0.4050406846882193,409,926073.6,127.31,15.08,10.16,86.26,14.5,14.97,5.21,4.2,9.34
2025-06-30,61.39,124.0,728.4338779048657,0.40422617530959937,407,923071.8,128.89,15.1,10.37,85.57,14.79,15.14,5.3,4.31,9.61
2025-07-01,61.72,135.0,731.2528032861293,0.4015797081516661,393,920070.0,133.75,15.55,10.47,87.03,15.02,15.76,5.43,4.38,9.99
2025-07-02,60.78,163.0,732.6304163640764,0.40639313992285375,393,920339.6516129032,131.93,15.07,10.45,86.9,15.14,15.79,5.49,4.44,9.69
2025-07-03,59.41,134.0,732.6162564451706,0.41524635581097685,393,920609.3032258064,134.55,14.94,10.34,87.65,15.14,16.21,5.52,4.51,9.85
2025-07-04,60.66,200.0,734.3308089748245,0.41017173175029265,393,920878.9548387097,138.65,15.8,10.63,89.15,15.13,16.35,5.75,4.57,10.3
2025-07-05,62.43,130.0,735.0064990922294,0.39689037059957344,393,921148.6064516129,141.17,15.73,10.77,80.79,15.12,16.54,5.6,4.53,10.17
2025-07-06,62.07,126.0,737.275197379569,0.40101930186056006,394,921418.2580645161,132.18,15.29,10.79,84.67,15.26,16.79,5.48,4.59,9.55
2025-07-07,62.23,137.0,735.5888848946985,0.39832330656713905,394,921687.9096774193,148.15,13.83,10.71,84.67,15.29,15.89,5.41,4.48,10.75
2025-07-08,64.34,157.0,734.4257527535704,0.3876045427150771,394,921957.5612903226,149.62,16.0,11.08,93.36,15.14,15.1,5.56,4.34,10.28
2025-07-09,58.55,130.0,731.7070870249336,0.4228019060717743,394,922227.2129032258,140.6,16.05,10.2,93.31,15.42,16.3,5.45,4.46,9.6
2025-07-10,60.9,195.0,731.4160560699587,0.4075681129385336,394,922496.864516129,134.66,14.66,10.08,93.61,15.58,15.55,5.3,4.6,9.29
2025-07-11,62.87,167.0,730.0160577342048,0.3969361386269764,394,922766.5161290322,137.79,15.74,10.99,94.73,15.0,15.55,5.6,4.59,8.85
2025-07-12,63.38,261.0,730.540059791818,0.3938878163120274,394,923036.1677419355,150.83,16.12,10.82,92.07,16.9,17.37,5.76,4.75,9.58
2025-07-13,68.43,143.0,732.1768405047204,0.3651420291847702,394,923305.8193548387,162.02,17.41,11.1,94.07,17.38,17.52,5.84,5.02,9.77
2025-07-14,62.97,78.0,730.3832850096829,0.39515804140226146,394,923575.4709677419,139.72,17.04,10.56,98.94,16.95,16.22,5.47,5.12,9.65
2025-07-15,71.1,128.0,731.6249943718227,0.35012425849493584,395,923845.1225806451,167.79,16.07,10.48,100.69,15.0,17.52,6.08,5.02,11.04
2025-07-16,64.02,104.0,722.659774600581,0.3876029085727236,395,924114.7741935484,144.7,15.07,10.3,103.27,17.07,18.2,5.59,5.06,10.46
2025-07-17,68.47,176.0,716.3400415456306,0.3636468499429977,395,924384.4258064516,153.18,15.83,10.58,99.6,17.38,17.15,6.1,4.84,9.63
2025-07-18,69.15,149.0,713.5698232268215,0.3548273362579035,395,924654.0774193548,156.61,17.06,11.52,104.06,17.32,16.63,5.76,5.17,10.01
2025-07-19,69.65,181.0,711.9508595376423,0.3482013365274365,395,924923.729032258,167.35,16.82,10.29,104.95,17.64,18.58,5.73,5.09,10.0
2025-07-20,69.87,145.0,703.5499520394578,0.34255108171496645,395,925193.3806451613,154.85,15.04,11.24,99.13,17.89,18.41,5.25,4.71,10.49
2025-07-21,73.8,121.0,680.7662628903413,0.31874160311668454,395,925463.0322580645,124.09,14.77,10.69,93.31,19.0,17.67,5.56,4.73,10.73
2025-07-22,74.74,109.0,675.8012446441542,0.30371893625829766,395,925732.6838709677,146.86,17.44,11.53,87.17,17.88,16.76,5.48,5.0,9.8
2025-07-23,63.18,94.0,686.1825788549987,0.36176511454526994,396,926002.3354838709,137.51,16.79,9.7,95.74,17.02,16.2,0.61,4.2,9.38
2025-07-24,59.77,145.0,689.8993752420721,0.3781465017214865,396,926271.9870967742,141.24,16.66,11.75,90.86,19.45,17.43,5.61,4.79,10.19
2025-07-25,68.55,163.0,690.5688110324377,0.33512158675708525,396,926541.6387096774,135.24,15.41,11.58,94.95,19.0,16.23,6.38,4.54,11.75
2025-07-26,65.12,134.0,694.6967358387801,0.35251439254680783,396,926811.2903225806,142.03,17.06,11.27,93.77,19.51,17.44,5.76,4.59,11.08
2025-07-27,70.81,119.0,701.4477024933431,0.32668204777449844,396,927080.9419354838,150.78,17.07,10.76,96.51,16.91,17.01,5.82,4.76,11.31
2025-07-28,69.2,117.0,695.3297759017187,0.3346497313099615,396,927350.593548387,150.01,15.38,11.6,98.45,19.87,17.36,6.02,4.76,9.54
2025-07-29,67.98,118.0,693.9723512466715,0.3409571377007876,396,927620.2451612903,145.69,17.46,11.71,102.31,17.23,16.71,5.6,4.78,10.71
2025-07-30,64.39,167.0,692.1410802469136,0.3573463758715123,396,927889.8967741935,141.99,14.79,9.75,92.23,16.8,16.72,5.48,4.56,9.33
2025-07-31,60.88,216.0,691.1622607722101,0.3796053408576934,396,928159.5483870967,143.94,16.54,10.21,85.11,18.41,17.65,5.34,4.49,9.2
2025-08-01,66.66,161.0,690.8390052953279,0.34781255317160914,397,928429.2,144.35,15.12,10.56,93.7,18.37,16.78,5.28,4.62,9.54
2025-08-02,63.67,164.0,688.7737512708787,0.3583115461849873,397,928348.9129032257,149.84,16.27,10.28,95.72,17.45,17.41,5.66,4.9,11.17
2025-08-03,61.8,208.0,690.8266045146455,0.37134148013454926,397,928268.6258064515,143.34,15.09,10.04,99.41,18.84,17.35,5.39,4.89,11.45
2025-08-04,66.66,141.0,689.8587020697169,0.3466509914197645,396,928188.3387096773,147.88,15.55,11.4,99.4,17.42,17.69,5.79,4.69,11.33
2025-08-05,61.15,139.0,691.4424548232872,0.3756762549441786,396,928108.0516129032,152.86,15.55,11.19,100.02,18.16,14.39,5.98,4.65,11.48
2025-08-06,57.85,152.0,690.9227734809973,0.39618901823956215,396,928027.764516129,143.24,15.57,10.35,99.2,17.26,17.26,5.7,4.59,9.42
2025-08-07,61.8,206.0,689.3898215625755,0.37374295918987704,396,927947.4774193548,143.24,15.82,10.47,83.95,17.79,18.01,6.46,4.49,9.88
2025-08-08,61.26,173.0,687.09903325466,0.37476044230495037,396,927867.1903225806,144.95,16.33,9.64,104.39,17.94,16.92,5.81,4.56,10.41
2025-08-09,67.5,183.0,684.9415808823529,0.3408381757662337,396,927786.9032258064,138.6,15.65,10.48,95.5,17.62,17.31,5.35,4.69,9.86
2025-08-10,67.63,125.0,683.6800519547324,0.33625640350604286,396,927706.6161290322,136.03,15.4,9.29,107.13,18.08,18.4,5.36,4.31,10.08
2025-08-11,65.94,159.0,683.819519426289,0.34491181939168136,396,927626.329032258,152.73,15.37,10.71,102.0,16.96,17.48,6.32,4.7,10.26
2025-08-12,67.87,167.0,681.8116459392398,0.335990336255119,396,927546.0419354838,144.1,16.18,10.91,104.68,18.28,16.85,5.99,4.5,9.61
2025-08-13,57.64,102.0,681.0198424110384,0.3944778944659431,396,927465.7548387097,137.8,14.16,9.61,106.85,17.82,16.84,5.29,4.65,9.06
2025-08-14,63.04,156.0,680.6489440813361,0.36166418098015557,396,927385.4677419355,145.59,15.72,9.89,103.51,18.13,18.02,5.49,4.46,9.28
2025-08-15,58.83,136.0,682.3829134894697,0.38881853155927454,396,927305.1806451613,133.46,14.42,9.36,103.68,16.8,17.4,5.25,4.79,9.32
2025-08-16,60.17,159.0,686.2596084785764,0.38026912659505535,396,927224.8935483871,143.88,14.9,10.86,92.13,17.53,16.75,5.26,4.4,9.21
2025-08-17,56.91,148.0,686.3886490559186,0.3996267647893682,396,927144.6064516129,133.62,16.27,10.39,96.34,16.83,17.02,5.37,4.4,9.08
2025-08-18,61.0,113.0,687.6620005446624,0.37493859038415656,396,927064.3193548387,133.0,15.78,10.97,100.63,16.53,15.2,5.27,4.58,8.63
2025-08-19,58.85,115.0,691.587496126846,0.3895484422488948,396,926984.0322580645,148.01,15.82,10.04,101.55,16.15,17.52,6.25,4.44,9.35
2025-08-20,57.82,126.0,692.9961714778505,0.3992895175164275,396,926903.7451612903,133.63,14.85,9.67,97.1,18.05,16.9,5.86,4.34,9.09
2025-08-21,57.82,126.0,691.8742226761075,0.4008838771727554,396,926823.4580645162,133.63,14.85,9.67,97.1,18.05,16.9,5.86,4.34,9.09
2025-08-22,57.01,146.0,691.6871790123456,0.4039958180812494,396,926743.170967742,132.88,16.82,11.37,96.0,17.15,16.89,5.32,4.29,8.76
2025-08-23,57.46,196.0,693.3835065056887,0.40250098954227065,396,926662.8838709678,134.86,15.78,9.39,100.87,16.11,16.04,5.87,4.52,9.8
2025-08-24,57.45,139.0,693.1137294541273,0.4029625815629185,396,926582.5967741936,142.02,16.22,12.01,100.4,16.71,17.23,6.12,4.39,9.17
2025-08-25,59.55,160.0,692.9237785645122,0.3880152643310625,396,926502.3096774194,136.15,16.59,11.09,101.36,18.0,15.86,5.61,4.31,9.95
2025-08-26,61.98,122.0,695.9490449951586,0.37632979038955,396,926422.0225806452,126.69,15.58,12.5,101.56,17.85,7.13,5.94,4.4,9.99
2025-08-27,60.98,171.0,697.4349415395787,0.3869133605573696,396,926341.735483871,126.9,14.83,9.89,103.94,17.98,16.98,5.21,4.09,8.64
2025-08-28,58.47,147.0,701.5140098946987,0.4059953022127127,396,926261.4483870968,128.59,15.95,10.86,102.68,17.79,17.14,6.03,4.03,9.19
2025-08-29,54.8,150.0,704.817701131687,0.43442660594425936,396,926181.1612903227,131.13,14.84,11.2,95.0,14.58,16.8,5.37,4.3,9.22
2025-08-30,54.77,164.0,710.0237519970951,0.435348937915033,396,926100.8741935485,139.97,15.66,11.49,96.79,17.98,17.65,5.71,4.0,9.25
2025-08-31,59.7,132.0,714.729971647301,0.4026731473216896,396,926020.5870967743,132.26,14.86,11.09,97.95,17.97,15.85,5.65,4.0,9.55
2025-09-01,60.01,147.0,713.3509146695716,0.39778262284458726,409,925940.3,142.56,17.16,11.9,92.78,17.22,16.16,6.03,4.13,10.99
2025-09-02,58.16,108.0,716.8460467804405,0.410566050958397,409,926683.7633333334,132.47,16.16,10.79,99.01,16.42,17.35,6.32,4.14,7.79
2025-09-03,55.63,224.0,717.556366013072,0.43167533182678325,409,927427.2266666667,127.26,14.4,9.91,96.84,16.88,17.46,5.39,4.16,8.99
2025-09-04,59.01,202.0,720.109600308642,0.4079513789048837,410,928170.6900000001,133.34,14.32,10.41,97.2,16.8,15.75,5.91,4.23,8.91
2025-09-05,60.25,157.0,723.2933021665455,0.399927785915731,410,928914.1533333333,128.16,15.83,10.11,98.0,16.99,17.11,5.76,4.23,9.43
2025-09-06,60.97,160.0,723.2548389917696,0.39477716196747686,410,929657.6166666667,132.13,15.69,10.52,92.0,16.81,18.05,5.8,4.25,9.38
2025-09-07,57.97,140.0,723.9262697591383,0.41300138613687737,411,930401.0800000001,124.78,14.97,9.84,98.99,17.47,17.97,5.81,4.19,9.3
2025-09-08,57.97,140.0,723.6464691660613,0.41220981750529945,411,931144.5433333333,124.78,14.97,9.84,98.99,17.47,17.97,5.81,4.19,9.3
2025-09-09,60.79,152.0,721.4791297204066,0.3963562886221195,411,931888.0066666667,135.57,15.78,10.99,89.93,17.16,17.16,6.4,4.32,9.31
2025-09-10,56.39,130.0,719.2423056160737,0.4276754109433613,412,932631.47,136.0,14.56,10.56,91.02,16.22,15.43,6.31,4.46,9.27
2025-09-11,52.9,191.0,718.2358144214477,0.45562696261760205,412,933374.9333333333,129.83,13.94,9.44,98.99,17.13,16.66,6.52,4.77,8.95
2025-09-12,53.64,184.0,719.2602892156864,0.44953079969313725,412,934118.3966666667,120.69,13.88,10.6,98.94,17.06,15.7,6.36,5.04,9.47
2025-09-13,57.02,259.0,718.0221949588478,0.42403972122688577,413,934861.86,115.47,15.14,11.06,94.19,17.32,16.15,6.33,5.04,9.03
2025-09-14,53.01,218.0,717.2877025538611,0.4551500507184073,413,935605.3233333334,127.38,16.34,11.23,91.63,14.95,16.26,6.27,5.0,9.78
2025-09-15,53.39,146.0,717.1410292302107,0.4499755861215482,413,936348.7866666666,127.6,16.23,9.09,84.22,15.0,15.12,6.14,4.75,9.41
2025-09-16,59.35,173.0,716.8547171084482,0.4046989315499375,400,937092.25,129.3,15.82,10.41,84.75,14.71,15.52,6.05,4.74,10.11
2025-09-17,53.69,207.0,717.1059798172354,0.4461548165652791,400,937835.7133333334,119.71,13.61,9.01,81.53,16.53,15.01,5.55,4.75,9.51
2025-09-18,52.45,205.0,718.4779410554346,0.45672801026415205,400,938579.1766666666,119.63,13.86,8.74,88.84,16.18,15.23,5.44,4.57,8.45
2025-09-19,55.38,169.0,719.835881929315,0.4332608555933384,401,939322.64,118.13,14.83,9.95,84.81,16.67,15.08,5.54,4.62,9.31
2025-09-20,52.39,253.0,719.9840577644638,0.45682764616836974,401,940066.1033333333,111.55,14.44,8.5,81.55,16.96,14.88,5.64,4.44,8.86
2025-09-21,56.37,203.0,718.3170941055437,0.42950082214792734,401,940809.5666666667,111.57,14.09,8.45,82.83,17.21,14.98,5.46,4.22,9.05
2025-09-22,57.32,133.0,717.0264992435245,0.42198834992097506,402,941553.03,119.38,14.12,8.98,81.02,15.0,15.82,5.09,3.94,9.39
2025-09-23,57.45,176.0,717.3255692326316,0.42316503751484824,402,942296.4933333333,114.68,14.03,10.01,83.0,15.79,15.75,5.06,3.96,8.49
2025-09-24,50.25,177.0,715.9273875877514,0.47911427790033034,402,943039.9566666667,112.04,13.11,8.19,81.37,13.57,13.57,5.31,4.35,8.07
2025-09-25,56.0,221.0,713.6668051924472,0.4354646963778813,403,943783.4199999999,118.69,13.49,9.38,87.11,14.54,15.35,5.59,4.39,8.0
2025-09-26,54.51,193.0,713.5693383865894,0.44510332194644225,403,944526.8833333333,112.55,12.97,9.09,90.79,16.3,15.95,5.06,4.33,8.51
2025-09-27,56.06,286.0,713.754847131445,0.43527532096451194,403,945270.3466666667,122.19,14.88,9.37,87.28,14.98,14.78,5.5,4.26,8.52
2025-09-28,54.52,152.0,713.2628945170662,0.44568287822056063,404,946013.8099999999,118.74,13.91,9.44,87.4,14.72,14.06,5.41,4.12,7.8
2025-09-29,56.05,200.0,712.4761959271361,0.4332665923479026,404,946757.2733333333,119.38,14.33,8.12,91.09,16.42,15.45,5.07,4.03,8.37
2025-09-30,52.82,176.0,712.3395501997096,0.45793279152150573,404,947500.7366666666,120.6,12.52,9.05,91.46,14.09,14.46,4.88,4.05,8.69
2025-10-01,54.53,135.0,711.4501017610747,0.44184390461692147,392,948244.2,106.74,12.34,9.15,89.67,15.89,13.94,4.61,4.13,7.84
2025-10-02,48.6,152.0,711.5914032014041,0.4958391013046315,392,949316.3999999999,117.58,13.67,9.42,85.97,14.33,13.97,5.65,4.01,7.75
2025-10-03,52.38,190.0,711.0497161704187,0.46234252821169053,392,950388.6,114.42,13.65,8.69,79.21,15.51,15.23,5.63,4.0,7.95
2025-10-04,53.41,239.0,711.3609517066086,0.4562490892261914,393,951460.7999999999,110.14,13.92,9.32,81.61,14.28,14.55,5.33,4.0,9.7
2025-10-05,49.07,226.0,710.7078495824254,0.49855537077729,393,952533.0,117.36,14.31,10.23,80.97,15.26,15.48,4.94,3.91,9.15
2025-10-06,49.07,226.0,707.9618186879691,0.4980715853106399,394,953605.2,117.36,14.31,10.23,80.97,15.26,15.48,4.94,3.91,9.15
2025-10-07,51.73,133.0,706.1610291696925,0.47524356527472766,394,954677.4,114.46,14.14,9.56,81.81,13.71,14.78,5.53,4.14,8.61
2025-10-08,51.86,227.0,708.5115846344712,0.4755726435798381,395,955749.6,108.48,13.7,9.85,80.53,15.37,13.99,5.05,3.93,9.0
2025-10-09,52.79,234.0,705.5042695775841,0.46886795247099317,395,956821.7999999999,109.1,13.94,10.44,79.3,14.72,14.75,5.22,3.96,7.87
2025-10-10,54.36,211.0,708.0136781348343,0.45384207401619076,396,957894.0,114.97,10.99,10.52,82.8,14.63,14.86,5.1,4.01,9.34
2025-10-11,54.64,254.0,705.9242921508111,0.4538067199568312,396,958966.2,106.9,15.92,11.41,79.17,15.27,14.58,5.67,3.94,9.23
2025-10-12,52.52,192.0,707.0913038610505,0.4737455693397993,396,960038.4,111.03,17.01,12.26,75.16,14.74,14.35,5.77,4.04,9.91
2025-10-13,52.17,210.0,706.6113003207456,0.4777793347079724,397,961110.6,117.87,16.67,10.04,81.01,15.95,15.56,6.01,4.02,8.07
2025-10-14,53.19,172.0,705.6963779956427,0.47165156299346495,397,962182.7999999999,120.96,17.63,11.5,83.27,16.34,15.9,6.13,4.19,9.1
2025-10-15,49.64,157.0,710.9244747337207,0.5056337769612116,398,963255.0,116.0,14.6,11.27,82.37,16.82,16.31,5.96,3.99,8.26
2025-10-16,53.91,201.0,714.7033872851609,0.4736754415024201,398,964327.2,114.32,17.14,12.28,85.02,17.18,16.09,5.96,4.02,9.13
2025-10-17,54.87,223.0,715.9382139917695,0.47124100890286874,399,965399.4,113.73,16.51,11.45,85.16,16.98,16.79,5.75,4.03,9.83
2025-10-18,54.34,268.0,716.4447426167999,0.4746275698718359,399,966471.6,112.8,16.47,12.27,75.36,16.94,17.01,5.7,3.9,7.97
2025-10-19,49.51,222.0,717.0261988925199,0.5167745788120583,400,967543.8,113.55,15.65,12.12,81.08,17.43,16.99,5.72,4.09,9.16
2025-10-20,56.68,123.0,713.6350980392156,0.45260334983409634,400,968616.0,115.0,16.86,11.39,86.25,14.8,15.74,5.07,3.95,8.97
2025-10-21,57.06,159.0,715.2059312212541,0.4492230356503247,400,969688.2,111.81,14.73,9.72,79.72,16.89,16.23,5.7,3.91,8.72
2025-10-22,55.55,180.0,716.1579023238925,0.4622794534661864,401,970760.4,114.12,14.28,9.95,77.86,17.02,15.96,5.23,3.87,8.65
2025-10-23,40.77,460.0,344.7244616315663,0.5729621774744206,401,971832.6,87.84,11.02,8.1,65.74,11.02,11.06,4.14,3.17,7.53
2025-10-24,37.12,504.0,260.55183823529416,0.5469697326323559,402,972904.8,83.0,10.32,8.27,49.65,10.44,10.01,3.58,2.44,6.73
2025-10-25,46.59,340.0,315.1400671750181,0.4724659938964919,402,973977.0,94.45,13.14,8.82,63.96,12.8,12.54,4.55,3.68,8.04
2025-10-26,49.5,248.0,309.39854502541755,0.45310056314539626,403,975049.2,96.88,13.11,9.37,72.39,13.89,13.0,4.75,3.48,8.03
2025-10-27,45.37,180.0,309.7474467743888,0.4969953247494795,403,976121.4,99.68,13.59,8.68,69.54,13.27,12.8,4.7,3.51,7.99
2025-10-28,46.02,168.0,309.8401600096829,0.4849076303508082,403,977193.6,91.5,12.5,9.62,69.58,12.52,11.28,4.67,3.36,6.89
2025-10-29,46.02,168.0,304.7309925562818,0.4785176189981014,404,978265.8,91.5,12.5,9.62,69.58,12.52,11.28,4.67,3.36,6.89
2025-10-30,46.02,168.0,386.7390396090536,0.48179720371480667,404,979338.0,91.5,12.5,9.62,69.58,12.52,11.28,4.67,3.36,6.89
2025-10-31,46.02,168.0,388.5291115952553,0.48753056516837795,405,980410.2000000001,91.5,12.5,9.62,69.58,12.52,11.28,4.67,3.36,6.89
2025-11-01,46.02,168.0,419.8638300351005,0.49400442712470954,419,981482.4,91.5,12.5,9.62,69.58,12.52,11.28,4.67,3.36,6.89
2025-11-02,46.02,168.0,467.0309108569353,0.4972194009421294,419,981805.55,91.5,12.5,9.62,69.58,12.52,11.28,4.67,3.36,6.89
2025-11-03,50.65,189.0,463.30878022875817,0.45241358612845295,419,982128.7000000001,104.82,13.57,10.22,79.53,14.16,14.59,5.27,4.07,8.29
2025-11-04,51.35,196.0,441.030985717744,0.4393812585366197,419,982451.85,104.53,12.74,10.08,78.95,14.17,14.93,5.3,4.16,8.48
2025-11-05,45.11,205.0,440.6288437726944,0.4955484976259125,419,982775.0,91.87,14.52,10.32,78.6,14.96,14.92,5.14,4.09,8.33
2025-11-06,45.86,203.0,438.87273193536686,0.48066406203473944,419,983098.15,102.74,11.96,9.72,73.47,13.31,14.8,5.39,4.18,8.48
2025-11-07,47.26,175.0,437.04043497337216,0.46721596149243655,420,983421.3,101.41,14.42,10.35,77.22,14.93,11.27,5.01,3.94,7.96
2025-11-08,49.32,207.0,432.32924098281296,0.44734386534244414,420,983744.4500000001,102.15,12.4,10.35,73.0,12.34,12.18,5.32,4.11,8.06
2025-11-09,48.18,203.0,412.7841749273784,0.4554989198745546,420,984067.6,92.55,13.31,10.6,63.33,14.07,13.31,5.4,3.94,7.81
2025-11-10,42.3,176.0,407.2718341503268,0.5015296213355654,420,984390.75,91.69,13.32,10.37,73.18,13.87,12.8,4.83,3.52,8.21
2025-11-11,46.13,168.0,408.18235763132407,0.4587708707868318,420,984713.9,94.81,14.7,10.19,73.5,12.56,12.68,5.43,3.59,8.17
2025-11-12,44.03,176.0,412.3700918663762,0.4838077177855277,420,985037.05,91.7,12.32,10.29,69.38,14.72,13.18,4.85,3.68,7.21
2025-11-13,42.38,199.0,416.2441882716051,0.5002772912024659,420,985360.2000000001,88.04,12.1,8.55,67.0,14.27,11.78,4.66,3.5,6.9
2025-11-14,45.56,255.0,419.3366094166061,0.46426490090511857,421,985683.35,92.0,11.89,10.54,67.08,12.88,11.27,4.67,3.38,8.03
2025-11-15,39.55,218.0,417.93966394335513,0.5254728733704465,421,986006.5,88.49,12.84,10.35,68.98,14.54,12.63,4.96,3.61,7.61
